CREATE DATABASE  IF NOT EXISTS `db_parivaar` /*!40100 DEFAULT CHARACTER SET latin1 */;
USE `db_parivaar`;
-- MySQL dump 10.13  Distrib 8.0.31, for Win64 (x86_64)
--
-- Host: 13.232.235.82    Database: db_parivaar
-- ------------------------------------------------------
-- Server version	5.7.38

/*!40101 SET @OLD_CHARACTER_SET_CLIENT=@@CHARACTER_SET_CLIENT */;
/*!40101 SET @OLD_CHARACTER_SET_RESULTS=@@CHARACTER_SET_RESULTS */;
/*!40101 SET @OLD_COLLATION_CONNECTION=@@COLLATION_CONNECTION */;
/*!50503 SET NAMES utf8 */;
/*!40103 SET @OLD_TIME_ZONE=@@TIME_ZONE */;
/*!40103 SET TIME_ZONE='+00:00' */;
/*!40014 SET @OLD_UNIQUE_CHECKS=@@UNIQUE_CHECKS, UNIQUE_CHECKS=0 */;
/*!40014 SET @OLD_FOREIGN_KEY_CHECKS=@@FOREIGN_KEY_CHECKS, FOREIGN_KEY_CHECKS=0 */;
/*!40101 SET @OLD_SQL_MODE=@@SQL_MODE, SQL_MODE='NO_AUTO_VALUE_ON_ZERO' */;
/*!40111 SET @OLD_SQL_NOTES=@@SQL_NOTES, SQL_NOTES=0 */;

--
-- Table structure for table `ambulance_details`
--

DROP TABLE IF EXISTS `ambulance_details`;
/*!40101 SET @saved_cs_client     = @@character_set_client */;
/*!50503 SET character_set_client = utf8mb4 */;
CREATE TABLE `ambulance_details` (
  `id` bigint(20) unsigned NOT NULL AUTO_INCREMENT,
  `ambulance_id` bigint(20) unsigned NOT NULL,
  `policy_company` varchar(255) COLLATE utf8mb4_unicode_ci DEFAULT NULL,
  `policy_number` varchar(255) COLLATE utf8mb4_unicode_ci DEFAULT NULL,
  `insurance_available` enum('Yes','Not Available') COLLATE utf8mb4_unicode_ci DEFAULT NULL,
  `insurance_start_date` date DEFAULT NULL,
  `insurance_valid_upto` date DEFAULT NULL,
  `insurance_upload_path` varchar(255) COLLATE utf8mb4_unicode_ci DEFAULT NULL,
  `puc_available` enum('Yes','Not Available') COLLATE utf8mb4_unicode_ci DEFAULT NULL,
  `puc_certificate_validity` date DEFAULT NULL,
  `puc_certificates_path` varchar(255) COLLATE utf8mb4_unicode_ci DEFAULT NULL,
  `fitness_available` enum('Yes','Not Available') COLLATE utf8mb4_unicode_ci DEFAULT NULL,
  `fitness_certificate_validity` date DEFAULT NULL,
  `fitness_certificate_upload_path` varchar(255) COLLATE utf8mb4_unicode_ci DEFAULT NULL,
  `supplier_name` varchar(255) COLLATE utf8mb4_unicode_ci DEFAULT NULL,
  `bank_id` bigint(20) unsigned DEFAULT NULL,
  `payment_date` date DEFAULT NULL,
  `created_at` timestamp NULL DEFAULT NULL,
  `updated_at` timestamp NULL DEFAULT NULL,
  `deleted_at` timestamp NULL DEFAULT NULL,
  PRIMARY KEY (`id`),
  KEY `ambulance_details_ambulance_id_foreign` (`ambulance_id`),
  KEY `ambulance_details_bank_id_foreign` (`bank_id`),
  CONSTRAINT `ambulance_details_ambulance_id_foreign` FOREIGN KEY (`ambulance_id`) REFERENCES `ambulances` (`id`),
  CONSTRAINT `ambulance_details_bank_id_foreign` FOREIGN KEY (`bank_id`) REFERENCES `bank_lists` (`id`)
) ENGINE=InnoDB AUTO_INCREMENT=8 DEFAULT CHARSET=utf8mb4 COLLATE=utf8mb4_unicode_ci;
/*!40101 SET character_set_client = @saved_cs_client */;

--
-- Dumping data for table `ambulance_details`
--

LOCK TABLES `ambulance_details` WRITE;
/*!40000 ALTER TABLE `ambulance_details` DISABLE KEYS */;
INSERT INTO `ambulance_details` VALUES (1,1,'United India','XYZ123456',NULL,NULL,NULL,NULL,NULL,NULL,NULL,NULL,NULL,NULL,NULL,1,NULL,NULL,NULL,NULL),(4,6,NULL,NULL,'Yes',NULL,NULL,NULL,'Not Available',NULL,NULL,'Not Available',NULL,NULL,NULL,1,NULL,'2024-01-08 10:10:51','2024-01-10 13:18:46',NULL),(5,7,NULL,NULL,'Yes',NULL,NULL,NULL,'Not Available',NULL,NULL,'Yes',NULL,NULL,NULL,1,NULL,'2024-01-08 10:17:44','2024-01-21 10:42:39',NULL),(6,8,NULL,NULL,'Not Available',NULL,NULL,NULL,'Not Available',NULL,NULL,'Not Available',NULL,NULL,NULL,NULL,NULL,'2024-01-11 05:37:18','2024-01-11 05:37:18',NULL),(7,9,NULL,NULL,'Yes',NULL,NULL,NULL,'Yes',NULL,NULL,'Yes',NULL,NULL,NULL,NULL,NULL,'2024-02-20 06:26:19','2024-02-20 06:26:19',NULL);
/*!40000 ALTER TABLE `ambulance_details` ENABLE KEYS */;
UNLOCK TABLES;

--
-- Table structure for table `ambulance_inventories`
--

DROP TABLE IF EXISTS `ambulance_inventories`;
/*!40101 SET @saved_cs_client     = @@character_set_client */;
/*!50503 SET character_set_client = utf8mb4 */;
CREATE TABLE `ambulance_inventories` (
  `id` bigint(20) unsigned NOT NULL AUTO_INCREMENT,
  `ambulance_id` bigint(20) unsigned NOT NULL,
  `name` varchar(255) COLLATE utf8mb4_unicode_ci NOT NULL,
  `unit_of_measurement` varchar(255) COLLATE utf8mb4_unicode_ci NOT NULL,
  `capacity` int(11) NOT NULL,
  `quantity` int(11) NOT NULL,
  `status` enum('Added','Consumed') COLLATE utf8mb4_unicode_ci NOT NULL DEFAULT 'Added',
  `date` date DEFAULT NULL,
  `created_by` bigint(20) unsigned DEFAULT NULL,
  `updated_by` bigint(20) unsigned DEFAULT NULL,
  `created_at` timestamp NULL DEFAULT NULL,
  `updated_at` timestamp NULL DEFAULT NULL,
  `deleted_at` timestamp NULL DEFAULT NULL,
  PRIMARY KEY (`id`),
  KEY `ambulance_inventories_ambulance_id_foreign` (`ambulance_id`),
  CONSTRAINT `ambulance_inventories_ambulance_id_foreign` FOREIGN KEY (`ambulance_id`) REFERENCES `ambulances` (`id`) ON DELETE CASCADE
) ENGINE=InnoDB AUTO_INCREMENT=9 DEFAULT CHARSET=utf8mb4 COLLATE=utf8mb4_unicode_ci;
/*!40101 SET character_set_client = @saved_cs_client */;

--
-- Dumping data for table `ambulance_inventories`
--

LOCK TABLES `ambulance_inventories` WRITE;
/*!40000 ALTER TABLE `ambulance_inventories` DISABLE KEYS */;
INSERT INTO `ambulance_inventories` VALUES (3,1,'Oxyzen Cylinder','Litre',40,40,'Consumed','2023-12-12',NULL,2,'2023-12-22 06:15:55','2023-12-26 11:41:34',NULL),(4,1,'Oxyzen Cylinder','Litre',40,2,'Added','2023-12-26',NULL,NULL,'2023-12-26 11:40:41','2023-12-26 11:40:41',NULL),(5,7,'oxygen','Litre',20,14,'Added',NULL,1,1,'2024-01-08 15:41:08','2024-01-10 05:44:15',NULL),(6,1,'Bedsheet','units',1,1,'Added',NULL,1,NULL,'2024-01-09 10:48:32','2024-01-09 10:48:32',NULL),(7,6,'Bedsheet','units',2,1,'Added','2024-01-10',1,1,'2024-01-09 16:00:54','2024-01-10 13:19:11',NULL),(8,1,'Stretchers','Each',1,6,'Consumed','2023-12-12',13,8,'2024-01-10 13:51:42','2024-01-10 13:55:42',NULL);
/*!40000 ALTER TABLE `ambulance_inventories` ENABLE KEYS */;
UNLOCK TABLES;

--
-- Table structure for table `ambulance_shifts`
--

DROP TABLE IF EXISTS `ambulance_shifts`;
/*!40101 SET @saved_cs_client     = @@character_set_client */;
/*!50503 SET character_set_client = utf8mb4 */;
CREATE TABLE `ambulance_shifts` (
  `id` bigint(20) NOT NULL AUTO_INCREMENT,
  `ambulance_mapping_id` bigint(20) NOT NULL,
  `user_type` enum('Driver','Attendant') DEFAULT NULL,
  `type` enum('Permanent','Temporary') DEFAULT NULL,
  `service_area_id` bigint(20) DEFAULT NULL,
  `station_area` varchar(255) DEFAULT NULL,
  `start_time` time DEFAULT NULL,
  `end_time` time DEFAULT NULL,
  `date` date DEFAULT NULL,
  `created_by` bigint(20) DEFAULT NULL,
  `updated_by` bigint(20) DEFAULT NULL,
  `created_at` timestamp NOT NULL DEFAULT CURRENT_TIMESTAMP,
  `updated_at` timestamp NOT NULL DEFAULT CURRENT_TIMESTAMP ON UPDATE CURRENT_TIMESTAMP,
  `deleted_at` timestamp NULL DEFAULT NULL,
  PRIMARY KEY (`id`)
) ENGINE=InnoDB AUTO_INCREMENT=170 DEFAULT CHARSET=utf8mb4;
/*!40101 SET character_set_client = @saved_cs_client */;

--
-- Dumping data for table `ambulance_shifts`
--

LOCK TABLES `ambulance_shifts` WRITE;
/*!40000 ALTER TABLE `ambulance_shifts` DISABLE KEYS */;
INSERT INTO `ambulance_shifts` VALUES (1,11,'Driver','Permanent',NULL,'Indore',NULL,NULL,'2024-01-23',1,NULL,'2024-01-23 11:45:51','2024-01-23 11:45:51',NULL),(2,8,'Attendant','Temporary',NULL,'Indore',NULL,NULL,'2024-01-23',1,NULL,'2024-01-23 11:46:06','2024-01-23 11:46:06',NULL),(3,12,'Driver','Permanent',7,'Sehore',NULL,NULL,'2024-01-01',1,NULL,'2024-01-23 11:46:51','2024-01-23 11:46:51',NULL),(4,12,'Driver','Permanent',7,'Sehore',NULL,NULL,'2024-01-02',1,NULL,'2024-01-23 11:46:51','2024-01-23 11:46:51',NULL),(5,12,'Driver','Permanent',7,'Sehore',NULL,NULL,'2024-01-03',1,NULL,'2024-01-23 11:46:51','2024-01-23 11:46:51',NULL),(6,12,'Driver','Permanent',7,'Sehore',NULL,NULL,'2024-01-04',1,NULL,'2024-01-23 11:46:51','2024-01-23 11:46:51',NULL),(7,12,'Driver','Permanent',7,'Sehore',NULL,NULL,'2024-01-05',1,NULL,'2024-01-23 11:46:51','2024-01-23 11:46:51',NULL),(8,12,'Driver','Permanent',7,'Sehore',NULL,NULL,'2024-01-06',1,NULL,'2024-01-23 11:46:51','2024-01-23 11:46:51',NULL),(9,12,'Driver','Permanent',7,'Sehore',NULL,NULL,'2024-01-07',1,NULL,'2024-01-23 11:46:51','2024-01-23 11:46:51',NULL),(10,12,'Driver','Permanent',7,'Sehore',NULL,NULL,'2024-01-08',1,NULL,'2024-01-23 11:46:51','2024-01-23 11:46:51',NULL),(11,12,'Driver','Permanent',7,'Sehore',NULL,NULL,'2024-01-09',1,NULL,'2024-01-23 11:46:51','2024-01-23 11:46:51',NULL),(12,12,'Driver','Permanent',7,'Sehore',NULL,NULL,'2024-01-10',1,NULL,'2024-01-23 11:46:51','2024-01-23 11:46:51',NULL),(13,12,'Driver','Permanent',7,'Sehore',NULL,NULL,'2024-01-11',1,NULL,'2024-01-23 11:46:51','2024-01-23 11:46:51',NULL),(14,12,'Driver','Permanent',7,'Sehore',NULL,NULL,'2024-01-12',1,NULL,'2024-01-23 11:46:51','2024-01-23 11:46:51',NULL),(15,12,'Driver','Permanent',7,'Sehore',NULL,NULL,'2024-01-13',1,NULL,'2024-01-23 11:46:51','2024-01-23 11:46:51',NULL),(16,12,'Driver','Permanent',7,'Sehore',NULL,NULL,'2024-01-14',1,NULL,'2024-01-23 11:46:51','2024-01-23 11:46:51',NULL),(17,12,'Driver','Permanent',7,'Sehore',NULL,NULL,'2024-01-15',1,NULL,'2024-01-23 11:46:51','2024-01-23 11:46:51',NULL),(18,12,'Driver','Permanent',7,'Sehore',NULL,NULL,'2024-01-16',1,NULL,'2024-01-23 11:46:51','2024-01-23 11:46:51',NULL),(19,12,'Driver','Permanent',7,'Sehore',NULL,NULL,'2024-01-17',1,NULL,'2024-01-23 11:46:51','2024-01-23 11:46:51',NULL),(20,12,'Driver','Permanent',7,'Sehore',NULL,NULL,'2024-01-18',1,NULL,'2024-01-23 11:46:51','2024-01-23 11:46:51',NULL),(21,12,'Driver','Permanent',7,'Sehore',NULL,NULL,'2024-01-19',1,NULL,'2024-01-23 11:46:51','2024-01-23 11:46:51',NULL),(22,12,'Driver','Permanent',7,'Sehore',NULL,NULL,'2024-01-20',1,NULL,'2024-01-23 11:46:51','2024-01-23 11:46:51',NULL),(23,12,'Driver','Permanent',7,'Sehore',NULL,NULL,'2024-01-21',1,NULL,'2024-01-23 11:46:51','2024-01-23 11:46:51',NULL),(24,12,'Driver','Permanent',7,'Sehore',NULL,NULL,'2024-01-22',1,NULL,'2024-01-23 11:46:51','2024-01-23 11:46:51',NULL),(25,12,'Driver','Permanent',7,'Sehore',NULL,NULL,'2024-01-23',1,NULL,'2024-01-23 11:46:51','2024-01-23 11:46:51',NULL),(26,12,'Driver','Permanent',7,'Sehore',NULL,NULL,'2024-01-24',1,NULL,'2024-01-23 11:46:51','2024-01-23 11:46:51',NULL),(27,12,'Driver','Permanent',7,'Sehore',NULL,NULL,'2024-01-25',1,NULL,'2024-01-23 11:46:51','2024-01-23 11:46:51',NULL),(28,12,'Driver','Permanent',7,'Sehore',NULL,NULL,'2024-01-26',1,NULL,'2024-01-23 11:46:51','2024-01-23 11:46:51',NULL),(29,12,'Driver','Permanent',7,'Sehore',NULL,NULL,'2024-01-27',1,NULL,'2024-01-23 11:46:51','2024-01-23 11:46:51',NULL),(30,12,'Driver','Permanent',7,'Sehore',NULL,NULL,'2024-01-28',1,NULL,'2024-01-23 11:46:51','2024-01-23 11:46:51',NULL),(31,12,'Driver','Permanent',7,'Sehore',NULL,NULL,'2024-01-29',1,NULL,'2024-01-23 11:46:51','2024-01-23 11:46:51',NULL),(32,12,'Driver','Permanent',7,'Sehore',NULL,NULL,'2024-01-30',1,NULL,'2024-01-23 11:46:51','2024-01-23 11:46:51',NULL),(33,12,'Driver','Permanent',7,'Sehore',NULL,NULL,'2024-01-31',1,NULL,'2024-01-23 11:46:51','2024-01-23 11:46:51',NULL),(34,13,'Driver','Permanent',1,'Indore',NULL,NULL,'2024-01-23',1,NULL,'2024-01-23 11:50:13','2024-01-23 11:50:13',NULL),(35,14,'Driver','Permanent',1,'Indore',NULL,NULL,'2024-01-23',1,NULL,'2024-01-31 09:34:18','2024-01-31 09:34:18',NULL),(36,13,'Driver','Permanent',1,'Indore',NULL,NULL,'2024-01-24',1,NULL,'2024-01-31 09:41:16','2024-01-31 09:41:16',NULL),(37,15,'Driver','Permanent',1,'Indore',NULL,NULL,'2024-02-01',1,NULL,'2024-02-01 06:51:40','2024-02-01 06:51:40',NULL),(38,15,'Driver','Permanent',1,'Indore',NULL,NULL,'2024-02-02',1,NULL,'2024-02-01 06:51:40','2024-02-01 06:51:40',NULL),(39,15,'Driver','Permanent',1,'Indore',NULL,NULL,'2024-02-03',1,NULL,'2024-02-01 06:51:40','2024-02-01 06:51:40',NULL),(40,15,'Driver','Permanent',1,'Indore',NULL,NULL,'2024-02-04',1,NULL,'2024-02-01 06:51:40','2024-02-01 06:51:40',NULL),(41,15,'Driver','Permanent',1,'Indore',NULL,NULL,'2024-02-05',1,NULL,'2024-02-01 06:51:40','2024-02-01 06:51:40',NULL),(42,15,'Driver','Permanent',1,'Indore',NULL,NULL,'2024-02-06',1,NULL,'2024-02-01 06:51:40','2024-02-01 06:51:40',NULL),(43,15,'Driver','Permanent',1,'Indore',NULL,NULL,'2024-02-07',1,NULL,'2024-02-01 06:51:40','2024-02-01 06:51:40',NULL),(44,15,'Driver','Permanent',1,'Indore',NULL,NULL,'2024-02-08',1,NULL,'2024-02-01 06:51:40','2024-02-01 06:51:40',NULL),(45,15,'Driver','Permanent',1,'Indore',NULL,NULL,'2024-02-09',1,NULL,'2024-02-01 06:51:40','2024-02-01 06:51:40',NULL),(46,15,'Driver','Permanent',1,'Indore',NULL,NULL,'2024-02-10',1,NULL,'2024-02-01 06:51:40','2024-02-01 06:51:40',NULL),(47,15,'Driver','Permanent',1,'Indore',NULL,NULL,'2024-02-11',1,NULL,'2024-02-01 06:51:40','2024-02-01 06:51:40',NULL),(48,15,'Driver','Permanent',1,'Indore',NULL,NULL,'2024-02-12',1,NULL,'2024-02-01 06:51:40','2024-02-01 06:51:40',NULL),(49,15,'Driver','Permanent',1,'Indore',NULL,NULL,'2024-02-13',1,NULL,'2024-02-01 06:51:40','2024-02-01 06:51:40',NULL),(50,15,'Driver','Permanent',1,'Indore',NULL,NULL,'2024-02-14',1,NULL,'2024-02-01 06:51:40','2024-02-01 06:51:40',NULL),(51,15,'Driver','Permanent',1,'Indore',NULL,NULL,'2024-02-15',1,NULL,'2024-02-01 06:51:40','2024-02-01 06:51:40',NULL),(52,15,'Driver','Permanent',1,'Indore',NULL,NULL,'2024-02-16',1,NULL,'2024-02-01 06:51:40','2024-02-01 06:51:40',NULL),(53,15,'Driver','Permanent',1,'Indore',NULL,NULL,'2024-02-17',1,NULL,'2024-02-01 06:51:40','2024-02-01 06:51:40',NULL),(54,15,'Driver','Permanent',1,'Indore',NULL,NULL,'2024-02-18',1,NULL,'2024-02-01 06:51:40','2024-02-01 06:51:40',NULL),(55,15,'Driver','Permanent',1,'Indore',NULL,NULL,'2024-02-19',1,NULL,'2024-02-01 06:51:40','2024-02-01 06:51:40',NULL),(56,15,'Driver','Permanent',1,'Indore',NULL,NULL,'2024-02-20',1,NULL,'2024-02-01 06:51:40','2024-02-01 06:51:40',NULL),(57,15,'Driver','Permanent',1,'Indore',NULL,NULL,'2024-02-21',1,NULL,'2024-02-01 06:51:40','2024-02-01 06:51:40',NULL),(58,15,'Driver','Permanent',1,'Indore',NULL,NULL,'2024-02-22',1,NULL,'2024-02-01 06:51:40','2024-02-01 06:51:40',NULL),(59,15,'Driver','Permanent',1,'Indore',NULL,NULL,'2024-02-23',1,NULL,'2024-02-01 06:51:40','2024-02-01 06:51:40',NULL),(60,15,'Driver','Permanent',1,'Indore',NULL,NULL,'2024-02-24',1,NULL,'2024-02-01 06:51:40','2024-02-01 06:51:40',NULL),(61,15,'Driver','Permanent',1,'Indore',NULL,NULL,'2024-02-25',1,NULL,'2024-02-01 06:51:40','2024-02-01 06:51:40',NULL),(62,15,'Driver','Permanent',1,'Indore',NULL,NULL,'2024-02-26',1,NULL,'2024-02-01 06:51:40','2024-02-01 06:51:40',NULL),(63,15,'Driver','Permanent',1,'Indore',NULL,NULL,'2024-02-27',1,NULL,'2024-02-01 06:51:40','2024-02-01 06:51:40',NULL),(64,15,'Driver','Permanent',1,'Indore',NULL,NULL,'2024-02-28',1,NULL,'2024-02-01 06:51:40','2024-02-01 06:51:40',NULL),(65,15,'Driver','Permanent',1,'Indore',NULL,NULL,'2024-02-29',1,NULL,'2024-02-01 06:51:40','2024-02-01 06:51:40',NULL),(66,16,'Driver','Permanent',5,'ujjain',NULL,NULL,'2024-02-01',1,NULL,'2024-02-01 07:01:34','2024-02-01 07:01:34',NULL),(67,16,'Driver','Permanent',5,'ujjain',NULL,NULL,'2024-02-02',1,NULL,'2024-02-01 07:01:34','2024-02-01 07:01:34',NULL),(68,16,'Driver','Permanent',5,'ujjain',NULL,NULL,'2024-02-03',1,NULL,'2024-02-01 07:01:34','2024-02-01 07:01:34',NULL),(69,16,'Driver','Permanent',5,'ujjain',NULL,NULL,'2024-02-04',1,NULL,'2024-02-01 07:01:34','2024-02-01 07:01:34',NULL),(70,16,'Driver','Permanent',5,'ujjain',NULL,NULL,'2024-02-05',1,NULL,'2024-02-01 07:01:34','2024-02-01 07:01:34',NULL),(71,16,'Driver','Permanent',5,'ujjain',NULL,NULL,'2024-02-06',1,NULL,'2024-02-01 07:01:34','2024-02-01 07:01:34',NULL),(72,16,'Driver','Permanent',5,'ujjain',NULL,NULL,'2024-02-07',1,NULL,'2024-02-01 07:01:34','2024-02-01 07:01:34',NULL),(73,16,'Driver','Permanent',5,'ujjain',NULL,NULL,'2024-02-08',1,NULL,'2024-02-01 07:01:34','2024-02-01 07:01:34',NULL),(74,16,'Driver','Permanent',5,'ujjain',NULL,NULL,'2024-02-09',1,NULL,'2024-02-01 07:01:34','2024-02-01 07:01:34',NULL),(75,16,'Driver','Permanent',5,'ujjain',NULL,NULL,'2024-02-10',1,NULL,'2024-02-01 07:01:34','2024-02-01 07:01:34',NULL),(76,16,'Driver','Permanent',5,'ujjain',NULL,NULL,'2024-02-11',1,NULL,'2024-02-01 07:01:34','2024-02-01 07:01:34',NULL),(77,16,'Driver','Permanent',5,'ujjain',NULL,NULL,'2024-02-12',1,NULL,'2024-02-01 07:01:34','2024-02-01 07:01:34',NULL),(78,16,'Driver','Permanent',5,'ujjain',NULL,NULL,'2024-02-13',1,NULL,'2024-02-01 07:01:34','2024-02-01 07:01:34',NULL),(79,16,'Driver','Permanent',5,'ujjain',NULL,NULL,'2024-02-14',1,NULL,'2024-02-01 07:01:34','2024-02-01 07:01:34',NULL),(80,16,'Driver','Permanent',5,'ujjain',NULL,NULL,'2024-02-15',1,NULL,'2024-02-01 07:01:34','2024-02-01 07:01:34',NULL),(81,16,'Driver','Permanent',5,'ujjain',NULL,NULL,'2024-02-16',1,NULL,'2024-02-01 07:01:34','2024-02-01 07:01:34',NULL),(82,16,'Driver','Permanent',5,'ujjain',NULL,NULL,'2024-02-17',1,NULL,'2024-02-01 07:01:34','2024-02-01 07:01:34',NULL),(83,16,'Driver','Permanent',5,'ujjain',NULL,NULL,'2024-02-18',1,NULL,'2024-02-01 07:01:34','2024-02-01 07:01:34',NULL),(84,16,'Driver','Permanent',5,'ujjain',NULL,NULL,'2024-02-19',1,NULL,'2024-02-01 07:01:34','2024-02-01 07:01:34',NULL),(85,16,'Driver','Permanent',5,'ujjain',NULL,NULL,'2024-02-20',1,NULL,'2024-02-01 07:01:34','2024-02-01 07:01:34',NULL),(86,16,'Driver','Permanent',5,'ujjain',NULL,NULL,'2024-02-21',1,NULL,'2024-02-01 07:01:34','2024-02-01 07:01:34',NULL),(87,16,'Driver','Permanent',5,'ujjain',NULL,NULL,'2024-02-22',1,NULL,'2024-02-01 07:01:34','2024-02-01 07:01:34',NULL),(88,16,'Driver','Permanent',5,'ujjain',NULL,NULL,'2024-02-23',1,NULL,'2024-02-01 07:01:34','2024-02-01 07:01:34',NULL),(89,16,'Driver','Permanent',5,'ujjain',NULL,NULL,'2024-02-24',1,NULL,'2024-02-01 07:01:34','2024-02-01 07:01:34',NULL),(90,16,'Driver','Permanent',5,'ujjain',NULL,NULL,'2024-02-25',1,NULL,'2024-02-01 07:01:34','2024-02-01 07:01:34',NULL),(91,16,'Driver','Permanent',5,'ujjain',NULL,NULL,'2024-02-26',1,NULL,'2024-02-01 07:01:34','2024-02-01 07:01:34',NULL),(92,16,'Driver','Permanent',5,'ujjain',NULL,NULL,'2024-02-27',1,NULL,'2024-02-01 07:01:34','2024-02-01 07:01:34',NULL),(93,16,'Driver','Permanent',5,'ujjain',NULL,NULL,'2024-02-28',1,NULL,'2024-02-01 07:01:34','2024-02-01 07:01:34',NULL),(94,16,'Driver','Permanent',5,'ujjain',NULL,NULL,'2024-02-29',1,NULL,'2024-02-01 07:01:34','2024-02-01 07:01:34',NULL),(95,17,'Driver','Permanent',1,'Indore',NULL,NULL,'2024-02-01',1,NULL,'2024-02-01 07:02:12','2024-02-01 07:02:12',NULL),(96,17,'Driver','Permanent',1,'Indore',NULL,NULL,'2024-02-02',1,NULL,'2024-02-01 07:02:12','2024-02-01 07:02:12',NULL),(97,17,'Driver','Permanent',1,'Indore',NULL,NULL,'2024-02-03',1,NULL,'2024-02-01 07:02:12','2024-02-01 07:02:12',NULL),(98,17,'Driver','Permanent',1,'Indore',NULL,NULL,'2024-02-04',1,NULL,'2024-02-01 07:02:12','2024-02-01 07:02:12',NULL),(99,17,'Driver','Permanent',1,'Indore',NULL,NULL,'2024-02-05',1,NULL,'2024-02-01 07:02:12','2024-02-01 07:02:12',NULL),(100,17,'Driver','Permanent',1,'Indore',NULL,NULL,'2024-02-06',1,NULL,'2024-02-01 07:02:12','2024-02-01 07:02:12',NULL),(101,17,'Driver','Permanent',1,'Indore',NULL,NULL,'2024-02-07',1,NULL,'2024-02-01 07:02:12','2024-02-01 07:02:12',NULL),(102,17,'Driver','Permanent',1,'Indore',NULL,NULL,'2024-02-08',1,NULL,'2024-02-01 07:02:12','2024-02-01 07:02:12',NULL),(103,17,'Driver','Permanent',1,'Indore',NULL,NULL,'2024-02-09',1,NULL,'2024-02-01 07:02:12','2024-02-01 07:02:12',NULL),(104,17,'Driver','Permanent',1,'Indore',NULL,NULL,'2024-02-10',1,NULL,'2024-02-01 07:02:12','2024-02-01 07:02:12',NULL),(105,17,'Driver','Permanent',1,'Indore',NULL,NULL,'2024-02-11',1,NULL,'2024-02-01 07:02:12','2024-02-01 07:02:12',NULL),(106,17,'Driver','Permanent',1,'Indore',NULL,NULL,'2024-02-12',1,NULL,'2024-02-01 07:02:12','2024-02-01 07:02:12',NULL),(107,17,'Driver','Permanent',1,'Indore',NULL,NULL,'2024-02-13',1,NULL,'2024-02-01 07:02:12','2024-02-01 07:02:12',NULL),(108,17,'Driver','Permanent',1,'Indore',NULL,NULL,'2024-02-14',1,NULL,'2024-02-01 07:02:12','2024-02-01 07:02:12',NULL),(109,17,'Driver','Permanent',1,'Indore',NULL,NULL,'2024-02-15',1,NULL,'2024-02-01 07:02:12','2024-02-01 07:02:12',NULL),(110,17,'Driver','Permanent',1,'Indore',NULL,NULL,'2024-02-16',1,NULL,'2024-02-01 07:02:12','2024-02-01 07:02:12',NULL),(111,17,'Driver','Permanent',1,'Indore',NULL,NULL,'2024-02-17',1,NULL,'2024-02-01 07:02:12','2024-02-01 07:02:12',NULL),(112,17,'Driver','Permanent',1,'Indore',NULL,NULL,'2024-02-18',1,NULL,'2024-02-01 07:02:12','2024-02-01 07:02:12',NULL),(113,17,'Driver','Permanent',1,'Indore',NULL,NULL,'2024-02-19',1,NULL,'2024-02-01 07:02:12','2024-02-01 07:02:12',NULL),(114,17,'Driver','Permanent',1,'Indore',NULL,NULL,'2024-02-20',1,NULL,'2024-02-01 07:02:12','2024-02-01 07:02:12',NULL),(115,17,'Driver','Permanent',1,'Indore',NULL,NULL,'2024-02-21',1,NULL,'2024-02-01 07:02:12','2024-02-01 07:02:12',NULL),(116,17,'Driver','Permanent',1,'Indore',NULL,NULL,'2024-02-22',1,NULL,'2024-02-01 07:02:12','2024-02-01 07:02:12',NULL),(117,17,'Driver','Permanent',1,'Indore',NULL,NULL,'2024-02-23',1,NULL,'2024-02-01 07:02:12','2024-02-01 07:02:12',NULL),(118,17,'Driver','Permanent',1,'Indore',NULL,NULL,'2024-02-24',1,NULL,'2024-02-01 07:02:12','2024-02-01 07:02:12',NULL),(119,17,'Driver','Permanent',1,'Indore',NULL,NULL,'2024-02-25',1,NULL,'2024-02-01 07:02:12','2024-02-01 07:02:12',NULL),(120,17,'Driver','Permanent',1,'Indore',NULL,NULL,'2024-02-26',1,NULL,'2024-02-01 07:02:12','2024-02-01 07:02:12',NULL),(121,17,'Driver','Permanent',1,'Indore',NULL,NULL,'2024-02-27',1,NULL,'2024-02-01 07:02:12','2024-02-01 07:02:12',NULL),(122,17,'Driver','Permanent',1,'Indore',NULL,NULL,'2024-02-28',1,NULL,'2024-02-01 07:02:13','2024-02-01 07:02:13',NULL),(123,17,'Driver','Permanent',1,'Indore',NULL,NULL,'2024-02-29',1,NULL,'2024-02-01 07:02:13','2024-02-01 07:02:13',NULL),(124,18,'Driver','Permanent',2,'Indore',NULL,NULL,'2024-02-01',1,NULL,'2024-02-01 07:02:45','2024-02-01 07:02:45',NULL),(128,18,'Driver','Permanent',2,'Indore',NULL,NULL,'2024-02-05',1,NULL,'2024-02-01 07:02:45','2024-02-01 07:02:45',NULL),(129,18,'Driver','Permanent',2,'Indore',NULL,NULL,'2024-02-06',1,NULL,'2024-02-01 07:02:45','2024-02-01 07:02:45',NULL),(130,18,'Driver','Permanent',2,'Indore',NULL,NULL,'2024-02-07',1,NULL,'2024-02-01 07:02:45','2024-02-01 07:02:45',NULL),(131,18,'Driver','Permanent',2,'Indore',NULL,NULL,'2024-02-08',1,NULL,'2024-02-01 07:02:45','2024-02-01 07:02:45',NULL),(132,18,'Driver','Permanent',2,'Indore',NULL,NULL,'2024-02-09',1,NULL,'2024-02-01 07:02:45','2024-02-01 07:02:45',NULL),(133,18,'Driver','Permanent',2,'Indore',NULL,NULL,'2024-02-10',1,NULL,'2024-02-01 07:02:45','2024-02-01 07:02:45',NULL),(140,18,'Driver','Permanent',2,'Indore',NULL,NULL,'2024-02-17',1,NULL,'2024-02-01 07:02:45','2024-02-01 07:02:45',NULL),(141,18,'Driver','Permanent',2,'Indore',NULL,NULL,'2024-02-18',1,NULL,'2024-02-01 07:02:45','2024-02-01 07:02:45',NULL),(142,18,'Driver','Permanent',2,'Indore',NULL,NULL,'2024-02-19',1,NULL,'2024-02-01 07:02:45','2024-02-01 07:02:45',NULL),(143,18,'Driver','Permanent',2,'Indore',NULL,NULL,'2024-02-20',1,NULL,'2024-02-01 07:02:45','2024-02-01 07:02:45',NULL),(144,18,'Driver','Permanent',2,'Indore',NULL,NULL,'2024-02-21',1,NULL,'2024-02-01 07:02:45','2024-02-01 07:02:45',NULL),(145,18,'Driver','Permanent',2,'Indore',NULL,NULL,'2024-02-22',1,NULL,'2024-02-01 07:02:45','2024-02-01 07:02:45',NULL),(146,18,'Driver','Permanent',2,'Indore',NULL,NULL,'2024-02-23',1,NULL,'2024-02-01 07:02:45','2024-02-01 07:02:45',NULL),(147,18,'Driver','Permanent',2,'Indore',NULL,NULL,'2024-02-24',1,NULL,'2024-02-01 07:02:45','2024-02-01 07:02:45',NULL),(148,18,'Driver','Permanent',2,'Indore',NULL,NULL,'2024-02-25',1,NULL,'2024-02-01 07:02:45','2024-02-01 07:02:45',NULL),(149,18,'Driver','Permanent',2,'Indore',NULL,NULL,'2024-02-26',1,NULL,'2024-02-01 07:02:45','2024-02-01 07:02:45',NULL),(150,18,'Driver','Permanent',2,'Indore',NULL,NULL,'2024-02-27',1,NULL,'2024-02-01 07:02:45','2024-02-01 07:02:45',NULL),(151,18,'Driver','Permanent',2,'Indore',NULL,NULL,'2024-02-28',1,NULL,'2024-02-01 07:02:45','2024-02-01 07:02:45',NULL),(153,19,'Attendant','Permanent',6,'Ujjain',NULL,NULL,'2024-02-01',1,NULL,'2024-02-01 09:38:08','2024-02-01 09:38:08',NULL),(154,20,'Driver','Permanent',3,'as',NULL,NULL,'2024-02-02',1,NULL,'2024-02-02 10:13:37','2024-02-02 10:13:37',NULL),(155,22,'Driver','Permanent',1,'as',NULL,NULL,'2024-02-15',1,NULL,'2024-02-14 06:21:34','2024-02-14 06:21:34',NULL),(156,24,'Driver','Permanent',1,'Indore',NULL,NULL,'2024-02-13',1,NULL,'2024-02-14 10:15:38','2024-02-14 10:15:38',NULL),(157,24,'Driver','Permanent',1,'Indore',NULL,NULL,'2024-02-16',1,NULL,'2024-02-14 10:16:22','2024-02-14 10:16:22',NULL),(169,32,'Driver','Permanent',8,'sehore',NULL,NULL,'2024-02-01',1,NULL,'2024-02-15 17:15:57','2024-02-15 17:15:57',NULL);
/*!40000 ALTER TABLE `ambulance_shifts` ENABLE KEYS */;
UNLOCK TABLES;

--
-- Table structure for table `ambulance_user_mappings`
--

DROP TABLE IF EXISTS `ambulance_user_mappings`;
/*!40101 SET @saved_cs_client     = @@character_set_client */;
/*!50503 SET character_set_client = utf8mb4 */;
CREATE TABLE `ambulance_user_mappings` (
  `id` bigint(20) NOT NULL AUTO_INCREMENT,
  `ambulance_id` bigint(20) NOT NULL,
  `shift_type_id` bigint(20) NOT NULL,
  `user_id` bigint(20) NOT NULL,
  `created_at` timestamp NOT NULL DEFAULT CURRENT_TIMESTAMP,
  `updated_at` timestamp NOT NULL DEFAULT CURRENT_TIMESTAMP ON UPDATE CURRENT_TIMESTAMP,
  `deleted_at` timestamp NULL DEFAULT NULL,
  PRIMARY KEY (`id`)
) ENGINE=InnoDB AUTO_INCREMENT=33 DEFAULT CHARSET=utf8mb4;
/*!40101 SET character_set_client = @saved_cs_client */;

--
-- Dumping data for table `ambulance_user_mappings`
--

LOCK TABLES `ambulance_user_mappings` WRITE;
/*!40000 ALTER TABLE `ambulance_user_mappings` DISABLE KEYS */;
INSERT INTO `ambulance_user_mappings` VALUES (3,1,1,19,'2024-01-17 14:53:38','2024-01-17 14:53:38',NULL),(6,2,2,19,'2024-01-19 11:12:01','2024-01-19 11:12:01',NULL),(7,3,1,17,'2024-01-22 06:17:40','2024-01-22 06:17:40',NULL),(8,1,1,12,'2024-01-22 15:45:48','2024-01-22 15:45:48',NULL),(9,2,1,12,'2024-01-22 15:48:34','2024-01-22 15:48:34',NULL),(11,1,1,17,'2024-01-23 11:45:51','2024-01-23 11:45:51',NULL),(12,3,1,19,'2024-01-23 11:46:51','2024-01-23 11:46:51',NULL),(13,8,1,7,'2024-01-23 11:50:13','2024-01-23 11:50:13',NULL),(14,8,2,7,'2024-01-31 09:34:18','2024-01-31 09:34:18',NULL),(15,1,1,7,'2024-02-01 06:51:40','2024-02-01 06:51:40',NULL),(16,6,1,17,'2024-02-01 07:01:34','2024-02-01 07:01:34',NULL),(17,8,1,19,'2024-02-01 07:02:12','2024-02-01 07:02:12',NULL),(18,2,1,11,'2024-02-01 07:02:45','2024-02-01 07:02:45',NULL),(19,6,2,20,'2024-02-01 09:38:08','2024-02-01 09:38:08',NULL),(20,7,1,11,'2024-02-02 10:13:37','2024-02-02 10:13:37',NULL),(22,8,2,19,'2024-02-14 06:21:34','2024-02-14 06:21:34',NULL),(24,1,2,11,'2024-02-14 10:15:38','2024-02-14 10:15:38',NULL),(32,3,1,33,'2024-02-15 17:15:57','2024-02-15 17:15:57',NULL);
/*!40000 ALTER TABLE `ambulance_user_mappings` ENABLE KEYS */;
UNLOCK TABLES;

--
-- Table structure for table `ambulances`
--

DROP TABLE IF EXISTS `ambulances`;
/*!40101 SET @saved_cs_client     = @@character_set_client */;
/*!50503 SET character_set_client = utf8mb4 */;
CREATE TABLE `ambulances` (
  `id` bigint(20) unsigned NOT NULL AUTO_INCREMENT,
  `registration_number_available` enum('Yes','Not Available') COLLATE utf8mb4_unicode_ci DEFAULT NULL,
  `ambulance_no` varchar(255) COLLATE utf8mb4_unicode_ci DEFAULT NULL,
  `make` varchar(255) COLLATE utf8mb4_unicode_ci DEFAULT NULL,
  `chassis_no` varchar(255) COLLATE utf8mb4_unicode_ci DEFAULT NULL,
  `status` enum('Running','Not Running') COLLATE utf8mb4_unicode_ci NOT NULL DEFAULT 'Running',
  `number_plate_image_path` varchar(255) COLLATE utf8mb4_unicode_ci DEFAULT NULL,
  `registration_certificate_path` varchar(255) COLLATE utf8mb4_unicode_ci DEFAULT NULL,
  `purchase_paper_path` varchar(255) COLLATE utf8mb4_unicode_ci DEFAULT NULL,
  `fastags_image_path` varchar(255) COLLATE utf8mb4_unicode_ci DEFAULT NULL,
  `district_id` bigint(20) unsigned NOT NULL,
  `inauguration_date` date DEFAULT NULL,
  `number_plate_available` enum('Yes','Not Available') COLLATE utf8mb4_unicode_ci DEFAULT NULL,
  `registration_certificate_available` enum('Yes','Not Available') COLLATE utf8mb4_unicode_ci DEFAULT NULL,
  `purchase_paper_available` enum('Yes','Not Available') COLLATE utf8mb4_unicode_ci DEFAULT NULL,
  `fastags_available` enum('Yes','Not Available') COLLATE utf8mb4_unicode_ci DEFAULT NULL,
  `sponsor_name` varchar(255) COLLATE utf8mb4_unicode_ci DEFAULT NULL,
  `invoice_no` varchar(255) COLLATE utf8mb4_unicode_ci DEFAULT NULL,
  `invoice_date` date DEFAULT NULL,
  `additional_notes` text COLLATE utf8mb4_unicode_ci,
  `date_of_delivery` date DEFAULT NULL,
  `registration_date` date DEFAULT NULL,
  `entry_date` date DEFAULT NULL,
  `station_location` varchar(255) COLLATE utf8mb4_unicode_ci DEFAULT NULL,
  `service_location` varchar(255) COLLATE utf8mb4_unicode_ci DEFAULT NULL,
  `created_by` bigint(20) unsigned DEFAULT NULL,
  `updated_by` bigint(20) unsigned DEFAULT NULL,
  `created_at` timestamp NULL DEFAULT NULL,
  `updated_at` timestamp NULL DEFAULT NULL,
  `deleted_at` timestamp NULL DEFAULT NULL,
  PRIMARY KEY (`id`),
  KEY `ambulances_district_id_foreign` (`district_id`),
  CONSTRAINT `ambulances_district_id_foreign` FOREIGN KEY (`district_id`) REFERENCES `districts` (`id`)
) ENGINE=InnoDB AUTO_INCREMENT=10 DEFAULT CHARSET=utf8mb4 COLLATE=utf8mb4_unicode_ci;
/*!40101 SET character_set_client = @saved_cs_client */;

--
-- Dumping data for table `ambulances`
--

LOCK TABLES `ambulances` WRITE;
/*!40000 ALTER TABLE `ambulances` DISABLE KEYS */;
INSERT INTO `ambulances` VALUES (1,'Yes','MP 09 CP 0000','Mahindra','IUU999999','Running',NULL,NULL,NULL,NULL,1,NULL,NULL,NULL,NULL,NULL,NULL,NULL,NULL,NULL,NULL,NULL,NULL,NULL,NULL,NULL,NULL,NULL,NULL,NULL),(2,'Yes','MP 09 CP 9876','TATA','IUU999989','Running',NULL,NULL,NULL,NULL,1,NULL,NULL,NULL,NULL,NULL,NULL,NULL,NULL,NULL,NULL,NULL,NULL,NULL,NULL,NULL,NULL,NULL,NULL,NULL),(3,'Yes','MP 09 CP 8547','Mahindra','IUU999956','Running',NULL,NULL,NULL,NULL,2,NULL,NULL,NULL,NULL,NULL,NULL,NULL,NULL,NULL,NULL,NULL,NULL,NULL,NULL,NULL,NULL,NULL,NULL,NULL),(6,'Yes','MH 05 MG 8570','Force','JH4CU2F65AC031882','Running','https://parivaar.s3.ap-south-1.amazonaws.com/number_plate_doc/170489294084748/659e9a0cb9644.pdf',NULL,NULL,NULL,3,'2024-01-08','Yes','Yes','Yes','Yes',NULL,NULL,NULL,NULL,NULL,'2024-01-10',NULL,NULL,NULL,1,NULL,'2024-01-08 10:10:51','2024-01-10 13:22:20',NULL),(7,'Not Available',NULL,'Maruti','JH4CU2F65AC031892','Not Running','https://parivaar.s3.ap-south-1.amazonaws.com/number_plate_doc/170470906450754/659bcbc8d884e.pdf',NULL,NULL,NULL,4,'2024-01-08','Not Available','Yes','Yes','Yes',NULL,NULL,NULL,NULL,NULL,NULL,NULL,NULL,NULL,1,NULL,'2024-01-08 10:17:44','2024-02-02 10:13:15',NULL),(8,'Not Available',NULL,'TATA','131221','Running','https://parivaar.s3.ap-south-1.amazonaws.com/number_plate_doc/170495143787054/659f7e8de6fec.png',NULL,NULL,NULL,1,'2024-01-10','Not Available','Not Available','Not Available','Not Available',NULL,NULL,NULL,NULL,NULL,NULL,NULL,NULL,NULL,1,NULL,'2024-01-11 05:37:18','2024-01-23 11:38:00',NULL),(9,'Yes','KA 29 5860','TATA','JH4CU2F65AC031890','Running','https://parivaar.s3.ap-south-1.amazonaws.com/number_plate_doc/170841037935038/65d4460bc2337.png',NULL,NULL,NULL,5,'2024-02-18','Yes','Yes','Yes','Yes',NULL,NULL,NULL,NULL,NULL,NULL,NULL,NULL,NULL,1,NULL,'2024-02-20 06:26:19','2024-02-20 06:26:19',NULL);
/*!40000 ALTER TABLE `ambulances` ENABLE KEYS */;
UNLOCK TABLES;

--
-- Table structure for table `attendances`
--

DROP TABLE IF EXISTS `attendances`;
/*!40101 SET @saved_cs_client     = @@character_set_client */;
/*!50503 SET character_set_client = utf8mb4 */;
CREATE TABLE `attendances` (
  `id` bigint(20) unsigned NOT NULL AUTO_INCREMENT,
  `user_id` bigint(20) unsigned NOT NULL,
  `attendance_date` date NOT NULL,
  `login_time` time NOT NULL,
  `logout_time` time DEFAULT NULL,
  `login_meter_reading` double(8,2) DEFAULT NULL,
  `login_meter_photo` varchar(255) COLLATE utf8mb4_unicode_ci DEFAULT NULL,
  `logout_meter_reading` double(8,2) DEFAULT NULL,
  `logout_meter_photo` varchar(255) COLLATE utf8mb4_unicode_ci DEFAULT NULL,
  `station_location` varchar(255) COLLATE utf8mb4_unicode_ci DEFAULT NULL,
  `login_location` varchar(255) COLLATE utf8mb4_unicode_ci DEFAULT NULL,
  `login_latitude` double DEFAULT NULL,
  `login_longitude` double DEFAULT NULL,
  `logout_location` varchar(255) COLLATE utf8mb4_unicode_ci DEFAULT NULL,
  `logout_latitude` double DEFAULT NULL,
  `logout_longitude` double DEFAULT NULL,
  `duration` time DEFAULT NULL,
  `km_run` double(8,2) DEFAULT NULL,
  `shift_type_id` bigint(20) unsigned DEFAULT NULL,
  `login_status` enum('Present','Absent','Leave','Weekly Off') COLLATE utf8mb4_unicode_ci DEFAULT NULL,
  `created_at` timestamp NULL DEFAULT NULL,
  `updated_at` timestamp NULL DEFAULT NULL,
  `deleted_at` timestamp NULL DEFAULT NULL,
  PRIMARY KEY (`id`),
  KEY `attendances_user_id_foreign` (`user_id`),
  KEY `attendances_shift_type_id_foreign` (`shift_type_id`),
  CONSTRAINT `attendances_shift_type_id_foreign` FOREIGN KEY (`shift_type_id`) REFERENCES `shift_types` (`id`) ON DELETE CASCADE,
  CONSTRAINT `attendances_user_id_foreign` FOREIGN KEY (`user_id`) REFERENCES `users` (`id`) ON DELETE CASCADE
) ENGINE=InnoDB AUTO_INCREMENT=36 DEFAULT CHARSET=utf8mb4 COLLATE=utf8mb4_unicode_ci;
/*!40101 SET character_set_client = @saved_cs_client */;

--
-- Dumping data for table `attendances`
--

LOCK TABLES `attendances` WRITE;
/*!40000 ALTER TABLE `attendances` DISABLE KEYS */;
INSERT INTO `attendances` VALUES (3,2,'2023-12-14','10:00:00','20:00:00',NULL,NULL,NULL,NULL,NULL,'Office',123.456,789.012,'Rajwada',123.456,789.012,'10:00:00',NULL,1,'Present','2023-12-15 06:27:12','2023-12-15 10:52:19',NULL),(4,2,'2023-12-14','10:00:00',NULL,NULL,NULL,NULL,NULL,NULL,'Office',123.456,789.012,NULL,NULL,NULL,NULL,NULL,NULL,NULL,'2023-12-15 08:41:33','2023-12-15 08:41:33',NULL),(5,2,'2023-12-14','09:10:00',NULL,NULL,NULL,NULL,NULL,NULL,'Office',123.456,789.012,NULL,NULL,NULL,NULL,NULL,NULL,NULL,'2023-12-15 10:31:46','2023-12-15 10:31:46',NULL),(6,2,'2023-12-14','10:00:00',NULL,NULL,NULL,NULL,NULL,NULL,'Office',123.456,789.012,NULL,NULL,NULL,NULL,NULL,NULL,NULL,'2023-12-15 10:51:10','2023-12-15 10:51:10',NULL),(7,2,'2023-12-14','10:00:00',NULL,NULL,NULL,NULL,NULL,NULL,'Office',123.456,789.012,NULL,NULL,NULL,NULL,NULL,NULL,NULL,'2023-12-15 10:51:38','2023-12-15 10:51:38',NULL),(8,2,'2023-12-14','10:00:00',NULL,NULL,NULL,NULL,NULL,NULL,'Office',123.456,789.012,NULL,NULL,NULL,NULL,NULL,NULL,NULL,'2023-12-15 10:51:55','2023-12-15 10:51:55',NULL),(9,2,'2023-12-14','10:00:00',NULL,NULL,NULL,NULL,NULL,NULL,'Office',123.456,789.012,NULL,NULL,NULL,NULL,NULL,NULL,NULL,'2023-12-15 12:38:04','2023-12-15 12:38:04',NULL),(10,2,'2023-12-14','10:00:00',NULL,NULL,NULL,NULL,NULL,NULL,'Office',123.456,789.012,NULL,NULL,NULL,NULL,NULL,NULL,NULL,'2023-12-15 12:48:51','2023-12-15 12:48:51',NULL),(11,2,'2023-12-14','10:00:00',NULL,NULL,NULL,NULL,NULL,NULL,'Office',123.456,789.012,NULL,NULL,NULL,NULL,NULL,NULL,NULL,'2023-12-15 12:49:22','2023-12-15 12:49:22',NULL),(12,2,'2023-12-14','10:00:00',NULL,NULL,NULL,NULL,NULL,NULL,'Office',123.456,789.012,NULL,NULL,NULL,NULL,NULL,NULL,NULL,'2023-12-15 12:49:30','2023-12-15 12:49:30',NULL),(13,2,'2023-12-15','06:31:00','07:06:00',NULL,NULL,NULL,NULL,NULL,'1800 Ellis St, San Francisco, CA 94115, USA',37.785834,-122.406417,'1800 Ellis St, San Francisco, CA 94115, USA',37.785834,-122.406417,'00:35:00',NULL,NULL,'Present','2023-12-15 13:01:17','2023-12-15 13:36:32',NULL),(14,2,'2023-12-14','10:00:00',NULL,NULL,NULL,NULL,NULL,NULL,'Office',123.456,789.012,NULL,NULL,NULL,NULL,NULL,NULL,NULL,'2023-12-15 13:26:29','2023-12-15 13:26:29',NULL),(15,2,'2023-12-14','10:00:00',NULL,NULL,NULL,NULL,NULL,NULL,'Office',123.456,789.012,NULL,NULL,NULL,NULL,NULL,NULL,NULL,'2023-12-15 13:26:44','2023-12-15 13:26:44',NULL),(16,2,'2023-12-16','08:37:00',NULL,NULL,NULL,NULL,NULL,NULL,'P1600 Amphitheatre Pkwy, Mountain View, CA 94043, USA',37.4219983,-122.084,NULL,NULL,NULL,NULL,NULL,NULL,NULL,'2023-12-15 15:07:49','2023-12-15 15:07:49',NULL),(17,2,'2023-12-17','10:00:00',NULL,NULL,NULL,NULL,NULL,NULL,'Office',123.456,789.012,NULL,NULL,NULL,NULL,NULL,NULL,NULL,'2023-12-15 18:44:16','2023-12-15 18:44:16',NULL),(18,2,'2023-12-18','10:00:00','06:24:00',NULL,NULL,NULL,NULL,NULL,'Office',123.456,789.012,'505, Skye Corporate Park, Sector B, Slice 5, Aranya Nagar, Scheme 78, Vijay Nagar, Indore, Madhya Pradesh 452010, India',22.7642446,75.8988933,'03:36:00',NULL,NULL,'Present','2023-12-18 07:16:02','2023-12-18 12:56:30',NULL),(19,2,'2023-12-19','10:00:00',NULL,NULL,NULL,NULL,NULL,NULL,'Office',123.456,789.012,NULL,NULL,NULL,NULL,NULL,NULL,NULL,'2023-12-18 08:42:24','2023-12-18 08:42:24',NULL),(20,6,'2023-12-14','10:00:00',NULL,NULL,NULL,NULL,NULL,NULL,'Office',123.456,789.012,NULL,NULL,NULL,NULL,NULL,NULL,NULL,'2023-12-18 09:28:03','2023-12-18 09:28:03',NULL),(21,2,'2023-12-24','08:41:00',NULL,NULL,NULL,NULL,NULL,NULL,'P1600 Amphitheatre Pkwy, Mountain View, CA 94043, USA',37.4219983,-122.084,NULL,NULL,NULL,NULL,NULL,NULL,NULL,'2023-12-18 15:11:58','2023-12-18 15:11:58',NULL),(22,2,'2023-12-28','12:11:00','12:16:00',NULL,NULL,NULL,NULL,NULL,'1800 Ellis St, San Francisco, CA 94115, USA',37.785834,-122.406417,'P1600 Amphitheatre Pkwy, Mountain View, CA 94043, USA',37.4219983,-122.084,'00:05:00',NULL,NULL,'Present','2023-12-27 18:41:39','2023-12-27 18:46:27',NULL),(23,2,'2023-12-28','12:14:00',NULL,NULL,NULL,NULL,NULL,NULL,'P1600 Amphitheatre Pkwy, Mountain View, CA 94043, USA',37.4219983,-122.084,NULL,NULL,NULL,NULL,NULL,NULL,NULL,'2023-12-27 18:44:29','2023-12-27 18:44:29',NULL),(24,2,'2023-12-29','12:26:00','12:30:00',NULL,NULL,NULL,NULL,NULL,'P1600 Amphitheatre Pkwy, Mountain View, CA 94043, USA',37.4219983,-122.084,'P1600 Amphitheatre Pkwy, Mountain View, CA 94043, USA',37.4219983,-122.084,'00:04:00',NULL,NULL,'Present','2023-12-27 18:56:47','2023-12-27 19:00:07',NULL),(25,2,'2023-12-30','11:52:00','11:55:00',NULL,NULL,NULL,NULL,NULL,'P1600 Amphitheatre Pkwy, Mountain View, CA 94043, USA',37.4219983,-122.084,'P1600 Amphitheatre Pkwy, Mountain View, CA 94043, USA',37.4219983,-122.084,'00:03:00',NULL,NULL,'Present','2023-12-28 18:22:28','2023-12-28 18:26:23',NULL),(26,6,'2024-01-05','10:10:00',NULL,NULL,NULL,NULL,NULL,NULL,'undefined',22.7640496,75.8987733,NULL,NULL,NULL,NULL,NULL,NULL,NULL,'2024-01-05 04:42:00','2024-01-05 04:42:00',NULL),(27,2,'2024-01-10','04:43:00','17:15:00',NULL,NULL,NULL,NULL,NULL,'undefined',37.4219983,-122.084,'undefined',37.4219983,-122.084,'12:32:00',NULL,NULL,'Present','2024-01-10 11:13:20','2024-01-10 11:45:40',NULL),(28,14,'2024-01-11','19:00:00','19:02:00',NULL,NULL,NULL,NULL,NULL,'undefined',37.4219983,-122.084,'undefined',37.4219983,-122.084,'00:02:00',NULL,NULL,'Present','2024-01-11 13:30:37','2024-01-11 13:32:40',NULL),(29,7,'2024-02-01','10:00:00',NULL,NULL,NULL,NULL,NULL,NULL,'Office',22.75,75.89,NULL,NULL,NULL,NULL,NULL,NULL,NULL,'2024-02-01 06:50:39','2024-02-01 06:50:39',NULL),(30,11,'2024-02-01','10:00:00',NULL,NULL,NULL,NULL,NULL,NULL,'Office',22.79,75.84,NULL,NULL,NULL,NULL,NULL,NULL,NULL,'2024-02-01 06:59:12','2024-02-01 06:59:12',NULL),(31,17,'2024-02-01','10:00:00',NULL,NULL,NULL,NULL,NULL,NULL,'Office',22.76,75.9,NULL,NULL,NULL,NULL,NULL,NULL,NULL,'2024-02-01 07:00:01','2024-02-01 07:00:01',NULL),(32,19,'2024-02-01','10:00:00',NULL,NULL,NULL,NULL,NULL,NULL,'Office',22.77,75.88,NULL,NULL,NULL,NULL,NULL,NULL,NULL,'2024-02-01 07:00:36','2024-02-01 07:00:36',NULL),(33,14,'2024-02-06','02:13:00',NULL,NULL,NULL,NULL,NULL,NULL,'undefined',22.7640788,75.8987809,NULL,NULL,NULL,NULL,NULL,NULL,NULL,'2024-02-06 08:48:30','2024-02-06 08:48:30',NULL),(34,1,'2024-02-14','10:00:00','08:00:00',7894.00,NULL,7945.00,NULL,NULL,NULL,NULL,NULL,NULL,NULL,NULL,'10:00:00',51.00,NULL,NULL,'2024-02-14 13:31:42','2024-02-14 13:33:33',NULL),(35,2,'2024-02-14','10:00:00','16:20:00',NULL,NULL,NULL,NULL,NULL,'MHOW Headquarters',NULL,NULL,'MR-9 Square',NULL,NULL,'08:20:00',NULL,NULL,NULL,'2024-02-14 16:54:17','2024-02-14 16:58:54',NULL);
/*!40000 ALTER TABLE `attendances` ENABLE KEYS */;
UNLOCK TABLES;

--
-- Table structure for table `audits`
--

DROP TABLE IF EXISTS `audits`;
/*!40101 SET @saved_cs_client     = @@character_set_client */;
/*!50503 SET character_set_client = utf8mb4 */;
CREATE TABLE `audits` (
  `id` bigint(20) NOT NULL AUTO_INCREMENT,
  `user_type` varchar(255) COLLATE utf8mb4_unicode_ci DEFAULT NULL,
  `user_id` bigint(20) unsigned DEFAULT NULL,
  `event` varchar(255) COLLATE utf8mb4_unicode_ci NOT NULL,
  `auditable_type` varchar(255) COLLATE utf8mb4_unicode_ci NOT NULL,
  `auditable_id` bigint(20) unsigned NOT NULL,
  `old_values` text COLLATE utf8mb4_unicode_ci,
  `new_values` text COLLATE utf8mb4_unicode_ci,
  `url` text COLLATE utf8mb4_unicode_ci,
  `ip_address` varchar(45) COLLATE utf8mb4_unicode_ci DEFAULT NULL,
  `user_agent` varchar(1023) COLLATE utf8mb4_unicode_ci DEFAULT NULL,
  `tags` varchar(255) COLLATE utf8mb4_unicode_ci DEFAULT NULL,
  `created_at` timestamp NULL DEFAULT NULL,
  `updated_at` timestamp NULL DEFAULT NULL,
  PRIMARY KEY (`id`)
) ENGINE=InnoDB AUTO_INCREMENT=545 DEFAULT CHARSET=utf8mb4 COLLATE=utf8mb4_unicode_ci;
/*!40101 SET character_set_client = @saved_cs_client */;

--
-- Dumping data for table `audits`
--

LOCK TABLES `audits` WRITE;
/*!40000 ALTER TABLE `audits` DISABLE KEYS */;
INSERT INTO `audits` VALUES (1,NULL,NULL,'updated','App\\Models\\User',2,'{\"login_pin\":null}','{\"login_pin\":\"1234\"}','https://parivaar.siplsolutions.com/api/v1/create-pin','49.249.2.122','PostmanRuntime/7.35.0',NULL,'2023-12-11 06:52:33','2023-12-11 06:52:33'),(2,NULL,NULL,'updated','App\\Models\\User',2,'{\"login_pin\":1234}','{\"login_pin\":null}','https://parivaar.siplsolutions.com/api/v1/create-pin','49.249.2.122','okhttp/4.9.2',NULL,'2023-12-11 08:43:06','2023-12-11 08:43:06'),(3,NULL,NULL,'updated','App\\Models\\User',2,'{\"login_pin\":null}','{\"login_pin\":\"1234\"}','https://parivaar.siplsolutions.com/api/v1/create-pin','183.182.84.76','PostmanRuntime/7.35.0',NULL,'2023-12-11 09:04:35','2023-12-11 09:04:35'),(4,NULL,NULL,'updated','App\\Models\\User',2,'{\"login_pin\":1234}','{\"login_pin\":null}','https://parivaar.siplsolutions.com/api/v1/create-pin','49.249.2.122','okhttp/4.9.2',NULL,'2023-12-13 05:24:08','2023-12-13 05:24:08'),(5,NULL,NULL,'updated','App\\Models\\User',2,'{\"login_pin\":1234}','{\"login_pin\":null}','https://parivaar.siplsolutions.com/api/v1/create-pin','183.182.84.76','okhttp/4.9.2',NULL,'2023-12-13 06:02:12','2023-12-13 06:02:12'),(6,NULL,NULL,'updated','App\\Models\\User',2,'{\"login_pin\":null}','{\"login_pin\":\"1234\"}','https://parivaar.siplsolutions.com/api/v1/create-pin','49.249.2.122','PostmanRuntime/7.35.0',NULL,'2023-12-13 07:35:49','2023-12-13 07:35:49'),(7,NULL,NULL,'updated','App\\Models\\User',2,'{\"login_pin\":1234}','{\"login_pin\":null}','https://parivaar.siplsolutions.com/api/v1/create-pin','49.249.2.122','okhttp/4.9.2',NULL,'2023-12-13 08:52:25','2023-12-13 08:52:25'),(8,NULL,NULL,'updated','App\\Models\\User',2,'{\"login_pin\":null}','{\"login_pin\":\"7777\"}','https://parivaar.siplsolutions.com/api/v1/create-pin','183.182.84.76','PostmanRuntime/7.36.0',NULL,'2023-12-13 09:14:23','2023-12-13 09:14:23'),(9,NULL,NULL,'updated','App\\Models\\User',2,'{\"login_pin\":7777}','{\"login_pin\":null}','https://parivaar.siplsolutions.com/api/v1/create-pin','49.249.2.122','okhttp/4.9.2',NULL,'2023-12-13 09:18:18','2023-12-13 09:18:18'),(10,NULL,NULL,'updated','App\\Models\\User',2,'{\"login_pin\":null}','{\"login_pin\":\"9999\"}','https://parivaar.siplsolutions.com/api/v1/create-pin','49.249.2.122','okhttp/4.9.2',NULL,'2023-12-13 09:20:07','2023-12-13 09:20:07'),(11,NULL,NULL,'updated','App\\Models\\User',2,'{\"login_pin\":9999}','{\"login_pin\":\"1111\"}','https://parivaar.siplsolutions.com/api/v1/create-pin','49.249.2.122','okhttp/4.9.2',NULL,'2023-12-13 11:08:45','2023-12-13 11:08:45'),(12,NULL,NULL,'updated','App\\Models\\User',2,'{\"login_pin\":1111}','{\"login_pin\":\"2222\"}','https://parivaar.siplsolutions.com/api/v1/create-pin','49.249.2.122','okhttp/4.9.2',NULL,'2023-12-13 11:53:14','2023-12-13 11:53:14'),(13,NULL,NULL,'updated','App\\Models\\User',2,'{\"login_pin\":2222}','{\"login_pin\":\"1122\"}','https://parivaar.siplsolutions.com/api/v1/create-pin','49.249.2.122','okhttp/4.9.2',NULL,'2023-12-13 12:10:57','2023-12-13 12:10:57'),(16,'Modules\\User\\Entities\\User',1,'created','App\\Models\\User',5,'[]','{\"role_id\":null,\"email\":\"\",\"first_name\":\"Rohan\",\"last_name\":\"Mehra\",\"middle_name\":\"\",\"gender\":\"male\",\"dob\":\"05\\/01\\/2023\",\"phone_no\":\"8535656655\",\"created_by\":1,\"district_id\":1,\"state_id\":1,\"profile_path\":\"https:\\/\\/parivaar.s3.ap-south-1.amazonaws.com\\/profile_pic\\/170261393781855\\/657bd3b12217b.png\",\"id\":5}','https://parivaar.siplsolutions.com/human-resource/employees/add-user','49.249.2.122','Mozilla/5.0 (Windows NT 10.0; Win64; x64) AppleWebKit/537.36 (KHTML, like Gecko) Chrome/120.0.0.0 Safari/537.36',NULL,'2023-12-15 04:18:57','2023-12-15 04:18:57'),(17,NULL,NULL,'updated','App\\Models\\User',2,'{\"login_pin\":1122}','{\"login_pin\":\"2222\"}','https://parivaar.siplsolutions.com/api/v1/create-pin','49.249.2.122','okhttp/4.9.2',NULL,'2023-12-15 05:39:21','2023-12-15 05:39:21'),(18,NULL,NULL,'updated','App\\Models\\User',2,'{\"login_pin\":2222}','{\"login_pin\":\"0000\"}','https://parivaar.siplsolutions.com/api/v1/create-pin','49.249.2.122','okhttp/4.9.2',NULL,'2023-12-15 06:29:18','2023-12-15 06:29:18'),(19,NULL,NULL,'updated','App\\Models\\User',2,'{\"login_pin\":0}','{\"login_pin\":\"2314\"}','https://parivaar.siplsolutions.com/api/v1/create-pin','183.182.84.76','PostmanRuntime/7.36.0',NULL,'2023-12-15 06:34:20','2023-12-15 06:34:20'),(20,NULL,NULL,'updated','App\\Models\\User',2,'{\"login_pin\":2314}','{\"login_pin\":\"0000\"}','https://parivaar.siplsolutions.com/api/v1/create-pin','183.182.84.76','okhttp/4.9.2',NULL,'2023-12-15 06:37:47','2023-12-15 06:37:47'),(21,'Modules\\User\\Entities\\User',1,'created','App\\Models\\District',2,'[]','{\"district_name\":\"Sehore\",\"state_id\":\"1\",\"created_by\":1,\"updated_by\":1,\"id\":2}','http://localhost/parivar/public/master/district/add','::1','Mozilla/5.0 (Windows NT 10.0; Win64; x64) AppleWebKit/537.36 (KHTML, like Gecko) Chrome/120.0.0.0 Safari/537.36',NULL,'2023-12-15 06:37:47','2023-12-15 06:37:47'),(22,NULL,NULL,'updated','App\\Models\\User',2,'{\"login_pin\":0}','{\"login_pin\":\"0000\"}','https://parivaar.siplsolutions.com/api/v1/create-pin','49.249.2.122','okhttp/4.9.2',NULL,'2023-12-15 06:45:32','2023-12-15 06:45:32'),(23,'Modules\\User\\Entities\\User',1,'created','App\\Models\\User',6,'[]','{\"role_id\":\"2\",\"email\":\"manish.vishwakarma@softude.com\",\"first_name\":\"Manish\",\"last_name\":\"Vishwakarma\",\"middle_name\":\"\",\"gender\":\"male\",\"dob\":\"10\\/08\\/1994\",\"phone_no\":\"7024408985\",\"created_by\":1,\"district_id\":\"2\",\"state_id\":\"1\",\"profile_path\":\"https:\\/\\/parivaar.s3.ap-south-1.amazonaws.com\\/profile_pic\\/170262314494264\\/657bf7a8bc6cc.png\",\"reporting_manager_id\":\"1\",\"joining_date\":\"01\\/12\\/2023\",\"address\":\"G-33, Shankheshwar city, Indore, M.P.\",\"adhar_number\":\"987456321456\",\"pan_card_number\":\"1234567891\",\"aadhar_image_path\":\"https:\\/\\/parivaar.s3.ap-south-1.amazonaws.com\\/aadhar_doc\\/170262314418326\\/657bf7a8eb9f2.png\",\"pan_image_path\":\"https:\\/\\/parivaar.s3.ap-south-1.amazonaws.com\\/pan_doc\\/170262314429203\\/657bf7a8f406d.png\",\"id\":6}','https://parivaar.siplsolutions.com/human-resource/employees/add-user','183.182.84.76','Mozilla/5.0 (Windows NT 10.0; Win64; x64) AppleWebKit/537.36 (KHTML, like Gecko) Chrome/120.0.0.0 Safari/537.36',NULL,'2023-12-15 06:52:25','2023-12-15 06:52:25'),(24,'Modules\\User\\Entities\\User',6,'updated','App\\Models\\User',6,'{\"login_pin\":null}','{\"login_pin\":\"1234\"}','https://parivaar.siplsolutions.com/api/v1/create-pin','49.249.2.122','PostmanRuntime/7.36.0',NULL,'2023-12-15 07:20:09','2023-12-15 07:20:09'),(25,NULL,NULL,'updated','App\\Models\\User',2,'{\"login_pin\":0}','{\"login_pin\":\"1234\"}','https://parivaar.siplsolutions.com/api/v1/create-pin','49.249.2.122','PostmanRuntime/7.36.0',NULL,'2023-12-15 08:57:31','2023-12-15 08:57:31'),(26,NULL,NULL,'updated','App\\Models\\User',2,'{\"login_pin\":1234}','{\"login_pin\":\"0\"}','https://parivaar.siplsolutions.com/api/v1/create-pin','49.249.2.122','PostmanRuntime/7.36.0',NULL,'2023-12-15 08:57:42','2023-12-15 08:57:42'),(27,NULL,NULL,'updated','App\\Models\\User',2,'{\"login_pin\":0}','{\"login_pin\":\"0000\"}','https://parivaar.siplsolutions.com/api/v1/create-pin','49.249.2.122','okhttp/4.9.2',NULL,'2023-12-15 12:09:17','2023-12-15 12:09:17'),(28,NULL,NULL,'updated','App\\Models\\User',2,'{\"login_pin\":0}','{\"login_pin\":\"0000\"}','https://parivaar.siplsolutions.com/api/v1/create-pin','49.249.2.122','okhttp/4.9.2',NULL,'2023-12-15 12:09:19','2023-12-15 12:09:19'),(29,NULL,NULL,'updated','App\\Models\\User',2,'{\"login_pin\":0}','{\"login_pin\":\"0000\"}','https://parivaar.siplsolutions.com/api/v1/create-pin','49.249.2.122','okhttp/4.9.2',NULL,'2023-12-15 12:09:21','2023-12-15 12:09:21'),(30,NULL,NULL,'updated','App\\Models\\User',2,'{\"login_pin\":0}','{\"login_pin\":\"0000\"}','https://parivaar.siplsolutions.com/api/v1/create-pin','49.249.2.122','okhttp/4.9.2',NULL,'2023-12-15 12:09:25','2023-12-15 12:09:25'),(31,NULL,NULL,'updated','App\\Models\\User',2,'{\"login_pin\":0}','{\"login_pin\":\"0000\"}','https://parivaar.siplsolutions.com/api/v1/create-pin','49.249.2.122','okhttp/4.9.2',NULL,'2023-12-15 12:09:26','2023-12-15 12:09:26'),(32,NULL,NULL,'updated','App\\Models\\User',2,'{\"login_pin\":0}','{\"login_pin\":\"0000\"}','https://parivaar.siplsolutions.com/api/v1/create-pin','49.249.2.122','okhttp/4.9.2',NULL,'2023-12-15 12:09:26','2023-12-15 12:09:26'),(33,NULL,NULL,'updated','App\\Models\\User',2,'{\"login_pin\":0}','{\"login_pin\":\"0000\"}','https://parivaar.siplsolutions.com/api/v1/create-pin','49.249.2.122','okhttp/4.9.2',NULL,'2023-12-15 12:09:28','2023-12-15 12:09:28'),(34,NULL,NULL,'updated','App\\Models\\User',2,'{\"login_pin\":0}','{\"login_pin\":\"0000\"}','https://parivaar.siplsolutions.com/api/v1/create-pin','49.249.2.122','okhttp/4.9.2',NULL,'2023-12-15 12:09:29','2023-12-15 12:09:29'),(35,NULL,NULL,'updated','App\\Models\\User',2,'{\"login_pin\":0}','{\"login_pin\":\"0000\"}','https://parivaar.siplsolutions.com/api/v1/create-pin','49.249.2.122','okhttp/4.9.2',NULL,'2023-12-15 12:09:39','2023-12-15 12:09:39'),(36,NULL,NULL,'updated','App\\Models\\User',2,'{\"login_pin\":0}','{\"login_pin\":\"0000\"}','https://parivaar.siplsolutions.com/api/v1/create-pin','49.249.2.122','okhttp/4.9.2',NULL,'2023-12-15 12:09:40','2023-12-15 12:09:40'),(37,NULL,NULL,'updated','App\\Models\\User',2,'{\"login_pin\":0}','{\"login_pin\":\"2222\"}','https://parivaar.siplsolutions.com/api/v1/create-pin','49.249.2.122','okhttp/4.9.2',NULL,'2023-12-15 12:10:30','2023-12-15 12:10:30'),(38,NULL,NULL,'updated','App\\Models\\User',2,'{\"login_pin\":2222}','{\"login_pin\":\"0000\"}','https://parivaar.siplsolutions.com/api/v1/create-pin','183.182.84.76','okhttp/4.9.2',NULL,'2023-12-15 12:13:55','2023-12-15 12:13:55'),(39,NULL,NULL,'updated','App\\Models\\User',2,'{\"login_pin\":0}','{\"login_pin\":\"1234\"}','https://parivaar.siplsolutions.com/api/v1/create-pin','122.168.89.2','okhttp/4.9.2',NULL,'2023-12-15 16:39:29','2023-12-15 16:39:29'),(40,'Modules\\User\\Entities\\User',1,'created','App\\Models\\User',7,'[]','{\"role_id\":\"5\",\"email\":\"\",\"first_name\":\"jitendra\",\"last_name\":\"balwani\",\"middle_name\":\"\",\"gender\":\"male\",\"dob\":\"10\\/12\\/2023\",\"phone_no\":\"9876555222\",\"created_by\":1,\"is_verified\":1,\"district_id\":\"1\",\"state_id\":\"1\",\"profile_path\":\"https:\\/\\/parivaar.s3.ap-south-1.amazonaws.com\\/profile_pic\\/170282767480455\\/657f169a47e9b.webp\",\"reporting_manager_id\":\"2\",\"joining_date\":\"13\\/12\\/2023\",\"address\":\"\",\"adhar_number\":\"565711794215\",\"pan_card_number\":\"CWEG27625D\",\"aadhar_image_path\":\"https:\\/\\/parivaar.s3.ap-south-1.amazonaws.com\\/aadhar_doc\\/170282767437854\\/657f169a75e8b.webp\",\"pan_image_path\":\"https:\\/\\/parivaar.s3.ap-south-1.amazonaws.com\\/pan_doc\\/170282767465616\\/657f169a8249d.webp\",\"id\":7}','https://parivaar.siplsolutions.com/human-resource/employees/add-user','49.249.2.122','Mozilla/5.0 (Windows NT 10.0; Win64; x64) AppleWebKit/537.36 (KHTML, like Gecko) Chrome/120.0.0.0 Safari/537.36',NULL,'2023-12-17 15:41:14','2023-12-17 15:41:14'),(41,'Modules\\User\\Entities\\User',1,'updated','App\\Models\\User',7,'{\"employee_id\":\"\"}','{\"employee_id\":\"EMP7\"}','https://parivaar.siplsolutions.com/human-resource/employees/add-user','49.249.2.122','Mozilla/5.0 (Windows NT 10.0; Win64; x64) AppleWebKit/537.36 (KHTML, like Gecko) Chrome/120.0.0.0 Safari/537.36',NULL,'2023-12-17 15:41:14','2023-12-17 15:41:14'),(42,NULL,NULL,'updated','App\\Models\\User',2,'{\"login_pin\":1234}','{\"login_pin\":\"0000\"}','https://parivaar.siplsolutions.com/api/v1/create-pin','183.182.84.76','okhttp/4.9.2',NULL,'2023-12-18 05:02:54','2023-12-18 05:02:54'),(43,NULL,NULL,'updated','App\\Models\\User',2,'{\"login_pin\":0}','{\"login_pin\":\"0000\"}','https://parivaar.siplsolutions.com/api/v1/create-pin','183.182.84.76','okhttp/4.9.2',NULL,'2023-12-18 05:31:33','2023-12-18 05:31:33'),(44,NULL,NULL,'updated','App\\Models\\User',2,'{\"login_pin\":0}','{\"login_pin\":\"1234\"}','https://parivaar.siplsolutions.com/api/v1/create-pin','49.249.2.122','Parivaar/1 CFNetwork/1406.0.4 Darwin/22.5.0',NULL,'2023-12-18 10:20:00','2023-12-18 10:20:00'),(45,'Modules\\User\\Entities\\User',1,'created','App\\Models\\User',8,'[]','{\"role_id\":\"4\",\"email\":\"\",\"first_name\":\"shashikant\",\"last_name\":\"patidar\",\"middle_name\":\"\",\"gender\":\"male\",\"dob\":\"2023-01-12\",\"phone_no\":\"9876555222\",\"created_by\":1,\"is_verified\":1,\"district_id\":1,\"state_id\":1,\"profile_path\":\"https:\\/\\/parivaar.s3.ap-south-1.amazonaws.com\\/profile_pic\\/170290432066643\\/658042009d488.webp\",\"id\":8}','https://parivaar.siplsolutions.com/human-resource/employees/add-user','49.249.2.122','Mozilla/5.0 (Windows NT 10.0; Win64; x64) AppleWebKit/537.36 (KHTML, like Gecko) Chrome/120.0.0.0 Safari/537.36',NULL,'2023-12-18 12:58:41','2023-12-18 12:58:41'),(46,'Modules\\User\\Entities\\User',1,'created','App\\Models\\User',9,'[]','{\"role_id\":\"3\",\"email\":\"\",\"first_name\":\"vaibhav\",\"last_name\":\"gupta\",\"middle_name\":\"\",\"gender\":\"male\",\"dob\":\"2023-07-12\",\"phone_no\":\"9888754666\",\"created_by\":1,\"is_verified\":1,\"district_id\":1,\"state_id\":1,\"profile_path\":\"https:\\/\\/parivaar.s3.ap-south-1.amazonaws.com\\/profile_pic\\/17029070847343\\/65804ccca1fb4.webp\",\"id\":9}','https://parivaar.siplsolutions.com/human-resource/employees/add-user','49.249.2.122','Mozilla/5.0 (Windows NT 10.0; Win64; x64) AppleWebKit/537.36 (KHTML, like Gecko) Chrome/120.0.0.0 Safari/537.36',NULL,'2023-12-18 13:44:44','2023-12-18 13:44:44'),(47,'Modules\\User\\Entities\\User',1,'created','App\\Models\\User',10,'[]','{\"role_id\":\"2\",\"email\":\"\",\"first_name\":\"Raj\",\"last_name\":\"Mishra\",\"middle_name\":\"\",\"gender\":\"male\",\"dob\":\"2023-12-11\",\"phone_no\":\"9876555222\",\"created_by\":1,\"is_verified\":1,\"district_id\":\"1\",\"state_id\":\"1\",\"profile_path\":\"https:\\/\\/parivaar.s3.ap-south-1.amazonaws.com\\/profile_pic\\/170298122433871\\/65816e68f336a.webp\",\"reporting_manager_id\":\"1\",\"joining_date\":\"2023-12-12\",\"address\":\"\",\"adhar_number\":\"565711794215\",\"pan_card_number\":\"CWEG27625D\",\"aadhar_image_path\":\"https:\\/\\/parivaar.s3.ap-south-1.amazonaws.com\\/aadhar_doc\\/170298122521750\\/65816e69349e2.webp\",\"pan_image_path\":\"https:\\/\\/parivaar.s3.ap-south-1.amazonaws.com\\/pan_doc\\/17029812253596\\/65816e694c301.webp\",\"id\":10}','https://parivaar.siplsolutions.com/human-resource/employees/add-user','49.249.2.122','Mozilla/5.0 (Windows NT 10.0; Win64; x64) AppleWebKit/537.36 (KHTML, like Gecko) Chrome/120.0.0.0 Safari/537.36',NULL,'2023-12-19 10:20:25','2023-12-19 10:20:25'),(48,'Modules\\User\\Entities\\User',1,'updated','App\\Models\\User',10,'{\"employee_id\":\"\"}','{\"employee_id\":\"EMP10\"}','https://parivaar.siplsolutions.com/human-resource/employees/add-user','49.249.2.122','Mozilla/5.0 (Windows NT 10.0; Win64; x64) AppleWebKit/537.36 (KHTML, like Gecko) Chrome/120.0.0.0 Safari/537.36',NULL,'2023-12-19 10:20:25','2023-12-19 10:20:25'),(49,NULL,NULL,'updated','App\\Models\\User',2,'{\"login_pin\":1234}','{\"login_pin\":\"0000\"}','https://parivaar.siplsolutions.com/api/v1/create-pin','49.249.2.122','okhttp/4.9.2',NULL,'2023-12-19 10:30:13','2023-12-19 10:30:13'),(50,NULL,NULL,'updated','App\\Models\\User',2,'{\"login_pin\":0}','{\"login_pin\":\"0000\"}','https://parivaar.siplsolutions.com/api/v1/create-pin','183.182.84.76','okhttp/4.9.2',NULL,'2023-12-19 11:55:38','2023-12-19 11:55:38'),(51,'Modules\\User\\Entities\\User',1,'created','App\\Models\\User',11,'[]','{\"role_id\":\"5\",\"email\":\"\",\"first_name\":\"Tarun\",\"last_name\":\"Solanki\",\"middle_name\":\"\",\"gender\":\"male\",\"dob\":\"2023-12-19\",\"phone_no\":\"9878634012\",\"created_by\":1,\"is_verified\":1,\"district_id\":\"1\",\"state_id\":\"1\",\"profile_path\":\"https:\\/\\/parivaar.s3.ap-south-1.amazonaws.com\\/profile_pic\\/170307936046732\\/6582edc017001.webp\",\"reporting_manager_id\":\"2\",\"joining_date\":\"2023-12-18\",\"address\":\"\",\"adhar_number\":\"565711794215\",\"pan_card_number\":\"CWEG27625D\",\"aadhar_image_path\":\"https:\\/\\/parivaar.s3.ap-south-1.amazonaws.com\\/aadhar_doc\\/170307936071973\\/6582edc03ff0a.webp\",\"pan_image_path\":\"https:\\/\\/parivaar.s3.ap-south-1.amazonaws.com\\/pan_doc\\/170307936063825\\/6582edc0488e6.webp\",\"id\":11}','https://parivaar.siplsolutions.com/human-resource/employees/add-user','49.249.2.122','Mozilla/5.0 (Windows NT 10.0; Win64; x64) AppleWebKit/537.36 (KHTML, like Gecko) Chrome/120.0.0.0 Safari/537.36',NULL,'2023-12-20 13:36:00','2023-12-20 13:36:00'),(52,'Modules\\User\\Entities\\User',1,'updated','App\\Models\\User',11,'{\"employee_id\":\"\"}','{\"employee_id\":\"EMP11\"}','https://parivaar.siplsolutions.com/human-resource/employees/add-user','49.249.2.122','Mozilla/5.0 (Windows NT 10.0; Win64; x64) AppleWebKit/537.36 (KHTML, like Gecko) Chrome/120.0.0.0 Safari/537.36',NULL,'2023-12-20 13:36:00','2023-12-20 13:36:00'),(53,'Modules\\User\\Entities\\User',1,'created','App\\Models\\User',12,'[]','{\"role_id\":\"6\",\"email\":\"\",\"first_name\":\"ankit\",\"last_name\":\"jadhav\",\"middle_name\":\"\",\"gender\":\"male\",\"dob\":\"2023-12-17\",\"phone_no\":\"6543210213\",\"created_by\":1,\"is_verified\":1,\"district_id\":\"1\",\"state_id\":\"1\",\"profile_path\":\"https:\\/\\/parivaar.s3.ap-south-1.amazonaws.com\\/profile_pic\\/170309226578517\\/65832029d3464.webp\",\"reporting_manager_id\":\"2\",\"joining_date\":\"2023-12-19\",\"address\":\"\",\"adhar_number\":\"565711794215\",\"pan_card_number\":\"CWEG27625D\",\"aadhar_image_path\":\"https:\\/\\/parivaar.s3.ap-south-1.amazonaws.com\\/aadhar_doc\\/170309226527741\\/65832029e2cbf.webp\",\"pan_image_path\":\"https:\\/\\/parivaar.s3.ap-south-1.amazonaws.com\\/pan_doc\\/170309226563749\\/65832029eb109.webp\",\"id\":12}','https://parivaar.siplsolutions.com/human-resource/employees/add-user','49.249.2.122','Mozilla/5.0 (Windows NT 10.0; Win64; x64) AppleWebKit/537.36 (KHTML, like Gecko) Chrome/120.0.0.0 Safari/537.36',NULL,'2023-12-20 17:11:06','2023-12-20 17:11:06'),(54,'Modules\\User\\Entities\\User',1,'updated','App\\Models\\User',12,'{\"employee_id\":\"\"}','{\"employee_id\":\"EMP12\"}','https://parivaar.siplsolutions.com/human-resource/employees/add-user','49.249.2.122','Mozilla/5.0 (Windows NT 10.0; Win64; x64) AppleWebKit/537.36 (KHTML, like Gecko) Chrome/120.0.0.0 Safari/537.36',NULL,'2023-12-20 17:11:06','2023-12-20 17:11:06'),(55,'Modules\\User\\Entities\\User',1,'created','App\\Models\\User',13,'[]','{\"role_id\":\"2\",\"email\":\"john@yopmail.com\",\"first_name\":\"John\",\"last_name\":\"Wick\",\"middle_name\":\"\",\"gender\":\"male\",\"dob\":\"1985-12-27\",\"phone_no\":\"8871396530\",\"created_by\":1,\"is_verified\":1,\"district_id\":\"2\",\"state_id\":\"1\",\"profile_path\":\"https:\\/\\/parivaar.s3.ap-south-1.amazonaws.com\\/profile_pic\\/17031404548307\\/6583dc666cca6.jpg\",\"reporting_manager_id\":null,\"joining_date\":\"2023-12-06\",\"address\":\"New York\",\"adhar_number\":\"214748364746\",\"pan_card_number\":\"ABCDE1234F\",\"aadhar_image_path\":\"https:\\/\\/parivaar.s3.ap-south-1.amazonaws.com\\/aadhar_doc\\/170314045479825\\/6583dc66a95d4.pdf\",\"pan_image_path\":\"https:\\/\\/parivaar.s3.ap-south-1.amazonaws.com\\/pan_doc\\/170314045422681\\/6583dc66b8957.pdf\",\"id\":13}','https://parivaar.siplsolutions.com/human-resource/employees/add-user','183.182.84.76','Mozilla/5.0 (Windows NT 10.0; Win64; x64) AppleWebKit/537.36 (KHTML, like Gecko) Chrome/120.0.0.0 Safari/537.36',NULL,'2023-12-21 06:34:14','2023-12-21 06:34:14'),(56,'Modules\\User\\Entities\\User',1,'updated','App\\Models\\User',13,'{\"employee_id\":\"\"}','{\"employee_id\":\"EMP13\"}','https://parivaar.siplsolutions.com/human-resource/employees/add-user','183.182.84.76','Mozilla/5.0 (Windows NT 10.0; Win64; x64) AppleWebKit/537.36 (KHTML, like Gecko) Chrome/120.0.0.0 Safari/537.36',NULL,'2023-12-21 06:34:14','2023-12-21 06:34:14'),(57,'Modules\\User\\Entities\\User',13,'updated','App\\Models\\AmbulanceShift',7,'{\"user_id\":2}','{\"user_id\":13}','https://parivaar.siplsolutions.com/api/v1/ambulance/add-ambulance-staff','49.249.2.122','PostmanRuntime/7.36.0',NULL,'2023-12-21 06:58:07','2023-12-21 06:58:07'),(58,'Modules\\User\\Entities\\User',13,'created','App\\Models\\AmbulanceShift',9,'[]','{\"ambulance_id\":1,\"user_id\":13,\"user_type\":\"Attendant\",\"type\":\"Permanent\",\"shift_type_id\":1,\"id\":9}','https://parivaar.siplsolutions.com/api/v1/ambulance/add-ambulance-staff','49.249.2.122','PostmanRuntime/7.36.0',NULL,'2023-12-21 06:58:07','2023-12-21 06:58:07'),(59,'Modules\\User\\Entities\\User',13,'created','App\\Models\\AmbulanceShift',10,'[]','{\"ambulance_id\":1,\"user_id\":13,\"user_type\":\"Attendant\",\"type\":\"Permanent\",\"shift_type_id\":1,\"start_time\":\"08:00:00\",\"end_time\":\"05:00:00\",\"start_date\":\"2023-01-02\",\"id\":10}','https://parivaar.siplsolutions.com/api/v1/ambulance/add-ambulance-staff','49.249.2.122','PostmanRuntime/7.36.0',NULL,'2023-12-21 07:06:52','2023-12-21 07:06:52'),(60,'Modules\\User\\Entities\\User',13,'created','App\\Models\\AmbulanceShift',11,'[]','{\"ambulance_id\":1,\"user_id\":13,\"user_type\":\"Driver\",\"type\":\"Permanent\",\"shift_type_id\":1,\"start_time\":\"08:00:00\",\"end_time\":\"05:00:00\",\"start_date\":\"2023-01-01\",\"id\":11}','https://parivaar.siplsolutions.com/api/v1/ambulance/add-ambulance-staff','49.249.2.122','PostmanRuntime/7.36.0',NULL,'2023-12-21 07:11:10','2023-12-21 07:11:10'),(61,'Modules\\User\\Entities\\User',13,'created','App\\Models\\AmbulanceShift',12,'[]','{\"ambulance_id\":1,\"user_id\":13,\"user_type\":\"Attendant\",\"type\":\"Permanent\",\"shift_type_id\":1,\"start_time\":\"08:00:00\",\"end_time\":\"05:00:00\",\"start_date\":\"2023-01-01\",\"id\":12}','https://parivaar.siplsolutions.com/api/v1/ambulance/add-ambulance-staff','49.249.2.122','PostmanRuntime/7.36.0',NULL,'2023-12-21 07:11:10','2023-12-21 07:11:10'),(62,'Modules\\User\\Entities\\User',13,'created','App\\Models\\AmbulanceShift',13,'[]','{\"ambulance_id\":1,\"user_id\":13,\"user_type\":\"Driver\",\"type\":\"Permanent\",\"shift_type_id\":1,\"start_time\":\"08:00:00\",\"end_time\":\"05:00:00\",\"start_date\":\"2023-01-02\",\"id\":13}','https://parivaar.siplsolutions.com/api/v1/ambulance/add-ambulance-staff','49.249.2.122','PostmanRuntime/7.36.0',NULL,'2023-12-21 07:13:11','2023-12-21 07:13:11'),(63,'Modules\\User\\Entities\\User',13,'created','App\\Models\\AmbulanceShift',14,'[]','{\"ambulance_id\":1,\"user_id\":13,\"user_type\":\"Attendant\",\"type\":\"Permanent\",\"shift_type_id\":1,\"start_time\":\"08:00:00\",\"end_time\":\"05:00:00\",\"start_date\":\"2023-01-02\",\"id\":14}','https://parivaar.siplsolutions.com/api/v1/ambulance/add-ambulance-staff','49.249.2.122','PostmanRuntime/7.36.0',NULL,'2023-12-21 07:13:11','2023-12-21 07:13:11'),(64,'Modules\\User\\Entities\\User',13,'created','App\\Models\\AmbulanceShift',15,'[]','{\"ambulance_id\":1,\"user_id\":13,\"user_type\":\"Driver\",\"type\":\"Permanent\",\"shift_type_id\":1,\"start_time\":\"08:00:00\",\"end_time\":\"05:00:00\",\"start_date\":\"2023-01-03\",\"id\":15}','https://parivaar.siplsolutions.com/api/v1/ambulance/add-ambulance-staff','49.249.2.122','PostmanRuntime/7.36.0',NULL,'2023-12-21 07:13:11','2023-12-21 07:13:11'),(65,'Modules\\User\\Entities\\User',13,'created','App\\Models\\AmbulanceShift',16,'[]','{\"ambulance_id\":1,\"user_id\":13,\"user_type\":\"Attendant\",\"type\":\"Permanent\",\"shift_type_id\":1,\"start_time\":\"08:00:00\",\"end_time\":\"05:00:00\",\"start_date\":\"2023-01-03\",\"id\":16}','https://parivaar.siplsolutions.com/api/v1/ambulance/add-ambulance-staff','49.249.2.122','PostmanRuntime/7.36.0',NULL,'2023-12-21 07:13:11','2023-12-21 07:13:11'),(66,'Modules\\User\\Entities\\User',13,'updated','App\\Models\\AmbulanceShift',15,'{\"user_id\":13}','{\"user_id\":2}','https://parivaar.siplsolutions.com/api/v1/ambulance/add-ambulance-staff','49.249.2.122','PostmanRuntime/7.36.0',NULL,'2023-12-21 07:14:04','2023-12-21 07:14:04'),(67,'Modules\\User\\Entities\\User',13,'updated','App\\Models\\AmbulanceShift',16,'{\"user_id\":13}','{\"user_id\":2}','https://parivaar.siplsolutions.com/api/v1/ambulance/add-ambulance-staff','49.249.2.122','PostmanRuntime/7.36.0',NULL,'2023-12-21 07:14:04','2023-12-21 07:14:04'),(68,'Modules\\User\\Entities\\User',13,'created','App\\Models\\AmbulanceShift',17,'[]','{\"ambulance_id\":1,\"user_id\":2,\"user_type\":\"Driver\",\"type\":\"Permanent\",\"shift_type_id\":2,\"start_time\":\"08:00:00\",\"end_time\":\"05:00:00\",\"start_date\":\"2023-01-01\",\"id\":17}','https://parivaar.siplsolutions.com/api/v1/ambulance/add-ambulance-staff','183.182.84.76','PostmanRuntime/7.36.0',NULL,'2023-12-21 07:16:53','2023-12-21 07:16:53'),(69,'Modules\\User\\Entities\\User',13,'created','App\\Models\\AmbulanceShift',18,'[]','{\"ambulance_id\":1,\"user_id\":2,\"user_type\":\"Attendant\",\"type\":\"Permanent\",\"shift_type_id\":2,\"start_time\":\"08:00:00\",\"end_time\":\"05:00:00\",\"start_date\":\"2023-01-01\",\"id\":18}','https://parivaar.siplsolutions.com/api/v1/ambulance/add-ambulance-staff','183.182.84.76','PostmanRuntime/7.36.0',NULL,'2023-12-21 07:16:53','2023-12-21 07:16:53'),(74,'Modules\\User\\Entities\\User',2,'created','App\\Models\\AmbulanceInventory',3,'[]','{\"ambulance_id\":\"1\",\"name\":\"Oxyzen Cylinder\",\"unit_of_measurement\":\"Litre\",\"capacity\":\"40\",\"quantity\":\"2\",\"date\":\"2023-12-22\",\"id\":3}','https://parivaar.siplsolutions.com/api/v1/ambulance/add-ambulance-inventory','49.249.2.122','PostmanRuntime/7.36.0',NULL,'2023-12-22 06:15:55','2023-12-22 06:15:55'),(75,'Modules\\User\\Entities\\User',2,'updated','App\\Models\\AmbulanceInventory',3,'{\"quantity\":2,\"status\":\"Added\",\"date\":\"2023-12-22\",\"updated_by\":null}','{\"quantity\":\"20\",\"status\":\"Consumed\",\"date\":\"2023-12-12\",\"updated_by\":\"2\"}','https://parivaar.siplsolutions.com/api/v1/ambulance/update-ambulance-inventory','183.182.84.76','PostmanRuntime/7.36.0',NULL,'2023-12-22 06:28:35','2023-12-22 06:28:35'),(76,'Modules\\User\\Entities\\User',13,'created','App\\Models\\AmbulanceShift',19,'[]','{\"ambulance_id\":1,\"user_id\":13,\"user_type\":\"Driver\",\"type\":\"Permanent\",\"shift_type_id\":1,\"start_time\":\"08:00:00\",\"end_time\":\"05:00:00\",\"start_date\":\"2023-01-01\",\"id\":19}','https://parivaar.siplsolutions.com/api/v1/ambulance/add-ambulance-staff','54.86.50.139','PostmanRuntime/7.36.0',NULL,'2023-12-26 11:36:02','2023-12-26 11:36:02'),(77,'Modules\\User\\Entities\\User',13,'created','App\\Models\\AmbulanceShift',20,'[]','{\"ambulance_id\":1,\"user_id\":13,\"user_type\":\"Attendant\",\"type\":\"Permanent\",\"shift_type_id\":1,\"start_time\":\"08:00:00\",\"end_time\":\"05:00:00\",\"start_date\":\"2023-01-01\",\"id\":20}','https://parivaar.siplsolutions.com/api/v1/ambulance/add-ambulance-staff','54.86.50.139','PostmanRuntime/7.36.0',NULL,'2023-12-26 11:36:02','2023-12-26 11:36:02'),(78,'Modules\\User\\Entities\\User',2,'created','App\\Models\\AmbulanceInventory',4,'[]','{\"ambulance_id\":\"1\",\"name\":\"Oxyzen Cylinder\",\"unit_of_measurement\":\"Litre\",\"capacity\":\"40\",\"quantity\":\"2\",\"date\":\"2023-12-26\",\"id\":4}','https://parivaar.siplsolutions.com/api/v1/ambulance/add-ambulance-inventory','54.86.50.139','PostmanRuntime/7.36.0',NULL,'2023-12-26 11:40:41','2023-12-26 11:40:41'),(79,'Modules\\User\\Entities\\User',2,'updated','App\\Models\\AmbulanceInventory',3,'{\"quantity\":20}','{\"quantity\":\"40\"}','https://parivaar.siplsolutions.com/api/v1/ambulance/update-ambulance-inventory','54.86.50.139','PostmanRuntime/7.36.0',NULL,'2023-12-26 11:41:34','2023-12-26 11:41:34'),(80,'Modules\\User\\Entities\\User',1,'created','App\\Models\\User',14,'[]','{\"role_id\":\"2\",\"email\":\"adb@gmail.com\",\"first_name\":\"Mahendra\",\"last_name\":\"Bhide\",\"middle_name\":\"Singh\",\"gender\":\"male\",\"dob\":\"1996-04-28\",\"phone_no\":\"8959517038\",\"created_by\":1,\"is_verified\":1,\"district_id\":\"1\",\"state_id\":\"1\",\"profile_path\":\"https:\\/\\/parivaar.s3.ap-south-1.amazonaws.com\\/profile_pic\\/170383368018037\\/658e70507bbcd.png\",\"reporting_manager_id\":\"1\",\"joining_date\":\"2023-12-01\",\"address\":\"indore\",\"adhar_number\":\"987654321654\",\"pan_card_number\":\"aaaaaaaaaa\",\"aadhar_image_path\":\"https:\\/\\/parivaar.s3.ap-south-1.amazonaws.com\\/aadhar_doc\\/170383368046163\\/658e70508c9c4.png\",\"pan_image_path\":\"https:\\/\\/parivaar.s3.ap-south-1.amazonaws.com\\/pan_doc\\/170383368062454\\/658e70509759d.png\",\"id\":14}','https://parivaar.siplsolutions.com/human-resource/employees/add-user','49.249.2.122','Mozilla/5.0 (Macintosh; Intel Mac OS X 10_15_7) AppleWebKit/537.36 (KHTML, like Gecko) Chrome/120.0.0.0 Safari/537.36',NULL,'2023-12-29 07:08:00','2023-12-29 07:08:00'),(81,'Modules\\User\\Entities\\User',1,'updated','App\\Models\\User',14,'{\"employee_id\":\"\"}','{\"employee_id\":\"EMP14\"}','https://parivaar.siplsolutions.com/human-resource/employees/add-user','49.249.2.122','Mozilla/5.0 (Macintosh; Intel Mac OS X 10_15_7) AppleWebKit/537.36 (KHTML, like Gecko) Chrome/120.0.0.0 Safari/537.36',NULL,'2023-12-29 07:08:00','2023-12-29 07:08:00'),(82,'Modules\\User\\Entities\\User',1,'updated','App\\Models\\User',2,'{\"reporting_manager_id\":1,\"middle_name\":null,\"gender\":\"Female\",\"pan_card_number\":null,\"address\":null}','{\"reporting_manager_id\":null,\"middle_name\":\"\",\"gender\":\"male\",\"pan_card_number\":\"\",\"address\":\"\"}','https://parivaar.siplsolutions.com/human-resource/employees/update-user','49.43.0.129','Mozilla/5.0 (Windows NT 10.0; Win64; x64) AppleWebKit/537.36 (KHTML, like Gecko) Chrome/120.0.0.0 Safari/537.36',NULL,'2023-12-29 19:31:13','2023-12-29 19:31:13'),(83,NULL,NULL,'updated','App\\Models\\User',14,'{\"login_pin\":null}','{\"login_pin\":\"1234\"}','https://parivaar.siplsolutions.com/api/v1/create-pin','49.249.2.122','okhttp/4.9.2',NULL,'2024-01-03 07:25:19','2024-01-03 07:25:19'),(86,NULL,NULL,'updated','App\\Models\\User',13,'{\"login_pin\":null}','{\"login_pin\":\"1234\"}','https://parivaar.siplsolutions.com/api/v1/create-pin','49.249.2.122','PostmanRuntime/7.36.0',NULL,'2024-01-04 09:35:25','2024-01-04 09:35:25'),(87,'Modules\\User\\Entities\\User',1,'created','App\\Models\\District',3,'[]','{\"district_name\":\"Ujjain\",\"state_id\":\"1\",\"created_by\":1,\"updated_by\":1,\"id\":3}','https://parivaar.siplsolutions.com/master/district/add','49.249.2.122','Mozilla/5.0 (Windows NT 10.0; Win64; x64) AppleWebKit/537.36 (KHTML, like Gecko) Chrome/120.0.0.0 Safari/537.36',NULL,'2024-01-05 05:46:23','2024-01-05 05:46:23'),(88,'Modules\\User\\Entities\\User',1,'created','App\\Models\\District',4,'[]','{\"district_name\":\"Khandwa\",\"state_id\":\"1\",\"created_by\":1,\"updated_by\":1,\"id\":4}','https://parivaar.siplsolutions.com/master/district/add','49.249.2.122','Mozilla/5.0 (Windows NT 10.0; Win64; x64) AppleWebKit/537.36 (KHTML, like Gecko) Chrome/120.0.0.0 Safari/537.36',NULL,'2024-01-05 05:46:38','2024-01-05 05:46:38'),(89,'Modules\\User\\Entities\\User',1,'created','App\\Models\\State',2,'[]','{\"state_name\":\"Rajasthan\",\"created_by\":1,\"updated_by\":1,\"id\":2}','https://parivaar.siplsolutions.com/master/state/add','49.249.2.122','Mozilla/5.0 (Windows NT 10.0; Win64; x64) AppleWebKit/537.36 (KHTML, like Gecko) Chrome/120.0.0.0 Safari/537.36',NULL,'2024-01-05 05:46:49','2024-01-05 05:46:49'),(90,'Modules\\User\\Entities\\User',1,'created','App\\Models\\User',15,'[]','{\"role_id\":\"7\",\"email\":\"ankit@yopmail.com\",\"first_name\":\"Ankit\",\"last_name\":\"Tekam\",\"middle_name\":\"\",\"gender\":\"male\",\"dob\":\"2000-01-06\",\"phone_no\":\"9872220123\",\"created_by\":1,\"is_verified\":1,\"district_id\":1,\"state_id\":1,\"profile_path\":\"https:\\/\\/parivaar.s3.ap-south-1.amazonaws.com\\/profile_pic\\/17044337247781\\/6597983ce2472.png\",\"id\":15}','https://parivaar.siplsolutions.com/human-resource/employees/add-user','49.249.2.122','Mozilla/5.0 (Windows NT 10.0; Win64; x64) AppleWebKit/537.36 (KHTML, like Gecko) Chrome/120.0.0.0 Safari/537.36',NULL,'2024-01-05 05:48:45','2024-01-05 05:48:45'),(91,'Modules\\User\\Entities\\User',1,'updated','App\\Models\\User',15,'{\"employee_id\":\"\"}','{\"employee_id\":\"EMP15\"}','https://parivaar.siplsolutions.com/human-resource/employees/add-user','49.249.2.122','Mozilla/5.0 (Windows NT 10.0; Win64; x64) AppleWebKit/537.36 (KHTML, like Gecko) Chrome/120.0.0.0 Safari/537.36',NULL,'2024-01-05 05:48:45','2024-01-05 05:48:45'),(92,'Modules\\User\\Entities\\User',1,'created','App\\Models\\User',16,'[]','{\"role_id\":\"2\",\"email\":\"\",\"first_name\":\"Mohan\",\"last_name\":\"More\",\"middle_name\":\"\",\"gender\":\"male\",\"dob\":\"1990-01-09\",\"phone_no\":\"8979454455\",\"created_by\":1,\"is_verified\":1,\"district_id\":\"3\",\"state_id\":\"1\",\"profile_path\":\"https:\\/\\/parivaar.s3.ap-south-1.amazonaws.com\\/profile_pic\\/170443405667063\\/65979988f164c.png\",\"reporting_manager_id\":null,\"joining_date\":\"2023-01-01\",\"address\":\"shastri nagar, sanwer road, Ujjain, 456001\",\"adhar_number\":\"565711794918\",\"pan_card_number\":\"CQUPG6574D\",\"aadhar_image_path\":\"https:\\/\\/parivaar.s3.ap-south-1.amazonaws.com\\/aadhar_doc\\/170443405754745\\/6597998923c53.pdf\",\"pan_image_path\":\"https:\\/\\/parivaar.s3.ap-south-1.amazonaws.com\\/pan_doc\\/170443405796497\\/6597998934c53.pdf\",\"id\":16}','https://parivaar.siplsolutions.com/human-resource/employees/add-user','49.249.2.122','Mozilla/5.0 (Windows NT 10.0; Win64; x64) AppleWebKit/537.36 (KHTML, like Gecko) Chrome/120.0.0.0 Safari/537.36',NULL,'2024-01-05 05:54:17','2024-01-05 05:54:17'),(93,'Modules\\User\\Entities\\User',1,'updated','App\\Models\\User',16,'{\"employee_id\":\"\"}','{\"employee_id\":\"EMP16\"}','https://parivaar.siplsolutions.com/human-resource/employees/add-user','49.249.2.122','Mozilla/5.0 (Windows NT 10.0; Win64; x64) AppleWebKit/537.36 (KHTML, like Gecko) Chrome/120.0.0.0 Safari/537.36',NULL,'2024-01-05 05:54:17','2024-01-05 05:54:17'),(94,'Modules\\User\\Entities\\User',1,'created','App\\Models\\User',17,'[]','{\"role_id\":\"5\",\"email\":\"\",\"first_name\":\"Sandeep\",\"last_name\":\"Nagar\",\"middle_name\":\"\",\"gender\":\"male\",\"dob\":\"2001-02-01\",\"phone_no\":\"5463112222\",\"created_by\":1,\"is_verified\":1,\"district_id\":\"3\",\"state_id\":\"1\",\"profile_path\":\"https:\\/\\/parivaar.s3.ap-south-1.amazonaws.com\\/profile_pic\\/170443462936518\\/65979bc580989.png\",\"reporting_manager_id\":\"16\",\"joining_date\":\"2023-01-10\",\"address\":\"Sethi Nagar, Dewas Road, Ujjain\",\"adhar_number\":\"567871794215\",\"pan_card_number\":\"CQUFG6574D\",\"aadhar_image_path\":\"https:\\/\\/parivaar.s3.ap-south-1.amazonaws.com\\/aadhar_doc\\/170443462927001\\/65979bc5a2dae.pdf\",\"pan_image_path\":\"https:\\/\\/parivaar.s3.ap-south-1.amazonaws.com\\/pan_doc\\/1704434629408\\/65979bc5ae61e.pdf\",\"id\":17}','https://parivaar.siplsolutions.com/human-resource/employees/add-user','49.249.2.122','Mozilla/5.0 (Windows NT 10.0; Win64; x64) AppleWebKit/537.36 (KHTML, like Gecko) Chrome/120.0.0.0 Safari/537.36',NULL,'2024-01-05 06:03:49','2024-01-05 06:03:49'),(95,'Modules\\User\\Entities\\User',1,'updated','App\\Models\\User',17,'{\"employee_id\":\"\"}','{\"employee_id\":\"EMP17\"}','https://parivaar.siplsolutions.com/human-resource/employees/add-user','49.249.2.122','Mozilla/5.0 (Windows NT 10.0; Win64; x64) AppleWebKit/537.36 (KHTML, like Gecko) Chrome/120.0.0.0 Safari/537.36',NULL,'2024-01-05 06:03:49','2024-01-05 06:03:49'),(96,'Modules\\User\\Entities\\User',1,'updated','App\\Models\\User',17,'{\"updated_by\":null,\"reporting_manager_id\":16}','{\"updated_by\":1,\"reporting_manager_id\":null}','https://parivaar.siplsolutions.com/human-resource/employees/update-user','49.249.2.122','Mozilla/5.0 (Windows NT 10.0; Win64; x64) AppleWebKit/537.36 (KHTML, like Gecko) Chrome/120.0.0.0 Safari/537.36',NULL,'2024-01-05 06:11:19','2024-01-05 06:11:19'),(97,NULL,NULL,'updated','App\\Models\\User',2,'{\"login_pin\":0}','{\"login_pin\":\"1234\"}','https://parivaar.siplsolutions.com/api/v1/create-pin','183.182.84.76','okhttp/4.9.2',NULL,'2024-01-05 11:45:24','2024-01-05 11:45:24'),(100,'Modules\\User\\Entities\\User',1,'created','App\\Models\\Ambulance',6,'[]','{\"registration_number_available\":\"Yes\",\"make\":\"Force\",\"inauguration_date\":\"2024-01-08\",\"status\":\"Running\",\"number_plate_available\":\"Yes\",\"chassis_no\":\"JH4CU2F65AC031882\",\"district_id\":\"3\",\"ambulance_no\":\"MH 05 MG 8570\",\"registration_certificate_available\":\"Yes\",\"purchase_paper_available\":\"Yes\",\"fastags_available\":\"Yes\",\"sponsor_name\":\"\",\"invoice_no\":\"\",\"invoice_date\":null,\"date_of_delivery\":null,\"registration_date\":null,\"entry_date\":null,\"additional_notes\":\"\",\"created_by\":1,\"id\":6}','https://parivaar.siplsolutions.com/ambulance/store-ambulance','49.249.2.122','Mozilla/5.0 (Windows NT 10.0; Win64; x64) AppleWebKit/537.36 (KHTML, like Gecko) Chrome/120.0.0.0 Safari/537.36',NULL,'2024-01-08 10:10:51','2024-01-08 10:10:51'),(101,'Modules\\User\\Entities\\User',1,'created','App\\Models\\Ambulance',7,'[]','{\"registration_number_available\":\"Not Available\",\"make\":\"Maruti\",\"inauguration_date\":\"2024-01-08\",\"status\":\"Not Running\",\"number_plate_available\":\"Not Available\",\"chassis_no\":\"JH4CU2F65AC031892\",\"district_id\":\"4\",\"ambulance_no\":\"\",\"registration_certificate_available\":\"Yes\",\"purchase_paper_available\":\"Yes\",\"fastags_available\":\"Yes\",\"sponsor_name\":\"\",\"invoice_no\":\"\",\"invoice_date\":null,\"date_of_delivery\":null,\"registration_date\":null,\"entry_date\":null,\"additional_notes\":\"\",\"created_by\":1,\"number_plate_image_path\":\"https:\\/\\/parivaar.s3.ap-south-1.amazonaws.com\\/number_plate_doc\\/170470906450754\\/659bcbc8d884e.pdf\",\"id\":7}','https://parivaar.siplsolutions.com/ambulance/store-ambulance','49.249.2.122','Mozilla/5.0 (Windows NT 10.0; Win64; x64) AppleWebKit/537.36 (KHTML, like Gecko) Chrome/120.0.0.0 Safari/537.36',NULL,'2024-01-08 10:17:44','2024-01-08 10:17:44'),(102,'Modules\\User\\Entities\\User',1,'created','App\\Models\\AmbulanceInventory',5,'[]','{\"ambulance_id\":\"7\",\"name\":\"oxygen\",\"unit_of_measurement\":\"Litre\",\"capacity\":\"20\",\"quantity\":\"20\",\"created_by\":1,\"id\":5}','https://parivaar.siplsolutions.com/ambulance/store-inventory','49.249.2.122','Mozilla/5.0 (Windows NT 10.0; Win64; x64) AppleWebKit/537.36 (KHTML, like Gecko) Chrome/120.0.0.0 Safari/537.36',NULL,'2024-01-08 15:41:08','2024-01-08 15:41:08'),(103,'Modules\\User\\Entities\\User',1,'created','App\\Models\\AmbulanceInventory',6,'[]','{\"ambulance_id\":\"1\",\"name\":\"Bedsheet\",\"unit_of_measurement\":\"units\",\"capacity\":\"1\",\"quantity\":\"1\",\"created_by\":1,\"id\":6}','https://parivaar.siplsolutions.com/ambulance/store-inventory','49.249.2.122','Mozilla/5.0 (Windows NT 10.0; Win64; x64) AppleWebKit/537.36 (KHTML, like Gecko) Chrome/120.0.0.0 Safari/537.36',NULL,'2024-01-09 10:48:32','2024-01-09 10:48:32'),(104,'Modules\\User\\Entities\\User',1,'created','App\\Models\\AmbulanceInventory',7,'[]','{\"ambulance_id\":\"6\",\"name\":\"Bedsheet\",\"unit_of_measurement\":\"units\",\"capacity\":\"2\",\"quantity\":\"1\",\"created_by\":1,\"id\":7}','https://parivaar.siplsolutions.com/ambulance/store-inventory','49.249.2.122','Mozilla/5.0 (Windows NT 10.0; Win64; x64) AppleWebKit/537.36 (KHTML, like Gecko) Chrome/120.0.0.0 Safari/537.36',NULL,'2024-01-09 16:00:54','2024-01-09 16:00:54'),(105,'Modules\\User\\Entities\\User',1,'updated','App\\Models\\AmbulanceInventory',7,'{\"quantity\":1,\"updated_by\":null}','{\"quantity\":0,\"updated_by\":1}','https://parivaar.siplsolutions.com/ambulance/update-inventory','49.249.2.122','Mozilla/5.0 (Windows NT 10.0; Win64; x64) AppleWebKit/537.36 (KHTML, like Gecko) Chrome/120.0.0.0 Safari/537.36',NULL,'2024-01-09 16:01:13','2024-01-09 16:01:13'),(106,'Modules\\User\\Entities\\User',1,'updated','App\\Models\\AmbulanceInventory',5,'{\"quantity\":20,\"updated_by\":null}','{\"quantity\":16,\"updated_by\":1}','https://parivaar.siplsolutions.com/ambulance/update-inventory','49.249.2.122','Mozilla/5.0 (Windows NT 10.0; Win64; x64) AppleWebKit/537.36 (KHTML, like Gecko) Chrome/120.0.0.0 Safari/537.36',NULL,'2024-01-10 05:26:46','2024-01-10 05:26:46'),(107,'Modules\\User\\Entities\\User',1,'updated','App\\Models\\AmbulanceInventory',5,'{\"quantity\":16}','{\"quantity\":14}','https://parivaar.siplsolutions.com/ambulance/update-inventory','49.249.2.122','Mozilla/5.0 (Windows NT 10.0; Win64; x64) AppleWebKit/537.36 (KHTML, like Gecko) Chrome/120.0.0.0 Safari/537.36',NULL,'2024-01-10 05:44:15','2024-01-10 05:44:15'),(108,'Modules\\User\\Entities\\User',1,'updated','App\\Models\\Ambulance',6,'{\"sponsor_name\":\"\",\"invoice_no\":\"\",\"additional_notes\":\"\",\"registration_date\":null}','{\"sponsor_name\":null,\"invoice_no\":null,\"additional_notes\":null,\"registration_date\":\"2024-01-10\"}','https://parivaar.siplsolutions.com/ambulance/update-ambulance-info','49.249.2.122','Mozilla/5.0 (Windows NT 10.0; Win64; x64) AppleWebKit/537.36 (KHTML, like Gecko) Chrome/120.0.0.0 Safari/537.36',NULL,'2024-01-10 13:18:46','2024-01-10 13:18:46'),(109,'Modules\\User\\Entities\\User',1,'updated','App\\Models\\AmbulanceInventory',7,'{\"quantity\":0,\"date\":null}','{\"quantity\":1,\"date\":\"2024-01-10\"}','https://parivaar.siplsolutions.com/ambulance/update-inventory','49.249.2.122','Mozilla/5.0 (Windows NT 10.0; Win64; x64) AppleWebKit/537.36 (KHTML, like Gecko) Chrome/120.0.0.0 Safari/537.36',NULL,'2024-01-10 13:19:11','2024-01-10 13:19:11'),(110,'Modules\\User\\Entities\\User',1,'updated','App\\Models\\Ambulance',6,'{\"number_plate_image_path\":null}','{\"number_plate_image_path\":\"https:\\/\\/parivaar.s3.ap-south-1.amazonaws.com\\/number_plate_doc\\/170489294084748\\/659e9a0cb9644.pdf\"}','https://parivaar.siplsolutions.com/ambulance/update-ambulance-info','49.249.2.122','Mozilla/5.0 (Windows NT 10.0; Win64; x64) AppleWebKit/537.36 (KHTML, like Gecko) Chrome/120.0.0.0 Safari/537.36',NULL,'2024-01-10 13:22:20','2024-01-10 13:22:20'),(111,'Modules\\User\\Entities\\User',2,'created','App\\Models\\AmbulanceInventory',8,'[]','{\"ambulance_id\":\"1\",\"name\":\"Stretchers\",\"unit_of_measurement\":\"Each\",\"capacity\":\"1\",\"quantity\":\"2\",\"created_by\":\"13\",\"date\":\"2024-01-10\",\"id\":8}','https://parivaar.siplsolutions.com/api/v1/ambulance/add-ambulance-inventory','49.249.2.122','PostmanRuntime/7.36.0',NULL,'2024-01-10 13:51:42','2024-01-10 13:51:42'),(112,'Modules\\User\\Entities\\User',2,'updated','App\\Models\\AmbulanceInventory',8,'{\"quantity\":2,\"date\":\"2024-01-10\",\"updated_by\":null}','{\"quantity\":7,\"date\":\"2023-12-12\",\"updated_by\":\"8\"}','https://parivaar.siplsolutions.com/api/v1/ambulance/update-ambulance-inventory','49.249.2.122','PostmanRuntime/7.36.0',NULL,'2024-01-10 13:54:27','2024-01-10 13:54:27'),(113,'Modules\\User\\Entities\\User',2,'updated','App\\Models\\AmbulanceInventory',8,'{\"quantity\":7,\"status\":\"Added\"}','{\"quantity\":6,\"status\":\"Consumed\"}','https://parivaar.siplsolutions.com/api/v1/ambulance/update-ambulance-inventory','49.249.2.122','PostmanRuntime/7.36.0',NULL,'2024-01-10 13:55:42','2024-01-10 13:55:42'),(114,'Modules\\User\\Entities\\User',1,'updated','App\\Models\\User',13,'{\"updated_by\":null,\"reporting_manager_id\":1}','{\"updated_by\":1,\"reporting_manager_id\":null}','https://parivaar.siplsolutions.com/human-resource/employees/update-user','49.249.2.122','Mozilla/5.0 (Windows NT 10.0; Win64; x64) AppleWebKit/537.36 (KHTML, like Gecko) Chrome/120.0.0.0 Safari/537.36',NULL,'2024-01-10 16:17:05','2024-01-10 16:17:05'),(115,'Modules\\User\\Entities\\User',1,'created','App\\Models\\Ambulance',8,'[]','{\"registration_number_available\":\"Not Available\",\"make\":\"TATA\",\"inauguration_date\":\"2024-01-10\",\"status\":\"Running\",\"number_plate_available\":\"Not Available\",\"chassis_no\":\"131221\",\"district_id\":\"1\",\"ambulance_no\":null,\"registration_certificate_available\":\"Not Available\",\"purchase_paper_available\":\"Not Available\",\"fastags_available\":\"Not Available\",\"sponsor_name\":null,\"invoice_no\":null,\"invoice_date\":null,\"date_of_delivery\":null,\"registration_date\":null,\"entry_date\":null,\"additional_notes\":null,\"created_by\":1,\"number_plate_image_path\":\"https:\\/\\/parivaar.s3.ap-south-1.amazonaws.com\\/number_plate_doc\\/170495143787054\\/659f7e8de6fec.png\",\"id\":8}','https://parivaar.siplsolutions.com/ambulance/store-ambulance','49.249.2.122','Mozilla/5.0 (Windows NT 10.0; Win64; x64) AppleWebKit/537.36 (KHTML, like Gecko) Chrome/120.0.0.0 Safari/537.36',NULL,'2024-01-11 05:37:18','2024-01-11 05:37:18'),(116,'Modules\\User\\Entities\\User',14,'created','App\\Models\\User',18,'[]','{\"state_id\":\"2\",\"district_id\":\"2\",\"role_id\":\"2\",\"reporting_manager_id\":\"2\",\"first_name\":\"Rupali\",\"middle_name\":\"Chandra\",\"last_name\":\"Aadtiya\",\"gender\":\"Female\",\"dob\":\"1996-04-11\",\"phone_no\":\"7024408985\",\"email\":\"aadtiya@yopmail.com\",\"pan_card_number\":\"ADR56643544\",\"pan_image_path\":\"https:\\/\\/parivaar.s3.ap-south-1.amazonaws.com\\/pan_doc\\/170503892422076\\/65a0d44c4b08c.doc\",\"adhar_number\":\"564434343434\",\"aadhar_image_path\":\"https:\\/\\/parivaar.s3.ap-south-1.amazonaws.com\\/aadhar_doc\\/170503892489542\\/65a0d44c79a58.doc\",\"joining_date\":\"2021-04-19\",\"address\":\"Rajwada\",\"id\":18}','https://parivaar.siplsolutions.com/api/v1/add-employee','54.86.50.139','PostmanRuntime/7.36.0',NULL,'2024-01-12 05:55:24','2024-01-12 05:55:24'),(117,'Modules\\User\\Entities\\User',14,'updated','App\\Models\\User',18,'{\"employee_id\":\"\"}','{\"employee_id\":\"EMP18\"}','https://parivaar.siplsolutions.com/api/v1/add-employee','54.86.50.139','PostmanRuntime/7.36.0',NULL,'2024-01-12 05:55:24','2024-01-12 05:55:24'),(118,'Modules\\User\\Entities\\User',1,'created','App\\Models\\User',19,'[]','{\"role_id\":\"5\",\"email\":\"carl@yopmail.com\",\"first_name\":\"Carl\",\"last_name\":\"Zimmerman\",\"middle_name\":\"\",\"gender\":\"male\",\"dob\":\"2006-01-04\",\"phone_no\":\"9856756165\",\"created_by\":1,\"is_verified\":1,\"district_id\":\"1\",\"state_id\":\"1\",\"profile_path\":\"https:\\/\\/parivaar.s3.ap-south-1.amazonaws.com\\/profile_pic\\/170538608659321\\/65a6206662d7a.jpg\",\"reporting_manager_id\":\"2\",\"joining_date\":\"2024-01-10\",\"address\":\"New York\",\"adhar_number\":\"455463454656\",\"pan_card_number\":\"AD56466555\",\"aadhar_image_path\":\"https:\\/\\/parivaar.s3.ap-south-1.amazonaws.com\\/aadhar_doc\\/170538608615271\\/65a620669351f.jpg\",\"pan_image_path\":\"https:\\/\\/parivaar.s3.ap-south-1.amazonaws.com\\/pan_doc\\/170538608688860\\/65a620669b4c1.jpg\",\"id\":19}','https://parivaar.siplsolutions.com/human-resource/employees/add-user','49.249.2.122','Mozilla/5.0 (Windows NT 10.0; Win64; x64) AppleWebKit/537.36 (KHTML, like Gecko) Chrome/120.0.0.0 Safari/537.36',NULL,'2024-01-16 06:21:26','2024-01-16 06:21:26'),(119,'Modules\\User\\Entities\\User',1,'updated','App\\Models\\User',19,'{\"employee_id\":\"\"}','{\"employee_id\":\"EMP19\"}','https://parivaar.siplsolutions.com/human-resource/employees/add-user','49.249.2.122','Mozilla/5.0 (Windows NT 10.0; Win64; x64) AppleWebKit/537.36 (KHTML, like Gecko) Chrome/120.0.0.0 Safari/537.36',NULL,'2024-01-16 06:21:26','2024-01-16 06:21:26'),(120,'Modules\\User\\Entities\\User',1,'created','App\\Models\\AmbulanceShift',63,'[]','{\"ambulance_mapping_id\":3,\"user_type\":\"Driver\",\"type\":\"Permanent\",\"service_area\":\"Navlakha\",\"station_area\":\"Indore\",\"date\":\"2024-01-01\",\"created_by\":1,\"id\":63}','https://parivaar.siplsolutions.com/human-resource/employees/add-shift','49.249.2.122','Mozilla/5.0 (Windows NT 10.0; Win64; x64) AppleWebKit/537.36 (KHTML, like Gecko) Chrome/120.0.0.0 Safari/537.36',NULL,'2024-01-17 14:53:38','2024-01-17 14:53:38'),(121,'Modules\\User\\Entities\\User',1,'created','App\\Models\\AmbulanceShift',64,'[]','{\"ambulance_mapping_id\":3,\"user_type\":\"Driver\",\"type\":\"Permanent\",\"service_area\":\"Navlakha\",\"station_area\":\"Indore\",\"date\":\"2024-01-02\",\"created_by\":1,\"id\":64}','https://parivaar.siplsolutions.com/human-resource/employees/add-shift','49.249.2.122','Mozilla/5.0 (Windows NT 10.0; Win64; x64) AppleWebKit/537.36 (KHTML, like Gecko) Chrome/120.0.0.0 Safari/537.36',NULL,'2024-01-17 14:53:38','2024-01-17 14:53:38'),(122,'Modules\\User\\Entities\\User',1,'created','App\\Models\\AmbulanceShift',65,'[]','{\"ambulance_mapping_id\":3,\"user_type\":\"Driver\",\"type\":\"Permanent\",\"service_area\":\"Navlakha\",\"station_area\":\"Indore\",\"date\":\"2024-01-03\",\"created_by\":1,\"id\":65}','https://parivaar.siplsolutions.com/human-resource/employees/add-shift','49.249.2.122','Mozilla/5.0 (Windows NT 10.0; Win64; x64) AppleWebKit/537.36 (KHTML, like Gecko) Chrome/120.0.0.0 Safari/537.36',NULL,'2024-01-17 14:53:38','2024-01-17 14:53:38'),(123,'Modules\\User\\Entities\\User',1,'created','App\\Models\\AmbulanceShift',66,'[]','{\"ambulance_mapping_id\":3,\"user_type\":\"Driver\",\"type\":\"Permanent\",\"service_area\":\"Navlakha\",\"station_area\":\"Indore\",\"date\":\"2024-01-04\",\"created_by\":1,\"id\":66}','https://parivaar.siplsolutions.com/human-resource/employees/add-shift','49.249.2.122','Mozilla/5.0 (Windows NT 10.0; Win64; x64) AppleWebKit/537.36 (KHTML, like Gecko) Chrome/120.0.0.0 Safari/537.36',NULL,'2024-01-17 14:53:38','2024-01-17 14:53:38'),(124,'Modules\\User\\Entities\\User',1,'created','App\\Models\\AmbulanceShift',67,'[]','{\"ambulance_mapping_id\":3,\"user_type\":\"Driver\",\"type\":\"Permanent\",\"service_area\":\"Navlakha\",\"station_area\":\"Indore\",\"date\":\"2024-01-05\",\"created_by\":1,\"id\":67}','https://parivaar.siplsolutions.com/human-resource/employees/add-shift','49.249.2.122','Mozilla/5.0 (Windows NT 10.0; Win64; x64) AppleWebKit/537.36 (KHTML, like Gecko) Chrome/120.0.0.0 Safari/537.36',NULL,'2024-01-17 14:53:38','2024-01-17 14:53:38'),(125,'Modules\\User\\Entities\\User',1,'created','App\\Models\\AmbulanceShift',68,'[]','{\"ambulance_mapping_id\":3,\"user_type\":\"Driver\",\"type\":\"Permanent\",\"service_area\":\"Navlakha\",\"station_area\":\"Indore\",\"date\":\"2024-01-06\",\"created_by\":1,\"id\":68}','https://parivaar.siplsolutions.com/human-resource/employees/add-shift','49.249.2.122','Mozilla/5.0 (Windows NT 10.0; Win64; x64) AppleWebKit/537.36 (KHTML, like Gecko) Chrome/120.0.0.0 Safari/537.36',NULL,'2024-01-17 14:53:38','2024-01-17 14:53:38'),(126,'Modules\\User\\Entities\\User',1,'created','App\\Models\\AmbulanceShift',69,'[]','{\"ambulance_mapping_id\":3,\"user_type\":\"Driver\",\"type\":\"Permanent\",\"service_area\":\"Navlakha\",\"station_area\":\"Indore\",\"date\":\"2024-01-07\",\"created_by\":1,\"id\":69}','https://parivaar.siplsolutions.com/human-resource/employees/add-shift','49.249.2.122','Mozilla/5.0 (Windows NT 10.0; Win64; x64) AppleWebKit/537.36 (KHTML, like Gecko) Chrome/120.0.0.0 Safari/537.36',NULL,'2024-01-17 14:53:39','2024-01-17 14:53:39'),(127,'Modules\\User\\Entities\\User',1,'created','App\\Models\\AmbulanceShift',70,'[]','{\"ambulance_mapping_id\":3,\"user_type\":\"Driver\",\"type\":\"Permanent\",\"service_area\":\"Navlakha\",\"station_area\":\"Indore\",\"date\":\"2024-01-08\",\"created_by\":1,\"id\":70}','https://parivaar.siplsolutions.com/human-resource/employees/add-shift','49.249.2.122','Mozilla/5.0 (Windows NT 10.0; Win64; x64) AppleWebKit/537.36 (KHTML, like Gecko) Chrome/120.0.0.0 Safari/537.36',NULL,'2024-01-17 14:53:39','2024-01-17 14:53:39'),(128,'Modules\\User\\Entities\\User',1,'created','App\\Models\\AmbulanceShift',71,'[]','{\"ambulance_mapping_id\":3,\"user_type\":\"Driver\",\"type\":\"Permanent\",\"service_area\":\"Navlakha\",\"station_area\":\"Indore\",\"date\":\"2024-01-09\",\"created_by\":1,\"id\":71}','https://parivaar.siplsolutions.com/human-resource/employees/add-shift','49.249.2.122','Mozilla/5.0 (Windows NT 10.0; Win64; x64) AppleWebKit/537.36 (KHTML, like Gecko) Chrome/120.0.0.0 Safari/537.36',NULL,'2024-01-17 14:53:39','2024-01-17 14:53:39'),(129,'Modules\\User\\Entities\\User',1,'created','App\\Models\\AmbulanceShift',72,'[]','{\"ambulance_mapping_id\":3,\"user_type\":\"Driver\",\"type\":\"Permanent\",\"service_area\":\"Navlakha\",\"station_area\":\"Indore\",\"date\":\"2024-01-10\",\"created_by\":1,\"id\":72}','https://parivaar.siplsolutions.com/human-resource/employees/add-shift','49.249.2.122','Mozilla/5.0 (Windows NT 10.0; Win64; x64) AppleWebKit/537.36 (KHTML, like Gecko) Chrome/120.0.0.0 Safari/537.36',NULL,'2024-01-17 14:53:39','2024-01-17 14:53:39'),(130,'Modules\\User\\Entities\\User',1,'created','App\\Models\\AmbulanceShift',73,'[]','{\"ambulance_mapping_id\":3,\"user_type\":\"Driver\",\"type\":\"Permanent\",\"service_area\":\"Navlakha\",\"station_area\":\"Indore\",\"date\":\"2024-01-11\",\"created_by\":1,\"id\":73}','https://parivaar.siplsolutions.com/human-resource/employees/add-shift','49.249.2.122','Mozilla/5.0 (Windows NT 10.0; Win64; x64) AppleWebKit/537.36 (KHTML, like Gecko) Chrome/120.0.0.0 Safari/537.36',NULL,'2024-01-17 14:53:39','2024-01-17 14:53:39'),(131,'Modules\\User\\Entities\\User',1,'created','App\\Models\\AmbulanceShift',74,'[]','{\"ambulance_mapping_id\":3,\"user_type\":\"Driver\",\"type\":\"Permanent\",\"service_area\":\"Navlakha\",\"station_area\":\"Indore\",\"date\":\"2024-01-12\",\"created_by\":1,\"id\":74}','https://parivaar.siplsolutions.com/human-resource/employees/add-shift','49.249.2.122','Mozilla/5.0 (Windows NT 10.0; Win64; x64) AppleWebKit/537.36 (KHTML, like Gecko) Chrome/120.0.0.0 Safari/537.36',NULL,'2024-01-17 14:53:39','2024-01-17 14:53:39'),(132,'Modules\\User\\Entities\\User',1,'created','App\\Models\\AmbulanceShift',75,'[]','{\"ambulance_mapping_id\":3,\"user_type\":\"Driver\",\"type\":\"Permanent\",\"service_area\":\"Navlakha\",\"station_area\":\"Indore\",\"date\":\"2024-01-13\",\"created_by\":1,\"id\":75}','https://parivaar.siplsolutions.com/human-resource/employees/add-shift','49.249.2.122','Mozilla/5.0 (Windows NT 10.0; Win64; x64) AppleWebKit/537.36 (KHTML, like Gecko) Chrome/120.0.0.0 Safari/537.36',NULL,'2024-01-17 14:53:39','2024-01-17 14:53:39'),(133,'Modules\\User\\Entities\\User',1,'created','App\\Models\\AmbulanceShift',76,'[]','{\"ambulance_mapping_id\":3,\"user_type\":\"Driver\",\"type\":\"Permanent\",\"service_area\":\"Navlakha\",\"station_area\":\"Indore\",\"date\":\"2024-01-14\",\"created_by\":1,\"id\":76}','https://parivaar.siplsolutions.com/human-resource/employees/add-shift','49.249.2.122','Mozilla/5.0 (Windows NT 10.0; Win64; x64) AppleWebKit/537.36 (KHTML, like Gecko) Chrome/120.0.0.0 Safari/537.36',NULL,'2024-01-17 14:53:39','2024-01-17 14:53:39'),(134,'Modules\\User\\Entities\\User',1,'created','App\\Models\\AmbulanceShift',77,'[]','{\"ambulance_mapping_id\":3,\"user_type\":\"Driver\",\"type\":\"Permanent\",\"service_area\":\"Navlakha\",\"station_area\":\"Indore\",\"date\":\"2024-01-15\",\"created_by\":1,\"id\":77}','https://parivaar.siplsolutions.com/human-resource/employees/add-shift','49.249.2.122','Mozilla/5.0 (Windows NT 10.0; Win64; x64) AppleWebKit/537.36 (KHTML, like Gecko) Chrome/120.0.0.0 Safari/537.36',NULL,'2024-01-17 14:53:39','2024-01-17 14:53:39'),(135,'Modules\\User\\Entities\\User',1,'created','App\\Models\\AmbulanceShift',78,'[]','{\"ambulance_mapping_id\":3,\"user_type\":\"Driver\",\"type\":\"Permanent\",\"service_area\":\"Navlakha\",\"station_area\":\"Indore\",\"date\":\"2024-01-16\",\"created_by\":1,\"id\":78}','https://parivaar.siplsolutions.com/human-resource/employees/add-shift','49.249.2.122','Mozilla/5.0 (Windows NT 10.0; Win64; x64) AppleWebKit/537.36 (KHTML, like Gecko) Chrome/120.0.0.0 Safari/537.36',NULL,'2024-01-17 14:53:39','2024-01-17 14:53:39'),(136,'Modules\\User\\Entities\\User',1,'created','App\\Models\\AmbulanceShift',79,'[]','{\"ambulance_mapping_id\":3,\"user_type\":\"Driver\",\"type\":\"Permanent\",\"service_area\":\"Navlakha\",\"station_area\":\"Indore\",\"date\":\"2024-01-17\",\"created_by\":1,\"id\":79}','https://parivaar.siplsolutions.com/human-resource/employees/add-shift','49.249.2.122','Mozilla/5.0 (Windows NT 10.0; Win64; x64) AppleWebKit/537.36 (KHTML, like Gecko) Chrome/120.0.0.0 Safari/537.36',NULL,'2024-01-17 14:53:39','2024-01-17 14:53:39'),(137,'Modules\\User\\Entities\\User',1,'created','App\\Models\\AmbulanceShift',80,'[]','{\"ambulance_mapping_id\":3,\"user_type\":\"Driver\",\"type\":\"Permanent\",\"service_area\":\"as\",\"station_area\":\"as\",\"date\":\"2024-01-19\",\"created_by\":1,\"id\":80}','http://localhost/parivar/public/human-resource/employees/add-shift','::1','Mozilla/5.0 (Windows NT 10.0; Win64; x64) AppleWebKit/537.36 (KHTML, like Gecko) Chrome/120.0.0.0 Safari/537.36',NULL,'2024-01-18 05:13:09','2024-01-18 05:13:09'),(138,'Modules\\User\\Entities\\User',1,'created','App\\Models\\AmbulanceShift',81,'[]','{\"ambulance_mapping_id\":3,\"user_type\":\"Driver\",\"type\":\"Permanent\",\"service_area\":\"as\",\"station_area\":\"as\",\"date\":\"2024-01-20\",\"created_by\":1,\"id\":81}','http://localhost/parivar/public/human-resource/employees/add-shift','::1','Mozilla/5.0 (Windows NT 10.0; Win64; x64) AppleWebKit/537.36 (KHTML, like Gecko) Chrome/120.0.0.0 Safari/537.36',NULL,'2024-01-18 05:13:10','2024-01-18 05:13:10'),(139,'Modules\\User\\Entities\\User',1,'created','App\\Models\\AmbulanceShift',82,'[]','{\"ambulance_mapping_id\":3,\"user_type\":\"Driver\",\"type\":\"Permanent\",\"service_area\":\"as\",\"station_area\":\"as\",\"date\":\"2024-01-21\",\"created_by\":1,\"id\":82}','http://localhost/parivar/public/human-resource/employees/add-shift','::1','Mozilla/5.0 (Windows NT 10.0; Win64; x64) AppleWebKit/537.36 (KHTML, like Gecko) Chrome/120.0.0.0 Safari/537.36',NULL,'2024-01-18 05:13:10','2024-01-18 05:13:10'),(140,'Modules\\User\\Entities\\User',1,'created','App\\Models\\AmbulanceShift',83,'[]','{\"ambulance_mapping_id\":3,\"user_type\":\"Driver\",\"type\":\"Permanent\",\"service_area\":\"as\",\"station_area\":\"as\",\"date\":\"2024-01-22\",\"created_by\":1,\"id\":83}','http://localhost/parivar/public/human-resource/employees/add-shift','::1','Mozilla/5.0 (Windows NT 10.0; Win64; x64) AppleWebKit/537.36 (KHTML, like Gecko) Chrome/120.0.0.0 Safari/537.36',NULL,'2024-01-18 05:13:10','2024-01-18 05:13:10'),(141,'Modules\\User\\Entities\\User',1,'created','App\\Models\\AmbulanceShift',84,'[]','{\"ambulance_mapping_id\":3,\"user_type\":\"Driver\",\"type\":\"Permanent\",\"service_area\":\"as\",\"station_area\":\"as\",\"date\":\"2024-01-23\",\"created_by\":1,\"id\":84}','http://localhost/parivar/public/human-resource/employees/add-shift','::1','Mozilla/5.0 (Windows NT 10.0; Win64; x64) AppleWebKit/537.36 (KHTML, like Gecko) Chrome/120.0.0.0 Safari/537.36',NULL,'2024-01-18 05:13:10','2024-01-18 05:13:10'),(142,'Modules\\User\\Entities\\User',1,'created','App\\Models\\AmbulanceShift',85,'[]','{\"ambulance_mapping_id\":3,\"user_type\":\"Driver\",\"type\":\"Permanent\",\"service_area\":\"as\",\"station_area\":\"as\",\"date\":\"2024-01-24\",\"created_by\":1,\"id\":85}','http://localhost/parivar/public/human-resource/employees/add-shift','::1','Mozilla/5.0 (Windows NT 10.0; Win64; x64) AppleWebKit/537.36 (KHTML, like Gecko) Chrome/120.0.0.0 Safari/537.36',NULL,'2024-01-18 05:13:10','2024-01-18 05:13:10'),(143,'Modules\\User\\Entities\\User',1,'created','App\\Models\\AmbulanceShift',86,'[]','{\"ambulance_mapping_id\":3,\"user_type\":\"Driver\",\"type\":\"Permanent\",\"service_area\":\"as\",\"station_area\":\"as\",\"date\":\"2024-01-25\",\"created_by\":1,\"id\":86}','http://localhost/parivar/public/human-resource/employees/add-shift','::1','Mozilla/5.0 (Windows NT 10.0; Win64; x64) AppleWebKit/537.36 (KHTML, like Gecko) Chrome/120.0.0.0 Safari/537.36',NULL,'2024-01-18 05:13:10','2024-01-18 05:13:10'),(144,'Modules\\User\\Entities\\User',1,'created','App\\Models\\AmbulanceShift',87,'[]','{\"ambulance_mapping_id\":3,\"user_type\":\"Driver\",\"type\":\"Permanent\",\"service_area\":\"as\",\"station_area\":\"as\",\"date\":\"2024-01-26\",\"created_by\":1,\"id\":87}','http://localhost/parivar/public/human-resource/employees/add-shift','::1','Mozilla/5.0 (Windows NT 10.0; Win64; x64) AppleWebKit/537.36 (KHTML, like Gecko) Chrome/120.0.0.0 Safari/537.36',NULL,'2024-01-18 05:13:10','2024-01-18 05:13:10'),(145,'Modules\\User\\Entities\\User',1,'created','App\\Models\\AmbulanceShift',88,'[]','{\"ambulance_mapping_id\":3,\"user_type\":\"Driver\",\"type\":\"Permanent\",\"service_area\":\"as\",\"station_area\":\"as\",\"date\":\"2024-01-27\",\"created_by\":1,\"id\":88}','http://localhost/parivar/public/human-resource/employees/add-shift','::1','Mozilla/5.0 (Windows NT 10.0; Win64; x64) AppleWebKit/537.36 (KHTML, like Gecko) Chrome/120.0.0.0 Safari/537.36',NULL,'2024-01-18 05:13:11','2024-01-18 05:13:11'),(146,'Modules\\User\\Entities\\User',1,'created','App\\Models\\AmbulanceShift',89,'[]','{\"ambulance_mapping_id\":3,\"user_type\":\"Driver\",\"type\":\"Permanent\",\"service_area\":\"as\",\"station_area\":\"as\",\"date\":\"2024-01-28\",\"created_by\":1,\"id\":89}','http://localhost/parivar/public/human-resource/employees/add-shift','::1','Mozilla/5.0 (Windows NT 10.0; Win64; x64) AppleWebKit/537.36 (KHTML, like Gecko) Chrome/120.0.0.0 Safari/537.36',NULL,'2024-01-18 05:13:11','2024-01-18 05:13:11'),(147,'Modules\\User\\Entities\\User',1,'created','App\\Models\\AmbulanceShift',90,'[]','{\"ambulance_mapping_id\":3,\"user_type\":\"Driver\",\"type\":\"Permanent\",\"service_area\":\"as\",\"station_area\":\"as\",\"date\":\"2024-01-29\",\"created_by\":1,\"id\":90}','http://localhost/parivar/public/human-resource/employees/add-shift','::1','Mozilla/5.0 (Windows NT 10.0; Win64; x64) AppleWebKit/537.36 (KHTML, like Gecko) Chrome/120.0.0.0 Safari/537.36',NULL,'2024-01-18 05:13:11','2024-01-18 05:13:11'),(148,'Modules\\User\\Entities\\User',1,'created','App\\Models\\AmbulanceShift',91,'[]','{\"ambulance_mapping_id\":3,\"user_type\":\"Driver\",\"type\":\"Permanent\",\"service_area\":\"as\",\"station_area\":\"as\",\"date\":\"2024-01-30\",\"created_by\":1,\"id\":91}','http://localhost/parivar/public/human-resource/employees/add-shift','::1','Mozilla/5.0 (Windows NT 10.0; Win64; x64) AppleWebKit/537.36 (KHTML, like Gecko) Chrome/120.0.0.0 Safari/537.36',NULL,'2024-01-18 05:13:11','2024-01-18 05:13:11'),(149,'Modules\\User\\Entities\\User',1,'created','App\\Models\\AmbulanceShift',92,'[]','{\"ambulance_mapping_id\":3,\"user_type\":\"Driver\",\"type\":\"Permanent\",\"service_area\":\"as\",\"station_area\":\"as\",\"date\":\"2024-01-31\",\"created_by\":1,\"id\":92}','http://localhost/parivar/public/human-resource/employees/add-shift','::1','Mozilla/5.0 (Windows NT 10.0; Win64; x64) AppleWebKit/537.36 (KHTML, like Gecko) Chrome/120.0.0.0 Safari/537.36',NULL,'2024-01-18 05:13:11','2024-01-18 05:13:11'),(150,'Modules\\User\\Entities\\User',1,'created','App\\Models\\AmbulanceShift',93,'[]','{\"ambulance_mapping_id\":6,\"user_type\":\"Driver\",\"type\":\"Permanent\",\"service_area\":\"as\",\"station_area\":\"as\",\"date\":\"2024-01-22\",\"created_by\":1,\"id\":93}','http://localhost/parivar/public/human-resource/employees/add-shift','::1','Mozilla/5.0 (Windows NT 10.0; Win64; x64) AppleWebKit/537.36 (KHTML, like Gecko) Chrome/120.0.0.0 Safari/537.36',NULL,'2024-01-19 11:12:01','2024-01-19 11:12:01'),(151,'Modules\\User\\Entities\\User',1,'updated','App\\Models\\Ambulance',7,'{\"ambulance_no\":\"\",\"sponsor_name\":\"\",\"invoice_no\":\"\",\"additional_notes\":\"\"}','{\"ambulance_no\":null,\"sponsor_name\":null,\"invoice_no\":null,\"additional_notes\":null}','https://parivaar.siplsolutions.com/ambulance/update-ambulance-info','49.249.2.122','Mozilla/5.0 (Windows NT 10.0; Win64; x64) AppleWebKit/537.36 (KHTML, like Gecko) Chrome/120.0.0.0 Safari/537.36',NULL,'2024-01-21 10:42:39','2024-01-21 10:42:39'),(152,'Modules\\User\\Entities\\User',1,'created','App\\Models\\AmbulanceShift',94,'[]','{\"ambulance_mapping_id\":7,\"user_type\":\"Driver\",\"type\":\"Permanent\",\"service_area\":\"vijaynagar\",\"station_area\":\"Indore\",\"date\":\"2024-01-22\",\"created_by\":1,\"id\":94}','https://parivaar.siplsolutions.com/ambulance/assign-shift','49.249.2.122','Mozilla/5.0 (Windows NT 10.0; Win64; x64) AppleWebKit/537.36 (KHTML, like Gecko) Chrome/120.0.0.0 Safari/537.36',NULL,'2024-01-22 06:17:40','2024-01-22 06:17:40'),(153,'Modules\\User\\Entities\\User',1,'created','App\\Models\\AmbulanceShift',95,'[]','{\"ambulance_mapping_id\":7,\"user_type\":\"Driver\",\"type\":\"Permanent\",\"service_area\":\"vijaynagar\",\"station_area\":\"Indore\",\"date\":\"2024-01-23\",\"created_by\":1,\"id\":95}','https://parivaar.siplsolutions.com/ambulance/assign-shift','49.249.2.122','Mozilla/5.0 (Windows NT 10.0; Win64; x64) AppleWebKit/537.36 (KHTML, like Gecko) Chrome/120.0.0.0 Safari/537.36',NULL,'2024-01-22 06:17:40','2024-01-22 06:17:40'),(154,'Modules\\User\\Entities\\User',1,'created','App\\Models\\AmbulanceShift',96,'[]','{\"ambulance_mapping_id\":7,\"user_type\":\"Driver\",\"type\":\"Permanent\",\"service_area\":\"vijaynagar\",\"station_area\":\"Indore\",\"date\":\"2024-01-24\",\"created_by\":1,\"id\":96}','https://parivaar.siplsolutions.com/ambulance/assign-shift','49.249.2.122','Mozilla/5.0 (Windows NT 10.0; Win64; x64) AppleWebKit/537.36 (KHTML, like Gecko) Chrome/120.0.0.0 Safari/537.36',NULL,'2024-01-22 06:17:40','2024-01-22 06:17:40'),(155,'Modules\\User\\Entities\\User',1,'created','App\\Models\\AmbulanceShift',97,'[]','{\"ambulance_mapping_id\":7,\"user_type\":\"Driver\",\"type\":\"Permanent\",\"service_area\":\"vijaynagar\",\"station_area\":\"Indore\",\"date\":\"2024-01-25\",\"created_by\":1,\"id\":97}','https://parivaar.siplsolutions.com/ambulance/assign-shift','49.249.2.122','Mozilla/5.0 (Windows NT 10.0; Win64; x64) AppleWebKit/537.36 (KHTML, like Gecko) Chrome/120.0.0.0 Safari/537.36',NULL,'2024-01-22 06:17:40','2024-01-22 06:17:40'),(156,'Modules\\User\\Entities\\User',1,'created','App\\Models\\AmbulanceShift',98,'[]','{\"ambulance_mapping_id\":7,\"user_type\":\"Driver\",\"type\":\"Permanent\",\"service_area\":\"vijaynagar\",\"station_area\":\"Indore\",\"date\":\"2024-01-26\",\"created_by\":1,\"id\":98}','https://parivaar.siplsolutions.com/ambulance/assign-shift','49.249.2.122','Mozilla/5.0 (Windows NT 10.0; Win64; x64) AppleWebKit/537.36 (KHTML, like Gecko) Chrome/120.0.0.0 Safari/537.36',NULL,'2024-01-22 06:17:40','2024-01-22 06:17:40'),(157,'Modules\\User\\Entities\\User',1,'created','App\\Models\\AmbulanceShift',99,'[]','{\"ambulance_mapping_id\":7,\"user_type\":\"Driver\",\"type\":\"Permanent\",\"service_area\":\"vijaynagar\",\"station_area\":\"Indore\",\"date\":\"2024-01-27\",\"created_by\":1,\"id\":99}','https://parivaar.siplsolutions.com/ambulance/assign-shift','49.249.2.122','Mozilla/5.0 (Windows NT 10.0; Win64; x64) AppleWebKit/537.36 (KHTML, like Gecko) Chrome/120.0.0.0 Safari/537.36',NULL,'2024-01-22 06:17:40','2024-01-22 06:17:40'),(158,'Modules\\User\\Entities\\User',1,'created','App\\Models\\AmbulanceShift',100,'[]','{\"ambulance_mapping_id\":7,\"user_type\":\"Driver\",\"type\":\"Permanent\",\"service_area\":\"vijaynagar\",\"station_area\":\"Indore\",\"date\":\"2024-01-28\",\"created_by\":1,\"id\":100}','https://parivaar.siplsolutions.com/ambulance/assign-shift','49.249.2.122','Mozilla/5.0 (Windows NT 10.0; Win64; x64) AppleWebKit/537.36 (KHTML, like Gecko) Chrome/120.0.0.0 Safari/537.36',NULL,'2024-01-22 06:17:40','2024-01-22 06:17:40'),(159,'Modules\\User\\Entities\\User',1,'created','App\\Models\\AmbulanceShift',101,'[]','{\"ambulance_mapping_id\":7,\"user_type\":\"Driver\",\"type\":\"Permanent\",\"service_area\":\"vijaynagar\",\"station_area\":\"Indore\",\"date\":\"2024-01-29\",\"created_by\":1,\"id\":101}','https://parivaar.siplsolutions.com/ambulance/assign-shift','49.249.2.122','Mozilla/5.0 (Windows NT 10.0; Win64; x64) AppleWebKit/537.36 (KHTML, like Gecko) Chrome/120.0.0.0 Safari/537.36',NULL,'2024-01-22 06:17:40','2024-01-22 06:17:40'),(160,'Modules\\User\\Entities\\User',1,'created','App\\Models\\AmbulanceShift',102,'[]','{\"ambulance_mapping_id\":7,\"user_type\":\"Driver\",\"type\":\"Permanent\",\"service_area\":\"vijaynagar\",\"station_area\":\"Indore\",\"date\":\"2024-01-30\",\"created_by\":1,\"id\":102}','https://parivaar.siplsolutions.com/ambulance/assign-shift','49.249.2.122','Mozilla/5.0 (Windows NT 10.0; Win64; x64) AppleWebKit/537.36 (KHTML, like Gecko) Chrome/120.0.0.0 Safari/537.36',NULL,'2024-01-22 06:17:40','2024-01-22 06:17:40'),(161,'Modules\\User\\Entities\\User',1,'created','App\\Models\\AmbulanceShift',103,'[]','{\"ambulance_mapping_id\":7,\"user_type\":\"Driver\",\"type\":\"Permanent\",\"service_area\":\"vijaynagar\",\"station_area\":\"Indore\",\"date\":\"2024-01-31\",\"created_by\":1,\"id\":103}','https://parivaar.siplsolutions.com/ambulance/assign-shift','49.249.2.122','Mozilla/5.0 (Windows NT 10.0; Win64; x64) AppleWebKit/537.36 (KHTML, like Gecko) Chrome/120.0.0.0 Safari/537.36',NULL,'2024-01-22 06:17:40','2024-01-22 06:17:40'),(162,'Modules\\User\\Entities\\User',1,'created','App\\Models\\AmbulanceShift',104,'[]','{\"ambulance_mapping_id\":7,\"user_type\":\"Driver\",\"type\":\"Permanent\",\"service_area\":\"vijaynagar\",\"station_area\":\"Indore\",\"date\":\"2024-02-01\",\"created_by\":1,\"id\":104}','https://parivaar.siplsolutions.com/ambulance/assign-shift','49.249.2.122','Mozilla/5.0 (Windows NT 10.0; Win64; x64) AppleWebKit/537.36 (KHTML, like Gecko) Chrome/120.0.0.0 Safari/537.36',NULL,'2024-01-22 06:17:40','2024-01-22 06:17:40'),(163,'Modules\\User\\Entities\\User',1,'created','App\\Models\\AmbulanceShift',105,'[]','{\"ambulance_mapping_id\":7,\"user_type\":\"Driver\",\"type\":\"Permanent\",\"service_area\":\"vijaynagar\",\"station_area\":\"Indore\",\"date\":\"2024-02-02\",\"created_by\":1,\"id\":105}','https://parivaar.siplsolutions.com/ambulance/assign-shift','49.249.2.122','Mozilla/5.0 (Windows NT 10.0; Win64; x64) AppleWebKit/537.36 (KHTML, like Gecko) Chrome/120.0.0.0 Safari/537.36',NULL,'2024-01-22 06:17:40','2024-01-22 06:17:40'),(164,'Modules\\User\\Entities\\User',1,'created','App\\Models\\AmbulanceShift',106,'[]','{\"ambulance_mapping_id\":7,\"user_type\":\"Driver\",\"type\":\"Permanent\",\"service_area\":\"vijaynagar\",\"station_area\":\"Indore\",\"date\":\"2024-02-03\",\"created_by\":1,\"id\":106}','https://parivaar.siplsolutions.com/ambulance/assign-shift','49.249.2.122','Mozilla/5.0 (Windows NT 10.0; Win64; x64) AppleWebKit/537.36 (KHTML, like Gecko) Chrome/120.0.0.0 Safari/537.36',NULL,'2024-01-22 06:17:40','2024-01-22 06:17:40'),(165,'Modules\\User\\Entities\\User',1,'created','App\\Models\\AmbulanceShift',107,'[]','{\"ambulance_mapping_id\":7,\"user_type\":\"Driver\",\"type\":\"Permanent\",\"service_area\":\"vijaynagar\",\"station_area\":\"Indore\",\"date\":\"2024-02-04\",\"created_by\":1,\"id\":107}','https://parivaar.siplsolutions.com/ambulance/assign-shift','49.249.2.122','Mozilla/5.0 (Windows NT 10.0; Win64; x64) AppleWebKit/537.36 (KHTML, like Gecko) Chrome/120.0.0.0 Safari/537.36',NULL,'2024-01-22 06:17:40','2024-01-22 06:17:40'),(166,'Modules\\User\\Entities\\User',1,'created','App\\Models\\AmbulanceShift',108,'[]','{\"ambulance_mapping_id\":7,\"user_type\":\"Driver\",\"type\":\"Permanent\",\"service_area\":\"vijaynagar\",\"station_area\":\"Indore\",\"date\":\"2024-02-05\",\"created_by\":1,\"id\":108}','https://parivaar.siplsolutions.com/ambulance/assign-shift','49.249.2.122','Mozilla/5.0 (Windows NT 10.0; Win64; x64) AppleWebKit/537.36 (KHTML, like Gecko) Chrome/120.0.0.0 Safari/537.36',NULL,'2024-01-22 06:17:40','2024-01-22 06:17:40'),(167,'Modules\\User\\Entities\\User',1,'created','App\\Models\\AmbulanceShift',109,'[]','{\"ambulance_mapping_id\":7,\"user_type\":\"Driver\",\"type\":\"Permanent\",\"service_area\":\"vijaynagar\",\"station_area\":\"Indore\",\"date\":\"2024-02-06\",\"created_by\":1,\"id\":109}','https://parivaar.siplsolutions.com/ambulance/assign-shift','49.249.2.122','Mozilla/5.0 (Windows NT 10.0; Win64; x64) AppleWebKit/537.36 (KHTML, like Gecko) Chrome/120.0.0.0 Safari/537.36',NULL,'2024-01-22 06:17:40','2024-01-22 06:17:40'),(168,'Modules\\User\\Entities\\User',1,'created','App\\Models\\AmbulanceShift',110,'[]','{\"ambulance_mapping_id\":7,\"user_type\":\"Driver\",\"type\":\"Permanent\",\"service_area\":\"vijaynagar\",\"station_area\":\"Indore\",\"date\":\"2024-02-07\",\"created_by\":1,\"id\":110}','https://parivaar.siplsolutions.com/ambulance/assign-shift','49.249.2.122','Mozilla/5.0 (Windows NT 10.0; Win64; x64) AppleWebKit/537.36 (KHTML, like Gecko) Chrome/120.0.0.0 Safari/537.36',NULL,'2024-01-22 06:17:40','2024-01-22 06:17:40'),(169,'Modules\\User\\Entities\\User',1,'created','App\\Models\\AmbulanceShift',111,'[]','{\"ambulance_mapping_id\":7,\"user_type\":\"Driver\",\"type\":\"Permanent\",\"service_area\":\"vijaynagar\",\"station_area\":\"Indore\",\"date\":\"2024-02-08\",\"created_by\":1,\"id\":111}','https://parivaar.siplsolutions.com/ambulance/assign-shift','49.249.2.122','Mozilla/5.0 (Windows NT 10.0; Win64; x64) AppleWebKit/537.36 (KHTML, like Gecko) Chrome/120.0.0.0 Safari/537.36',NULL,'2024-01-22 06:17:40','2024-01-22 06:17:40'),(170,'Modules\\User\\Entities\\User',1,'created','App\\Models\\AmbulanceShift',112,'[]','{\"ambulance_mapping_id\":7,\"user_type\":\"Driver\",\"type\":\"Permanent\",\"service_area\":\"vijaynagar\",\"station_area\":\"Indore\",\"date\":\"2024-02-09\",\"created_by\":1,\"id\":112}','https://parivaar.siplsolutions.com/ambulance/assign-shift','49.249.2.122','Mozilla/5.0 (Windows NT 10.0; Win64; x64) AppleWebKit/537.36 (KHTML, like Gecko) Chrome/120.0.0.0 Safari/537.36',NULL,'2024-01-22 06:17:40','2024-01-22 06:17:40'),(171,'Modules\\User\\Entities\\User',1,'created','App\\Models\\AmbulanceShift',113,'[]','{\"ambulance_mapping_id\":7,\"user_type\":\"Driver\",\"type\":\"Permanent\",\"service_area\":\"vijaynagar\",\"station_area\":\"Indore\",\"date\":\"2024-02-10\",\"created_by\":1,\"id\":113}','https://parivaar.siplsolutions.com/ambulance/assign-shift','49.249.2.122','Mozilla/5.0 (Windows NT 10.0; Win64; x64) AppleWebKit/537.36 (KHTML, like Gecko) Chrome/120.0.0.0 Safari/537.36',NULL,'2024-01-22 06:17:40','2024-01-22 06:17:40'),(172,'Modules\\User\\Entities\\User',1,'created','App\\Models\\AmbulanceShift',114,'[]','{\"ambulance_mapping_id\":7,\"user_type\":\"Driver\",\"type\":\"Permanent\",\"service_area\":\"vijaynagar\",\"station_area\":\"Indore\",\"date\":\"2024-02-11\",\"created_by\":1,\"id\":114}','https://parivaar.siplsolutions.com/ambulance/assign-shift','49.249.2.122','Mozilla/5.0 (Windows NT 10.0; Win64; x64) AppleWebKit/537.36 (KHTML, like Gecko) Chrome/120.0.0.0 Safari/537.36',NULL,'2024-01-22 06:17:40','2024-01-22 06:17:40'),(173,'Modules\\User\\Entities\\User',1,'created','App\\Models\\AmbulanceShift',115,'[]','{\"ambulance_mapping_id\":7,\"user_type\":\"Driver\",\"type\":\"Permanent\",\"service_area\":\"vijaynagar\",\"station_area\":\"Indore\",\"date\":\"2024-02-12\",\"created_by\":1,\"id\":115}','https://parivaar.siplsolutions.com/ambulance/assign-shift','49.249.2.122','Mozilla/5.0 (Windows NT 10.0; Win64; x64) AppleWebKit/537.36 (KHTML, like Gecko) Chrome/120.0.0.0 Safari/537.36',NULL,'2024-01-22 06:17:40','2024-01-22 06:17:40'),(174,'Modules\\User\\Entities\\User',1,'created','App\\Models\\AmbulanceShift',116,'[]','{\"ambulance_mapping_id\":7,\"user_type\":\"Driver\",\"type\":\"Permanent\",\"service_area\":\"vijaynagar\",\"station_area\":\"Indore\",\"date\":\"2024-02-13\",\"created_by\":1,\"id\":116}','https://parivaar.siplsolutions.com/ambulance/assign-shift','49.249.2.122','Mozilla/5.0 (Windows NT 10.0; Win64; x64) AppleWebKit/537.36 (KHTML, like Gecko) Chrome/120.0.0.0 Safari/537.36',NULL,'2024-01-22 06:17:40','2024-01-22 06:17:40'),(175,'Modules\\User\\Entities\\User',1,'created','App\\Models\\AmbulanceShift',117,'[]','{\"ambulance_mapping_id\":7,\"user_type\":\"Driver\",\"type\":\"Permanent\",\"service_area\":\"vijaynagar\",\"station_area\":\"Indore\",\"date\":\"2024-02-14\",\"created_by\":1,\"id\":117}','https://parivaar.siplsolutions.com/ambulance/assign-shift','49.249.2.122','Mozilla/5.0 (Windows NT 10.0; Win64; x64) AppleWebKit/537.36 (KHTML, like Gecko) Chrome/120.0.0.0 Safari/537.36',NULL,'2024-01-22 06:17:40','2024-01-22 06:17:40'),(176,'Modules\\User\\Entities\\User',1,'created','App\\Models\\AmbulanceShift',118,'[]','{\"ambulance_mapping_id\":7,\"user_type\":\"Driver\",\"type\":\"Permanent\",\"service_area\":\"vijaynagar\",\"station_area\":\"Indore\",\"date\":\"2024-02-15\",\"created_by\":1,\"id\":118}','https://parivaar.siplsolutions.com/ambulance/assign-shift','49.249.2.122','Mozilla/5.0 (Windows NT 10.0; Win64; x64) AppleWebKit/537.36 (KHTML, like Gecko) Chrome/120.0.0.0 Safari/537.36',NULL,'2024-01-22 06:17:40','2024-01-22 06:17:40'),(177,'Modules\\User\\Entities\\User',1,'created','App\\Models\\AmbulanceShift',119,'[]','{\"ambulance_mapping_id\":7,\"user_type\":\"Driver\",\"type\":\"Permanent\",\"service_area\":\"vijaynagar\",\"station_area\":\"Indore\",\"date\":\"2024-02-16\",\"created_by\":1,\"id\":119}','https://parivaar.siplsolutions.com/ambulance/assign-shift','49.249.2.122','Mozilla/5.0 (Windows NT 10.0; Win64; x64) AppleWebKit/537.36 (KHTML, like Gecko) Chrome/120.0.0.0 Safari/537.36',NULL,'2024-01-22 06:17:40','2024-01-22 06:17:40'),(178,'Modules\\User\\Entities\\User',1,'created','App\\Models\\AmbulanceShift',120,'[]','{\"ambulance_mapping_id\":7,\"user_type\":\"Driver\",\"type\":\"Permanent\",\"service_area\":\"vijaynagar\",\"station_area\":\"Indore\",\"date\":\"2024-02-17\",\"created_by\":1,\"id\":120}','https://parivaar.siplsolutions.com/ambulance/assign-shift','49.249.2.122','Mozilla/5.0 (Windows NT 10.0; Win64; x64) AppleWebKit/537.36 (KHTML, like Gecko) Chrome/120.0.0.0 Safari/537.36',NULL,'2024-01-22 06:17:40','2024-01-22 06:17:40'),(179,'Modules\\User\\Entities\\User',1,'created','App\\Models\\AmbulanceShift',121,'[]','{\"ambulance_mapping_id\":7,\"user_type\":\"Driver\",\"type\":\"Permanent\",\"service_area\":\"vijaynagar\",\"station_area\":\"Indore\",\"date\":\"2024-02-18\",\"created_by\":1,\"id\":121}','https://parivaar.siplsolutions.com/ambulance/assign-shift','49.249.2.122','Mozilla/5.0 (Windows NT 10.0; Win64; x64) AppleWebKit/537.36 (KHTML, like Gecko) Chrome/120.0.0.0 Safari/537.36',NULL,'2024-01-22 06:17:40','2024-01-22 06:17:40'),(180,'Modules\\User\\Entities\\User',1,'created','App\\Models\\AmbulanceShift',122,'[]','{\"ambulance_mapping_id\":7,\"user_type\":\"Driver\",\"type\":\"Permanent\",\"service_area\":\"vijaynagar\",\"station_area\":\"Indore\",\"date\":\"2024-02-19\",\"created_by\":1,\"id\":122}','https://parivaar.siplsolutions.com/ambulance/assign-shift','49.249.2.122','Mozilla/5.0 (Windows NT 10.0; Win64; x64) AppleWebKit/537.36 (KHTML, like Gecko) Chrome/120.0.0.0 Safari/537.36',NULL,'2024-01-22 06:17:40','2024-01-22 06:17:40'),(181,'Modules\\User\\Entities\\User',1,'created','App\\Models\\AmbulanceShift',123,'[]','{\"ambulance_mapping_id\":7,\"user_type\":\"Driver\",\"type\":\"Permanent\",\"service_area\":\"vijaynagar\",\"station_area\":\"Indore\",\"date\":\"2024-02-20\",\"created_by\":1,\"id\":123}','https://parivaar.siplsolutions.com/ambulance/assign-shift','49.249.2.122','Mozilla/5.0 (Windows NT 10.0; Win64; x64) AppleWebKit/537.36 (KHTML, like Gecko) Chrome/120.0.0.0 Safari/537.36',NULL,'2024-01-22 06:17:40','2024-01-22 06:17:40'),(182,'Modules\\User\\Entities\\User',1,'created','App\\Models\\AmbulanceShift',124,'[]','{\"ambulance_mapping_id\":7,\"user_type\":\"Driver\",\"type\":\"Permanent\",\"service_area\":\"vijaynagar\",\"station_area\":\"Indore\",\"date\":\"2024-02-21\",\"created_by\":1,\"id\":124}','https://parivaar.siplsolutions.com/ambulance/assign-shift','49.249.2.122','Mozilla/5.0 (Windows NT 10.0; Win64; x64) AppleWebKit/537.36 (KHTML, like Gecko) Chrome/120.0.0.0 Safari/537.36',NULL,'2024-01-22 06:17:40','2024-01-22 06:17:40'),(183,'Modules\\User\\Entities\\User',1,'created','App\\Models\\AmbulanceShift',125,'[]','{\"ambulance_mapping_id\":7,\"user_type\":\"Driver\",\"type\":\"Permanent\",\"service_area\":\"vijaynagar\",\"station_area\":\"Indore\",\"date\":\"2024-02-22\",\"created_by\":1,\"id\":125}','https://parivaar.siplsolutions.com/ambulance/assign-shift','49.249.2.122','Mozilla/5.0 (Windows NT 10.0; Win64; x64) AppleWebKit/537.36 (KHTML, like Gecko) Chrome/120.0.0.0 Safari/537.36',NULL,'2024-01-22 06:17:40','2024-01-22 06:17:40'),(184,'Modules\\User\\Entities\\User',1,'created','App\\Models\\AmbulanceShift',126,'[]','{\"ambulance_mapping_id\":7,\"user_type\":\"Driver\",\"type\":\"Permanent\",\"service_area\":\"vijaynagar\",\"station_area\":\"Indore\",\"date\":\"2024-02-23\",\"created_by\":1,\"id\":126}','https://parivaar.siplsolutions.com/ambulance/assign-shift','49.249.2.122','Mozilla/5.0 (Windows NT 10.0; Win64; x64) AppleWebKit/537.36 (KHTML, like Gecko) Chrome/120.0.0.0 Safari/537.36',NULL,'2024-01-22 06:17:40','2024-01-22 06:17:40'),(185,'Modules\\User\\Entities\\User',1,'created','App\\Models\\AmbulanceShift',127,'[]','{\"ambulance_mapping_id\":7,\"user_type\":\"Driver\",\"type\":\"Permanent\",\"service_area\":\"vijaynagar\",\"station_area\":\"Indore\",\"date\":\"2024-02-24\",\"created_by\":1,\"id\":127}','https://parivaar.siplsolutions.com/ambulance/assign-shift','49.249.2.122','Mozilla/5.0 (Windows NT 10.0; Win64; x64) AppleWebKit/537.36 (KHTML, like Gecko) Chrome/120.0.0.0 Safari/537.36',NULL,'2024-01-22 06:17:40','2024-01-22 06:17:40'),(186,'Modules\\User\\Entities\\User',1,'created','App\\Models\\AmbulanceShift',128,'[]','{\"ambulance_mapping_id\":7,\"user_type\":\"Driver\",\"type\":\"Permanent\",\"service_area\":\"vijaynagar\",\"station_area\":\"Indore\",\"date\":\"2024-02-25\",\"created_by\":1,\"id\":128}','https://parivaar.siplsolutions.com/ambulance/assign-shift','49.249.2.122','Mozilla/5.0 (Windows NT 10.0; Win64; x64) AppleWebKit/537.36 (KHTML, like Gecko) Chrome/120.0.0.0 Safari/537.36',NULL,'2024-01-22 06:17:40','2024-01-22 06:17:40'),(187,'Modules\\User\\Entities\\User',1,'created','App\\Models\\AmbulanceShift',129,'[]','{\"ambulance_mapping_id\":7,\"user_type\":\"Driver\",\"type\":\"Permanent\",\"service_area\":\"vijaynagar\",\"station_area\":\"Indore\",\"date\":\"2024-02-26\",\"created_by\":1,\"id\":129}','https://parivaar.siplsolutions.com/ambulance/assign-shift','49.249.2.122','Mozilla/5.0 (Windows NT 10.0; Win64; x64) AppleWebKit/537.36 (KHTML, like Gecko) Chrome/120.0.0.0 Safari/537.36',NULL,'2024-01-22 06:17:40','2024-01-22 06:17:40'),(188,'Modules\\User\\Entities\\User',1,'created','App\\Models\\AmbulanceShift',130,'[]','{\"ambulance_mapping_id\":7,\"user_type\":\"Driver\",\"type\":\"Permanent\",\"service_area\":\"vijaynagar\",\"station_area\":\"Indore\",\"date\":\"2024-02-27\",\"created_by\":1,\"id\":130}','https://parivaar.siplsolutions.com/ambulance/assign-shift','49.249.2.122','Mozilla/5.0 (Windows NT 10.0; Win64; x64) AppleWebKit/537.36 (KHTML, like Gecko) Chrome/120.0.0.0 Safari/537.36',NULL,'2024-01-22 06:17:40','2024-01-22 06:17:40'),(189,'Modules\\User\\Entities\\User',1,'created','App\\Models\\AmbulanceShift',131,'[]','{\"ambulance_mapping_id\":7,\"user_type\":\"Driver\",\"type\":\"Permanent\",\"service_area\":\"vijaynagar\",\"station_area\":\"Indore\",\"date\":\"2024-02-28\",\"created_by\":1,\"id\":131}','https://parivaar.siplsolutions.com/ambulance/assign-shift','49.249.2.122','Mozilla/5.0 (Windows NT 10.0; Win64; x64) AppleWebKit/537.36 (KHTML, like Gecko) Chrome/120.0.0.0 Safari/537.36',NULL,'2024-01-22 06:17:40','2024-01-22 06:17:40'),(190,'Modules\\User\\Entities\\User',1,'created','App\\Models\\AmbulanceShift',132,'[]','{\"ambulance_mapping_id\":7,\"user_type\":\"Driver\",\"type\":\"Permanent\",\"service_area\":\"vijaynagar\",\"station_area\":\"Indore\",\"date\":\"2024-02-29\",\"created_by\":1,\"id\":132}','https://parivaar.siplsolutions.com/ambulance/assign-shift','49.249.2.122','Mozilla/5.0 (Windows NT 10.0; Win64; x64) AppleWebKit/537.36 (KHTML, like Gecko) Chrome/120.0.0.0 Safari/537.36',NULL,'2024-01-22 06:17:40','2024-01-22 06:17:40'),(191,'Modules\\User\\Entities\\User',1,'created','App\\Models\\AmbulanceShift',133,'[]','{\"ambulance_mapping_id\":7,\"user_type\":\"Driver\",\"type\":\"Permanent\",\"service_area\":\"vijaynagar\",\"station_area\":\"Indore\",\"date\":\"2024-03-01\",\"created_by\":1,\"id\":133}','https://parivaar.siplsolutions.com/ambulance/assign-shift','49.249.2.122','Mozilla/5.0 (Windows NT 10.0; Win64; x64) AppleWebKit/537.36 (KHTML, like Gecko) Chrome/120.0.0.0 Safari/537.36',NULL,'2024-01-22 06:17:40','2024-01-22 06:17:40'),(192,'Modules\\User\\Entities\\User',1,'created','App\\Models\\AmbulanceShift',134,'[]','{\"ambulance_mapping_id\":7,\"user_type\":\"Driver\",\"type\":\"Permanent\",\"service_area\":\"vijaynagar\",\"station_area\":\"Indore\",\"date\":\"2024-03-02\",\"created_by\":1,\"id\":134}','https://parivaar.siplsolutions.com/ambulance/assign-shift','49.249.2.122','Mozilla/5.0 (Windows NT 10.0; Win64; x64) AppleWebKit/537.36 (KHTML, like Gecko) Chrome/120.0.0.0 Safari/537.36',NULL,'2024-01-22 06:17:40','2024-01-22 06:17:40'),(193,'Modules\\User\\Entities\\User',1,'created','App\\Models\\AmbulanceShift',135,'[]','{\"ambulance_mapping_id\":7,\"user_type\":\"Driver\",\"type\":\"Permanent\",\"service_area\":\"vijaynagar\",\"station_area\":\"Indore\",\"date\":\"2024-03-03\",\"created_by\":1,\"id\":135}','https://parivaar.siplsolutions.com/ambulance/assign-shift','49.249.2.122','Mozilla/5.0 (Windows NT 10.0; Win64; x64) AppleWebKit/537.36 (KHTML, like Gecko) Chrome/120.0.0.0 Safari/537.36',NULL,'2024-01-22 06:17:40','2024-01-22 06:17:40'),(194,'Modules\\User\\Entities\\User',1,'created','App\\Models\\AmbulanceShift',136,'[]','{\"ambulance_mapping_id\":7,\"user_type\":\"Driver\",\"type\":\"Permanent\",\"service_area\":\"vijaynagar\",\"station_area\":\"Indore\",\"date\":\"2024-03-04\",\"created_by\":1,\"id\":136}','https://parivaar.siplsolutions.com/ambulance/assign-shift','49.249.2.122','Mozilla/5.0 (Windows NT 10.0; Win64; x64) AppleWebKit/537.36 (KHTML, like Gecko) Chrome/120.0.0.0 Safari/537.36',NULL,'2024-01-22 06:17:40','2024-01-22 06:17:40'),(195,'Modules\\User\\Entities\\User',1,'created','App\\Models\\AmbulanceShift',137,'[]','{\"ambulance_mapping_id\":7,\"user_type\":\"Driver\",\"type\":\"Permanent\",\"service_area\":\"vijaynagar\",\"station_area\":\"Indore\",\"date\":\"2024-03-05\",\"created_by\":1,\"id\":137}','https://parivaar.siplsolutions.com/ambulance/assign-shift','49.249.2.122','Mozilla/5.0 (Windows NT 10.0; Win64; x64) AppleWebKit/537.36 (KHTML, like Gecko) Chrome/120.0.0.0 Safari/537.36',NULL,'2024-01-22 06:17:40','2024-01-22 06:17:40'),(196,'Modules\\User\\Entities\\User',1,'created','App\\Models\\AmbulanceShift',138,'[]','{\"ambulance_mapping_id\":7,\"user_type\":\"Driver\",\"type\":\"Permanent\",\"service_area\":\"vijaynagar\",\"station_area\":\"Indore\",\"date\":\"2024-03-06\",\"created_by\":1,\"id\":138}','https://parivaar.siplsolutions.com/ambulance/assign-shift','49.249.2.122','Mozilla/5.0 (Windows NT 10.0; Win64; x64) AppleWebKit/537.36 (KHTML, like Gecko) Chrome/120.0.0.0 Safari/537.36',NULL,'2024-01-22 06:17:40','2024-01-22 06:17:40'),(197,'Modules\\User\\Entities\\User',1,'created','App\\Models\\AmbulanceShift',139,'[]','{\"ambulance_mapping_id\":7,\"user_type\":\"Driver\",\"type\":\"Permanent\",\"service_area\":\"vijaynagar\",\"station_area\":\"Indore\",\"date\":\"2024-03-07\",\"created_by\":1,\"id\":139}','https://parivaar.siplsolutions.com/ambulance/assign-shift','49.249.2.122','Mozilla/5.0 (Windows NT 10.0; Win64; x64) AppleWebKit/537.36 (KHTML, like Gecko) Chrome/120.0.0.0 Safari/537.36',NULL,'2024-01-22 06:17:40','2024-01-22 06:17:40'),(198,'Modules\\User\\Entities\\User',1,'created','App\\Models\\AmbulanceShift',140,'[]','{\"ambulance_mapping_id\":7,\"user_type\":\"Driver\",\"type\":\"Permanent\",\"service_area\":\"vijaynagar\",\"station_area\":\"Indore\",\"date\":\"2024-03-08\",\"created_by\":1,\"id\":140}','https://parivaar.siplsolutions.com/ambulance/assign-shift','49.249.2.122','Mozilla/5.0 (Windows NT 10.0; Win64; x64) AppleWebKit/537.36 (KHTML, like Gecko) Chrome/120.0.0.0 Safari/537.36',NULL,'2024-01-22 06:17:40','2024-01-22 06:17:40'),(199,'Modules\\User\\Entities\\User',1,'created','App\\Models\\AmbulanceShift',141,'[]','{\"ambulance_mapping_id\":7,\"user_type\":\"Driver\",\"type\":\"Permanent\",\"service_area\":\"vijaynagar\",\"station_area\":\"Indore\",\"date\":\"2024-03-09\",\"created_by\":1,\"id\":141}','https://parivaar.siplsolutions.com/ambulance/assign-shift','49.249.2.122','Mozilla/5.0 (Windows NT 10.0; Win64; x64) AppleWebKit/537.36 (KHTML, like Gecko) Chrome/120.0.0.0 Safari/537.36',NULL,'2024-01-22 06:17:40','2024-01-22 06:17:40'),(200,'Modules\\User\\Entities\\User',1,'created','App\\Models\\AmbulanceShift',142,'[]','{\"ambulance_mapping_id\":7,\"user_type\":\"Driver\",\"type\":\"Permanent\",\"service_area\":\"vijaynagar\",\"station_area\":\"Indore\",\"date\":\"2024-03-10\",\"created_by\":1,\"id\":142}','https://parivaar.siplsolutions.com/ambulance/assign-shift','49.249.2.122','Mozilla/5.0 (Windows NT 10.0; Win64; x64) AppleWebKit/537.36 (KHTML, like Gecko) Chrome/120.0.0.0 Safari/537.36',NULL,'2024-01-22 06:17:40','2024-01-22 06:17:40'),(201,'Modules\\User\\Entities\\User',1,'created','App\\Models\\AmbulanceShift',143,'[]','{\"ambulance_mapping_id\":7,\"user_type\":\"Driver\",\"type\":\"Permanent\",\"service_area\":\"vijaynagar\",\"station_area\":\"Indore\",\"date\":\"2024-03-11\",\"created_by\":1,\"id\":143}','https://parivaar.siplsolutions.com/ambulance/assign-shift','49.249.2.122','Mozilla/5.0 (Windows NT 10.0; Win64; x64) AppleWebKit/537.36 (KHTML, like Gecko) Chrome/120.0.0.0 Safari/537.36',NULL,'2024-01-22 06:17:40','2024-01-22 06:17:40'),(202,'Modules\\User\\Entities\\User',1,'created','App\\Models\\AmbulanceShift',144,'[]','{\"ambulance_mapping_id\":7,\"user_type\":\"Driver\",\"type\":\"Permanent\",\"service_area\":\"vijaynagar\",\"station_area\":\"Indore\",\"date\":\"2024-03-12\",\"created_by\":1,\"id\":144}','https://parivaar.siplsolutions.com/ambulance/assign-shift','49.249.2.122','Mozilla/5.0 (Windows NT 10.0; Win64; x64) AppleWebKit/537.36 (KHTML, like Gecko) Chrome/120.0.0.0 Safari/537.36',NULL,'2024-01-22 06:17:40','2024-01-22 06:17:40'),(203,'Modules\\User\\Entities\\User',1,'created','App\\Models\\AmbulanceShift',145,'[]','{\"ambulance_mapping_id\":7,\"user_type\":\"Driver\",\"type\":\"Permanent\",\"service_area\":\"vijaynagar\",\"station_area\":\"Indore\",\"date\":\"2024-03-13\",\"created_by\":1,\"id\":145}','https://parivaar.siplsolutions.com/ambulance/assign-shift','49.249.2.122','Mozilla/5.0 (Windows NT 10.0; Win64; x64) AppleWebKit/537.36 (KHTML, like Gecko) Chrome/120.0.0.0 Safari/537.36',NULL,'2024-01-22 06:17:40','2024-01-22 06:17:40'),(204,'Modules\\User\\Entities\\User',1,'created','App\\Models\\AmbulanceShift',146,'[]','{\"ambulance_mapping_id\":7,\"user_type\":\"Driver\",\"type\":\"Permanent\",\"service_area\":\"vijaynagar\",\"station_area\":\"Indore\",\"date\":\"2024-03-14\",\"created_by\":1,\"id\":146}','https://parivaar.siplsolutions.com/ambulance/assign-shift','49.249.2.122','Mozilla/5.0 (Windows NT 10.0; Win64; x64) AppleWebKit/537.36 (KHTML, like Gecko) Chrome/120.0.0.0 Safari/537.36',NULL,'2024-01-22 06:17:40','2024-01-22 06:17:40'),(205,'Modules\\User\\Entities\\User',1,'created','App\\Models\\AmbulanceShift',147,'[]','{\"ambulance_mapping_id\":7,\"user_type\":\"Driver\",\"type\":\"Permanent\",\"service_area\":\"vijaynagar\",\"station_area\":\"Indore\",\"date\":\"2024-03-15\",\"created_by\":1,\"id\":147}','https://parivaar.siplsolutions.com/ambulance/assign-shift','49.249.2.122','Mozilla/5.0 (Windows NT 10.0; Win64; x64) AppleWebKit/537.36 (KHTML, like Gecko) Chrome/120.0.0.0 Safari/537.36',NULL,'2024-01-22 06:17:40','2024-01-22 06:17:40'),(206,'Modules\\User\\Entities\\User',1,'created','App\\Models\\AmbulanceShift',148,'[]','{\"ambulance_mapping_id\":7,\"user_type\":\"Driver\",\"type\":\"Permanent\",\"service_area\":\"vijaynagar\",\"station_area\":\"Indore\",\"date\":\"2024-03-16\",\"created_by\":1,\"id\":148}','https://parivaar.siplsolutions.com/ambulance/assign-shift','49.249.2.122','Mozilla/5.0 (Windows NT 10.0; Win64; x64) AppleWebKit/537.36 (KHTML, like Gecko) Chrome/120.0.0.0 Safari/537.36',NULL,'2024-01-22 06:17:40','2024-01-22 06:17:40'),(207,'Modules\\User\\Entities\\User',1,'created','App\\Models\\AmbulanceShift',149,'[]','{\"ambulance_mapping_id\":7,\"user_type\":\"Driver\",\"type\":\"Permanent\",\"service_area\":\"vijaynagar\",\"station_area\":\"Indore\",\"date\":\"2024-03-17\",\"created_by\":1,\"id\":149}','https://parivaar.siplsolutions.com/ambulance/assign-shift','49.249.2.122','Mozilla/5.0 (Windows NT 10.0; Win64; x64) AppleWebKit/537.36 (KHTML, like Gecko) Chrome/120.0.0.0 Safari/537.36',NULL,'2024-01-22 06:17:40','2024-01-22 06:17:40'),(208,'Modules\\User\\Entities\\User',1,'created','App\\Models\\AmbulanceShift',150,'[]','{\"ambulance_mapping_id\":7,\"user_type\":\"Driver\",\"type\":\"Permanent\",\"service_area\":\"vijaynagar\",\"station_area\":\"Indore\",\"date\":\"2024-03-18\",\"created_by\":1,\"id\":150}','https://parivaar.siplsolutions.com/ambulance/assign-shift','49.249.2.122','Mozilla/5.0 (Windows NT 10.0; Win64; x64) AppleWebKit/537.36 (KHTML, like Gecko) Chrome/120.0.0.0 Safari/537.36',NULL,'2024-01-22 06:17:40','2024-01-22 06:17:40'),(209,'Modules\\User\\Entities\\User',1,'created','App\\Models\\AmbulanceShift',151,'[]','{\"ambulance_mapping_id\":7,\"user_type\":\"Driver\",\"type\":\"Permanent\",\"service_area\":\"vijaynagar\",\"station_area\":\"Indore\",\"date\":\"2024-03-19\",\"created_by\":1,\"id\":151}','https://parivaar.siplsolutions.com/ambulance/assign-shift','49.249.2.122','Mozilla/5.0 (Windows NT 10.0; Win64; x64) AppleWebKit/537.36 (KHTML, like Gecko) Chrome/120.0.0.0 Safari/537.36',NULL,'2024-01-22 06:17:40','2024-01-22 06:17:40'),(210,'Modules\\User\\Entities\\User',1,'created','App\\Models\\AmbulanceShift',152,'[]','{\"ambulance_mapping_id\":7,\"user_type\":\"Driver\",\"type\":\"Permanent\",\"service_area\":\"vijaynagar\",\"station_area\":\"Indore\",\"date\":\"2024-03-20\",\"created_by\":1,\"id\":152}','https://parivaar.siplsolutions.com/ambulance/assign-shift','49.249.2.122','Mozilla/5.0 (Windows NT 10.0; Win64; x64) AppleWebKit/537.36 (KHTML, like Gecko) Chrome/120.0.0.0 Safari/537.36',NULL,'2024-01-22 06:17:40','2024-01-22 06:17:40'),(211,'Modules\\User\\Entities\\User',1,'created','App\\Models\\AmbulanceShift',153,'[]','{\"ambulance_mapping_id\":7,\"user_type\":\"Driver\",\"type\":\"Permanent\",\"service_area\":\"vijaynagar\",\"station_area\":\"Indore\",\"date\":\"2024-03-21\",\"created_by\":1,\"id\":153}','https://parivaar.siplsolutions.com/ambulance/assign-shift','49.249.2.122','Mozilla/5.0 (Windows NT 10.0; Win64; x64) AppleWebKit/537.36 (KHTML, like Gecko) Chrome/120.0.0.0 Safari/537.36',NULL,'2024-01-22 06:17:40','2024-01-22 06:17:40'),(212,'Modules\\User\\Entities\\User',1,'created','App\\Models\\AmbulanceShift',154,'[]','{\"ambulance_mapping_id\":7,\"user_type\":\"Driver\",\"type\":\"Permanent\",\"service_area\":\"vijaynagar\",\"station_area\":\"Indore\",\"date\":\"2024-03-22\",\"created_by\":1,\"id\":154}','https://parivaar.siplsolutions.com/ambulance/assign-shift','49.249.2.122','Mozilla/5.0 (Windows NT 10.0; Win64; x64) AppleWebKit/537.36 (KHTML, like Gecko) Chrome/120.0.0.0 Safari/537.36',NULL,'2024-01-22 06:17:40','2024-01-22 06:17:40'),(213,'Modules\\User\\Entities\\User',1,'created','App\\Models\\AmbulanceShift',155,'[]','{\"ambulance_mapping_id\":7,\"user_type\":\"Driver\",\"type\":\"Permanent\",\"service_area\":\"vijaynagar\",\"station_area\":\"Indore\",\"date\":\"2024-03-23\",\"created_by\":1,\"id\":155}','https://parivaar.siplsolutions.com/ambulance/assign-shift','49.249.2.122','Mozilla/5.0 (Windows NT 10.0; Win64; x64) AppleWebKit/537.36 (KHTML, like Gecko) Chrome/120.0.0.0 Safari/537.36',NULL,'2024-01-22 06:17:40','2024-01-22 06:17:40'),(214,'Modules\\User\\Entities\\User',1,'created','App\\Models\\AmbulanceShift',156,'[]','{\"ambulance_mapping_id\":7,\"user_type\":\"Driver\",\"type\":\"Permanent\",\"service_area\":\"vijaynagar\",\"station_area\":\"Indore\",\"date\":\"2024-03-24\",\"created_by\":1,\"id\":156}','https://parivaar.siplsolutions.com/ambulance/assign-shift','49.249.2.122','Mozilla/5.0 (Windows NT 10.0; Win64; x64) AppleWebKit/537.36 (KHTML, like Gecko) Chrome/120.0.0.0 Safari/537.36',NULL,'2024-01-22 06:17:40','2024-01-22 06:17:40'),(215,'Modules\\User\\Entities\\User',1,'created','App\\Models\\AmbulanceShift',157,'[]','{\"ambulance_mapping_id\":7,\"user_type\":\"Driver\",\"type\":\"Permanent\",\"service_area\":\"vijaynagar\",\"station_area\":\"Indore\",\"date\":\"2024-03-25\",\"created_by\":1,\"id\":157}','https://parivaar.siplsolutions.com/ambulance/assign-shift','49.249.2.122','Mozilla/5.0 (Windows NT 10.0; Win64; x64) AppleWebKit/537.36 (KHTML, like Gecko) Chrome/120.0.0.0 Safari/537.36',NULL,'2024-01-22 06:17:40','2024-01-22 06:17:40'),(216,'Modules\\User\\Entities\\User',1,'created','App\\Models\\AmbulanceShift',158,'[]','{\"ambulance_mapping_id\":7,\"user_type\":\"Driver\",\"type\":\"Permanent\",\"service_area\":\"vijaynagar\",\"station_area\":\"Indore\",\"date\":\"2024-03-26\",\"created_by\":1,\"id\":158}','https://parivaar.siplsolutions.com/ambulance/assign-shift','49.249.2.122','Mozilla/5.0 (Windows NT 10.0; Win64; x64) AppleWebKit/537.36 (KHTML, like Gecko) Chrome/120.0.0.0 Safari/537.36',NULL,'2024-01-22 06:17:40','2024-01-22 06:17:40'),(217,'Modules\\User\\Entities\\User',1,'created','App\\Models\\AmbulanceShift',159,'[]','{\"ambulance_mapping_id\":7,\"user_type\":\"Driver\",\"type\":\"Permanent\",\"service_area\":\"vijaynagar\",\"station_area\":\"Indore\",\"date\":\"2024-03-27\",\"created_by\":1,\"id\":159}','https://parivaar.siplsolutions.com/ambulance/assign-shift','49.249.2.122','Mozilla/5.0 (Windows NT 10.0; Win64; x64) AppleWebKit/537.36 (KHTML, like Gecko) Chrome/120.0.0.0 Safari/537.36',NULL,'2024-01-22 06:17:40','2024-01-22 06:17:40'),(218,'Modules\\User\\Entities\\User',1,'created','App\\Models\\AmbulanceShift',160,'[]','{\"ambulance_mapping_id\":7,\"user_type\":\"Driver\",\"type\":\"Permanent\",\"service_area\":\"vijaynagar\",\"station_area\":\"Indore\",\"date\":\"2024-03-28\",\"created_by\":1,\"id\":160}','https://parivaar.siplsolutions.com/ambulance/assign-shift','49.249.2.122','Mozilla/5.0 (Windows NT 10.0; Win64; x64) AppleWebKit/537.36 (KHTML, like Gecko) Chrome/120.0.0.0 Safari/537.36',NULL,'2024-01-22 06:17:40','2024-01-22 06:17:40'),(219,'Modules\\User\\Entities\\User',1,'created','App\\Models\\AmbulanceShift',161,'[]','{\"ambulance_mapping_id\":7,\"user_type\":\"Driver\",\"type\":\"Permanent\",\"service_area\":\"vijaynagar\",\"station_area\":\"Indore\",\"date\":\"2024-03-29\",\"created_by\":1,\"id\":161}','https://parivaar.siplsolutions.com/ambulance/assign-shift','49.249.2.122','Mozilla/5.0 (Windows NT 10.0; Win64; x64) AppleWebKit/537.36 (KHTML, like Gecko) Chrome/120.0.0.0 Safari/537.36',NULL,'2024-01-22 06:17:40','2024-01-22 06:17:40'),(220,'Modules\\User\\Entities\\User',1,'created','App\\Models\\AmbulanceShift',162,'[]','{\"ambulance_mapping_id\":7,\"user_type\":\"Driver\",\"type\":\"Permanent\",\"service_area\":\"vijaynagar\",\"station_area\":\"Indore\",\"date\":\"2024-03-30\",\"created_by\":1,\"id\":162}','https://parivaar.siplsolutions.com/ambulance/assign-shift','49.249.2.122','Mozilla/5.0 (Windows NT 10.0; Win64; x64) AppleWebKit/537.36 (KHTML, like Gecko) Chrome/120.0.0.0 Safari/537.36',NULL,'2024-01-22 06:17:40','2024-01-22 06:17:40'),(221,'Modules\\User\\Entities\\User',1,'created','App\\Models\\AmbulanceShift',163,'[]','{\"ambulance_mapping_id\":7,\"user_type\":\"Driver\",\"type\":\"Permanent\",\"service_area\":\"vijaynagar\",\"station_area\":\"Indore\",\"date\":\"2024-03-31\",\"created_by\":1,\"id\":163}','https://parivaar.siplsolutions.com/ambulance/assign-shift','49.249.2.122','Mozilla/5.0 (Windows NT 10.0; Win64; x64) AppleWebKit/537.36 (KHTML, like Gecko) Chrome/120.0.0.0 Safari/537.36',NULL,'2024-01-22 06:17:40','2024-01-22 06:17:40'),(222,'Modules\\User\\Entities\\User',1,'created','App\\Models\\AmbulanceShift',164,'[]','{\"ambulance_mapping_id\":8,\"user_type\":\"Attendant\",\"type\":\"Permanent\",\"service_area\":\"dfgn\",\"station_area\":\"fdhf\",\"date\":\"2024-01-01\",\"created_by\":1,\"id\":164}','https://parivaar.siplsolutions.com/human-resource/employees/add-shift','49.43.0.103','Mozilla/5.0 (Windows NT 10.0; Win64; x64) AppleWebKit/537.36 (KHTML, like Gecko) Chrome/120.0.0.0 Safari/537.36',NULL,'2024-01-22 15:45:48','2024-01-22 15:45:48'),(223,'Modules\\User\\Entities\\User',1,'created','App\\Models\\AmbulanceShift',165,'[]','{\"ambulance_mapping_id\":8,\"user_type\":\"Attendant\",\"type\":\"Permanent\",\"service_area\":\"dfgn\",\"station_area\":\"fdhf\",\"date\":\"2024-01-02\",\"created_by\":1,\"id\":165}','https://parivaar.siplsolutions.com/human-resource/employees/add-shift','49.43.0.103','Mozilla/5.0 (Windows NT 10.0; Win64; x64) AppleWebKit/537.36 (KHTML, like Gecko) Chrome/120.0.0.0 Safari/537.36',NULL,'2024-01-22 15:45:48','2024-01-22 15:45:48'),(224,'Modules\\User\\Entities\\User',1,'created','App\\Models\\AmbulanceShift',166,'[]','{\"ambulance_mapping_id\":8,\"user_type\":\"Attendant\",\"type\":\"Permanent\",\"service_area\":\"dfgn\",\"station_area\":\"fdhf\",\"date\":\"2024-01-03\",\"created_by\":1,\"id\":166}','https://parivaar.siplsolutions.com/human-resource/employees/add-shift','49.43.0.103','Mozilla/5.0 (Windows NT 10.0; Win64; x64) AppleWebKit/537.36 (KHTML, like Gecko) Chrome/120.0.0.0 Safari/537.36',NULL,'2024-01-22 15:45:48','2024-01-22 15:45:48'),(225,'Modules\\User\\Entities\\User',1,'created','App\\Models\\AmbulanceShift',167,'[]','{\"ambulance_mapping_id\":8,\"user_type\":\"Attendant\",\"type\":\"Permanent\",\"service_area\":\"dfgn\",\"station_area\":\"fdhf\",\"date\":\"2024-01-04\",\"created_by\":1,\"id\":167}','https://parivaar.siplsolutions.com/human-resource/employees/add-shift','49.43.0.103','Mozilla/5.0 (Windows NT 10.0; Win64; x64) AppleWebKit/537.36 (KHTML, like Gecko) Chrome/120.0.0.0 Safari/537.36',NULL,'2024-01-22 15:45:48','2024-01-22 15:45:48'),(226,'Modules\\User\\Entities\\User',1,'created','App\\Models\\AmbulanceShift',168,'[]','{\"ambulance_mapping_id\":8,\"user_type\":\"Attendant\",\"type\":\"Permanent\",\"service_area\":\"dfgn\",\"station_area\":\"fdhf\",\"date\":\"2024-01-05\",\"created_by\":1,\"id\":168}','https://parivaar.siplsolutions.com/human-resource/employees/add-shift','49.43.0.103','Mozilla/5.0 (Windows NT 10.0; Win64; x64) AppleWebKit/537.36 (KHTML, like Gecko) Chrome/120.0.0.0 Safari/537.36',NULL,'2024-01-22 15:45:48','2024-01-22 15:45:48'),(227,'Modules\\User\\Entities\\User',1,'created','App\\Models\\AmbulanceShift',169,'[]','{\"ambulance_mapping_id\":8,\"user_type\":\"Attendant\",\"type\":\"Permanent\",\"service_area\":\"dfgn\",\"station_area\":\"fdhf\",\"date\":\"2024-01-06\",\"created_by\":1,\"id\":169}','https://parivaar.siplsolutions.com/human-resource/employees/add-shift','49.43.0.103','Mozilla/5.0 (Windows NT 10.0; Win64; x64) AppleWebKit/537.36 (KHTML, like Gecko) Chrome/120.0.0.0 Safari/537.36',NULL,'2024-01-22 15:45:48','2024-01-22 15:45:48'),(228,'Modules\\User\\Entities\\User',1,'created','App\\Models\\AmbulanceShift',170,'[]','{\"ambulance_mapping_id\":8,\"user_type\":\"Attendant\",\"type\":\"Permanent\",\"service_area\":\"dfgn\",\"station_area\":\"fdhf\",\"date\":\"2024-01-07\",\"created_by\":1,\"id\":170}','https://parivaar.siplsolutions.com/human-resource/employees/add-shift','49.43.0.103','Mozilla/5.0 (Windows NT 10.0; Win64; x64) AppleWebKit/537.36 (KHTML, like Gecko) Chrome/120.0.0.0 Safari/537.36',NULL,'2024-01-22 15:45:48','2024-01-22 15:45:48'),(229,'Modules\\User\\Entities\\User',1,'created','App\\Models\\AmbulanceShift',171,'[]','{\"ambulance_mapping_id\":8,\"user_type\":\"Attendant\",\"type\":\"Permanent\",\"service_area\":\"dfgn\",\"station_area\":\"fdhf\",\"date\":\"2024-01-08\",\"created_by\":1,\"id\":171}','https://parivaar.siplsolutions.com/human-resource/employees/add-shift','49.43.0.103','Mozilla/5.0 (Windows NT 10.0; Win64; x64) AppleWebKit/537.36 (KHTML, like Gecko) Chrome/120.0.0.0 Safari/537.36',NULL,'2024-01-22 15:45:48','2024-01-22 15:45:48'),(230,'Modules\\User\\Entities\\User',1,'created','App\\Models\\AmbulanceShift',172,'[]','{\"ambulance_mapping_id\":8,\"user_type\":\"Attendant\",\"type\":\"Permanent\",\"service_area\":\"dfgn\",\"station_area\":\"fdhf\",\"date\":\"2024-01-09\",\"created_by\":1,\"id\":172}','https://parivaar.siplsolutions.com/human-resource/employees/add-shift','49.43.0.103','Mozilla/5.0 (Windows NT 10.0; Win64; x64) AppleWebKit/537.36 (KHTML, like Gecko) Chrome/120.0.0.0 Safari/537.36',NULL,'2024-01-22 15:45:48','2024-01-22 15:45:48'),(231,'Modules\\User\\Entities\\User',1,'created','App\\Models\\AmbulanceShift',173,'[]','{\"ambulance_mapping_id\":8,\"user_type\":\"Attendant\",\"type\":\"Permanent\",\"service_area\":\"dfgn\",\"station_area\":\"fdhf\",\"date\":\"2024-01-10\",\"created_by\":1,\"id\":173}','https://parivaar.siplsolutions.com/human-resource/employees/add-shift','49.43.0.103','Mozilla/5.0 (Windows NT 10.0; Win64; x64) AppleWebKit/537.36 (KHTML, like Gecko) Chrome/120.0.0.0 Safari/537.36',NULL,'2024-01-22 15:45:48','2024-01-22 15:45:48'),(232,'Modules\\User\\Entities\\User',1,'created','App\\Models\\AmbulanceShift',174,'[]','{\"ambulance_mapping_id\":8,\"user_type\":\"Attendant\",\"type\":\"Permanent\",\"service_area\":\"dfgn\",\"station_area\":\"fdhf\",\"date\":\"2024-01-11\",\"created_by\":1,\"id\":174}','https://parivaar.siplsolutions.com/human-resource/employees/add-shift','49.43.0.103','Mozilla/5.0 (Windows NT 10.0; Win64; x64) AppleWebKit/537.36 (KHTML, like Gecko) Chrome/120.0.0.0 Safari/537.36',NULL,'2024-01-22 15:45:48','2024-01-22 15:45:48'),(233,'Modules\\User\\Entities\\User',1,'created','App\\Models\\AmbulanceShift',175,'[]','{\"ambulance_mapping_id\":8,\"user_type\":\"Attendant\",\"type\":\"Permanent\",\"service_area\":\"dfgn\",\"station_area\":\"fdhf\",\"date\":\"2024-01-12\",\"created_by\":1,\"id\":175}','https://parivaar.siplsolutions.com/human-resource/employees/add-shift','49.43.0.103','Mozilla/5.0 (Windows NT 10.0; Win64; x64) AppleWebKit/537.36 (KHTML, like Gecko) Chrome/120.0.0.0 Safari/537.36',NULL,'2024-01-22 15:45:48','2024-01-22 15:45:48'),(234,'Modules\\User\\Entities\\User',1,'created','App\\Models\\AmbulanceShift',176,'[]','{\"ambulance_mapping_id\":8,\"user_type\":\"Attendant\",\"type\":\"Permanent\",\"service_area\":\"dfgn\",\"station_area\":\"fdhf\",\"date\":\"2024-01-13\",\"created_by\":1,\"id\":176}','https://parivaar.siplsolutions.com/human-resource/employees/add-shift','49.43.0.103','Mozilla/5.0 (Windows NT 10.0; Win64; x64) AppleWebKit/537.36 (KHTML, like Gecko) Chrome/120.0.0.0 Safari/537.36',NULL,'2024-01-22 15:45:48','2024-01-22 15:45:48'),(235,'Modules\\User\\Entities\\User',1,'created','App\\Models\\AmbulanceShift',177,'[]','{\"ambulance_mapping_id\":8,\"user_type\":\"Attendant\",\"type\":\"Permanent\",\"service_area\":\"dfgn\",\"station_area\":\"fdhf\",\"date\":\"2024-01-14\",\"created_by\":1,\"id\":177}','https://parivaar.siplsolutions.com/human-resource/employees/add-shift','49.43.0.103','Mozilla/5.0 (Windows NT 10.0; Win64; x64) AppleWebKit/537.36 (KHTML, like Gecko) Chrome/120.0.0.0 Safari/537.36',NULL,'2024-01-22 15:45:48','2024-01-22 15:45:48'),(236,'Modules\\User\\Entities\\User',1,'created','App\\Models\\AmbulanceShift',178,'[]','{\"ambulance_mapping_id\":8,\"user_type\":\"Attendant\",\"type\":\"Permanent\",\"service_area\":\"dfgn\",\"station_area\":\"fdhf\",\"date\":\"2024-01-15\",\"created_by\":1,\"id\":178}','https://parivaar.siplsolutions.com/human-resource/employees/add-shift','49.43.0.103','Mozilla/5.0 (Windows NT 10.0; Win64; x64) AppleWebKit/537.36 (KHTML, like Gecko) Chrome/120.0.0.0 Safari/537.36',NULL,'2024-01-22 15:45:48','2024-01-22 15:45:48'),(237,'Modules\\User\\Entities\\User',1,'created','App\\Models\\AmbulanceShift',179,'[]','{\"ambulance_mapping_id\":8,\"user_type\":\"Attendant\",\"type\":\"Permanent\",\"service_area\":\"dfgn\",\"station_area\":\"fdhf\",\"date\":\"2024-01-16\",\"created_by\":1,\"id\":179}','https://parivaar.siplsolutions.com/human-resource/employees/add-shift','49.43.0.103','Mozilla/5.0 (Windows NT 10.0; Win64; x64) AppleWebKit/537.36 (KHTML, like Gecko) Chrome/120.0.0.0 Safari/537.36',NULL,'2024-01-22 15:45:48','2024-01-22 15:45:48'),(238,'Modules\\User\\Entities\\User',1,'created','App\\Models\\AmbulanceShift',180,'[]','{\"ambulance_mapping_id\":8,\"user_type\":\"Attendant\",\"type\":\"Permanent\",\"service_area\":\"dfgn\",\"station_area\":\"fdhf\",\"date\":\"2024-01-17\",\"created_by\":1,\"id\":180}','https://parivaar.siplsolutions.com/human-resource/employees/add-shift','49.43.0.103','Mozilla/5.0 (Windows NT 10.0; Win64; x64) AppleWebKit/537.36 (KHTML, like Gecko) Chrome/120.0.0.0 Safari/537.36',NULL,'2024-01-22 15:45:48','2024-01-22 15:45:48'),(239,'Modules\\User\\Entities\\User',1,'created','App\\Models\\AmbulanceShift',181,'[]','{\"ambulance_mapping_id\":8,\"user_type\":\"Attendant\",\"type\":\"Permanent\",\"service_area\":\"dfgn\",\"station_area\":\"fdhf\",\"date\":\"2024-01-18\",\"created_by\":1,\"id\":181}','https://parivaar.siplsolutions.com/human-resource/employees/add-shift','49.43.0.103','Mozilla/5.0 (Windows NT 10.0; Win64; x64) AppleWebKit/537.36 (KHTML, like Gecko) Chrome/120.0.0.0 Safari/537.36',NULL,'2024-01-22 15:45:48','2024-01-22 15:45:48'),(240,'Modules\\User\\Entities\\User',1,'created','App\\Models\\AmbulanceShift',182,'[]','{\"ambulance_mapping_id\":8,\"user_type\":\"Attendant\",\"type\":\"Permanent\",\"service_area\":\"dfgn\",\"station_area\":\"fdhf\",\"date\":\"2024-01-19\",\"created_by\":1,\"id\":182}','https://parivaar.siplsolutions.com/human-resource/employees/add-shift','49.43.0.103','Mozilla/5.0 (Windows NT 10.0; Win64; x64) AppleWebKit/537.36 (KHTML, like Gecko) Chrome/120.0.0.0 Safari/537.36',NULL,'2024-01-22 15:45:48','2024-01-22 15:45:48'),(241,'Modules\\User\\Entities\\User',1,'created','App\\Models\\AmbulanceShift',183,'[]','{\"ambulance_mapping_id\":8,\"user_type\":\"Attendant\",\"type\":\"Permanent\",\"service_area\":\"dfgn\",\"station_area\":\"fdhf\",\"date\":\"2024-01-20\",\"created_by\":1,\"id\":183}','https://parivaar.siplsolutions.com/human-resource/employees/add-shift','49.43.0.103','Mozilla/5.0 (Windows NT 10.0; Win64; x64) AppleWebKit/537.36 (KHTML, like Gecko) Chrome/120.0.0.0 Safari/537.36',NULL,'2024-01-22 15:45:48','2024-01-22 15:45:48'),(242,'Modules\\User\\Entities\\User',1,'created','App\\Models\\AmbulanceShift',184,'[]','{\"ambulance_mapping_id\":8,\"user_type\":\"Attendant\",\"type\":\"Permanent\",\"service_area\":\"dfgn\",\"station_area\":\"fdhf\",\"date\":\"2024-01-21\",\"created_by\":1,\"id\":184}','https://parivaar.siplsolutions.com/human-resource/employees/add-shift','49.43.0.103','Mozilla/5.0 (Windows NT 10.0; Win64; x64) AppleWebKit/537.36 (KHTML, like Gecko) Chrome/120.0.0.0 Safari/537.36',NULL,'2024-01-22 15:45:48','2024-01-22 15:45:48'),(243,'Modules\\User\\Entities\\User',1,'created','App\\Models\\AmbulanceShift',185,'[]','{\"ambulance_mapping_id\":8,\"user_type\":\"Attendant\",\"type\":\"Permanent\",\"service_area\":\"dfgn\",\"station_area\":\"fdhf\",\"date\":\"2024-01-22\",\"created_by\":1,\"id\":185}','https://parivaar.siplsolutions.com/human-resource/employees/add-shift','49.43.0.103','Mozilla/5.0 (Windows NT 10.0; Win64; x64) AppleWebKit/537.36 (KHTML, like Gecko) Chrome/120.0.0.0 Safari/537.36',NULL,'2024-01-22 15:45:48','2024-01-22 15:45:48'),(244,'Modules\\User\\Entities\\User',1,'created','App\\Models\\AmbulanceShift',186,'[]','{\"ambulance_mapping_id\":8,\"user_type\":\"Attendant\",\"type\":\"Permanent\",\"service_area\":\"dfgn\",\"station_area\":\"fdhf\",\"date\":\"2024-01-23\",\"created_by\":1,\"id\":186}','https://parivaar.siplsolutions.com/human-resource/employees/add-shift','49.43.0.103','Mozilla/5.0 (Windows NT 10.0; Win64; x64) AppleWebKit/537.36 (KHTML, like Gecko) Chrome/120.0.0.0 Safari/537.36',NULL,'2024-01-22 15:45:48','2024-01-22 15:45:48'),(245,'Modules\\User\\Entities\\User',1,'created','App\\Models\\AmbulanceShift',187,'[]','{\"ambulance_mapping_id\":8,\"user_type\":\"Attendant\",\"type\":\"Permanent\",\"service_area\":\"dfgn\",\"station_area\":\"fdhf\",\"date\":\"2024-01-24\",\"created_by\":1,\"id\":187}','https://parivaar.siplsolutions.com/human-resource/employees/add-shift','49.43.0.103','Mozilla/5.0 (Windows NT 10.0; Win64; x64) AppleWebKit/537.36 (KHTML, like Gecko) Chrome/120.0.0.0 Safari/537.36',NULL,'2024-01-22 15:45:48','2024-01-22 15:45:48'),(246,'Modules\\User\\Entities\\User',1,'created','App\\Models\\AmbulanceShift',188,'[]','{\"ambulance_mapping_id\":8,\"user_type\":\"Attendant\",\"type\":\"Permanent\",\"service_area\":\"dfgn\",\"station_area\":\"fdhf\",\"date\":\"2024-01-25\",\"created_by\":1,\"id\":188}','https://parivaar.siplsolutions.com/human-resource/employees/add-shift','49.43.0.103','Mozilla/5.0 (Windows NT 10.0; Win64; x64) AppleWebKit/537.36 (KHTML, like Gecko) Chrome/120.0.0.0 Safari/537.36',NULL,'2024-01-22 15:45:48','2024-01-22 15:45:48'),(247,'Modules\\User\\Entities\\User',1,'created','App\\Models\\AmbulanceShift',189,'[]','{\"ambulance_mapping_id\":8,\"user_type\":\"Attendant\",\"type\":\"Permanent\",\"service_area\":\"dfgn\",\"station_area\":\"fdhf\",\"date\":\"2024-01-26\",\"created_by\":1,\"id\":189}','https://parivaar.siplsolutions.com/human-resource/employees/add-shift','49.43.0.103','Mozilla/5.0 (Windows NT 10.0; Win64; x64) AppleWebKit/537.36 (KHTML, like Gecko) Chrome/120.0.0.0 Safari/537.36',NULL,'2024-01-22 15:45:48','2024-01-22 15:45:48'),(248,'Modules\\User\\Entities\\User',1,'created','App\\Models\\AmbulanceShift',190,'[]','{\"ambulance_mapping_id\":8,\"user_type\":\"Attendant\",\"type\":\"Permanent\",\"service_area\":\"dfgn\",\"station_area\":\"fdhf\",\"date\":\"2024-01-27\",\"created_by\":1,\"id\":190}','https://parivaar.siplsolutions.com/human-resource/employees/add-shift','49.43.0.103','Mozilla/5.0 (Windows NT 10.0; Win64; x64) AppleWebKit/537.36 (KHTML, like Gecko) Chrome/120.0.0.0 Safari/537.36',NULL,'2024-01-22 15:45:48','2024-01-22 15:45:48'),(249,'Modules\\User\\Entities\\User',1,'created','App\\Models\\AmbulanceShift',191,'[]','{\"ambulance_mapping_id\":8,\"user_type\":\"Attendant\",\"type\":\"Permanent\",\"service_area\":\"dfgn\",\"station_area\":\"fdhf\",\"date\":\"2024-01-28\",\"created_by\":1,\"id\":191}','https://parivaar.siplsolutions.com/human-resource/employees/add-shift','49.43.0.103','Mozilla/5.0 (Windows NT 10.0; Win64; x64) AppleWebKit/537.36 (KHTML, like Gecko) Chrome/120.0.0.0 Safari/537.36',NULL,'2024-01-22 15:45:48','2024-01-22 15:45:48'),(250,'Modules\\User\\Entities\\User',1,'created','App\\Models\\AmbulanceShift',192,'[]','{\"ambulance_mapping_id\":8,\"user_type\":\"Attendant\",\"type\":\"Permanent\",\"service_area\":\"dfgn\",\"station_area\":\"fdhf\",\"date\":\"2024-01-29\",\"created_by\":1,\"id\":192}','https://parivaar.siplsolutions.com/human-resource/employees/add-shift','49.43.0.103','Mozilla/5.0 (Windows NT 10.0; Win64; x64) AppleWebKit/537.36 (KHTML, like Gecko) Chrome/120.0.0.0 Safari/537.36',NULL,'2024-01-22 15:45:48','2024-01-22 15:45:48'),(251,'Modules\\User\\Entities\\User',1,'created','App\\Models\\AmbulanceShift',193,'[]','{\"ambulance_mapping_id\":8,\"user_type\":\"Attendant\",\"type\":\"Permanent\",\"service_area\":\"dfgn\",\"station_area\":\"fdhf\",\"date\":\"2024-01-30\",\"created_by\":1,\"id\":193}','https://parivaar.siplsolutions.com/human-resource/employees/add-shift','49.43.0.103','Mozilla/5.0 (Windows NT 10.0; Win64; x64) AppleWebKit/537.36 (KHTML, like Gecko) Chrome/120.0.0.0 Safari/537.36',NULL,'2024-01-22 15:45:48','2024-01-22 15:45:48'),(252,'Modules\\User\\Entities\\User',1,'created','App\\Models\\AmbulanceShift',194,'[]','{\"ambulance_mapping_id\":8,\"user_type\":\"Attendant\",\"type\":\"Permanent\",\"service_area\":\"dfgn\",\"station_area\":\"fdhf\",\"date\":\"2024-01-31\",\"created_by\":1,\"id\":194}','https://parivaar.siplsolutions.com/human-resource/employees/add-shift','49.43.0.103','Mozilla/5.0 (Windows NT 10.0; Win64; x64) AppleWebKit/537.36 (KHTML, like Gecko) Chrome/120.0.0.0 Safari/537.36',NULL,'2024-01-22 15:45:48','2024-01-22 15:45:48'),(253,'Modules\\User\\Entities\\User',1,'created','App\\Models\\AmbulanceShift',195,'[]','{\"ambulance_mapping_id\":9,\"user_type\":\"Attendant\",\"type\":\"Permanent\",\"service_area\":\"dfgn\",\"station_area\":\"fdhf\",\"date\":\"2024-01-01\",\"created_by\":1,\"id\":195}','https://parivaar.siplsolutions.com/human-resource/employees/add-shift','49.43.0.103','Mozilla/5.0 (Windows NT 10.0; Win64; x64) AppleWebKit/537.36 (KHTML, like Gecko) Chrome/120.0.0.0 Safari/537.36',NULL,'2024-01-22 15:48:34','2024-01-22 15:48:34'),(254,'Modules\\User\\Entities\\User',1,'created','App\\Models\\AmbulanceShift',196,'[]','{\"ambulance_mapping_id\":9,\"user_type\":\"Attendant\",\"type\":\"Permanent\",\"service_area\":\"dfgn\",\"station_area\":\"fdhf\",\"date\":\"2024-01-02\",\"created_by\":1,\"id\":196}','https://parivaar.siplsolutions.com/human-resource/employees/add-shift','49.43.0.103','Mozilla/5.0 (Windows NT 10.0; Win64; x64) AppleWebKit/537.36 (KHTML, like Gecko) Chrome/120.0.0.0 Safari/537.36',NULL,'2024-01-22 15:48:34','2024-01-22 15:48:34'),(255,'Modules\\User\\Entities\\User',1,'created','App\\Models\\AmbulanceShift',197,'[]','{\"ambulance_mapping_id\":9,\"user_type\":\"Attendant\",\"type\":\"Permanent\",\"service_area\":\"dfgn\",\"station_area\":\"fdhf\",\"date\":\"2024-01-03\",\"created_by\":1,\"id\":197}','https://parivaar.siplsolutions.com/human-resource/employees/add-shift','49.43.0.103','Mozilla/5.0 (Windows NT 10.0; Win64; x64) AppleWebKit/537.36 (KHTML, like Gecko) Chrome/120.0.0.0 Safari/537.36',NULL,'2024-01-22 15:48:34','2024-01-22 15:48:34'),(256,'Modules\\User\\Entities\\User',1,'created','App\\Models\\AmbulanceShift',198,'[]','{\"ambulance_mapping_id\":9,\"user_type\":\"Attendant\",\"type\":\"Permanent\",\"service_area\":\"dfgn\",\"station_area\":\"fdhf\",\"date\":\"2024-01-04\",\"created_by\":1,\"id\":198}','https://parivaar.siplsolutions.com/human-resource/employees/add-shift','49.43.0.103','Mozilla/5.0 (Windows NT 10.0; Win64; x64) AppleWebKit/537.36 (KHTML, like Gecko) Chrome/120.0.0.0 Safari/537.36',NULL,'2024-01-22 15:48:34','2024-01-22 15:48:34'),(257,'Modules\\User\\Entities\\User',1,'created','App\\Models\\AmbulanceShift',199,'[]','{\"ambulance_mapping_id\":9,\"user_type\":\"Attendant\",\"type\":\"Permanent\",\"service_area\":\"dfgn\",\"station_area\":\"fdhf\",\"date\":\"2024-01-05\",\"created_by\":1,\"id\":199}','https://parivaar.siplsolutions.com/human-resource/employees/add-shift','49.43.0.103','Mozilla/5.0 (Windows NT 10.0; Win64; x64) AppleWebKit/537.36 (KHTML, like Gecko) Chrome/120.0.0.0 Safari/537.36',NULL,'2024-01-22 15:48:34','2024-01-22 15:48:34'),(258,'Modules\\User\\Entities\\User',1,'created','App\\Models\\AmbulanceShift',200,'[]','{\"ambulance_mapping_id\":9,\"user_type\":\"Attendant\",\"type\":\"Permanent\",\"service_area\":\"dfgn\",\"station_area\":\"fdhf\",\"date\":\"2024-01-06\",\"created_by\":1,\"id\":200}','https://parivaar.siplsolutions.com/human-resource/employees/add-shift','49.43.0.103','Mozilla/5.0 (Windows NT 10.0; Win64; x64) AppleWebKit/537.36 (KHTML, like Gecko) Chrome/120.0.0.0 Safari/537.36',NULL,'2024-01-22 15:48:34','2024-01-22 15:48:34'),(259,'Modules\\User\\Entities\\User',1,'created','App\\Models\\AmbulanceShift',201,'[]','{\"ambulance_mapping_id\":9,\"user_type\":\"Attendant\",\"type\":\"Permanent\",\"service_area\":\"dfgn\",\"station_area\":\"fdhf\",\"date\":\"2024-01-07\",\"created_by\":1,\"id\":201}','https://parivaar.siplsolutions.com/human-resource/employees/add-shift','49.43.0.103','Mozilla/5.0 (Windows NT 10.0; Win64; x64) AppleWebKit/537.36 (KHTML, like Gecko) Chrome/120.0.0.0 Safari/537.36',NULL,'2024-01-22 15:48:34','2024-01-22 15:48:34'),(260,'Modules\\User\\Entities\\User',1,'created','App\\Models\\AmbulanceShift',202,'[]','{\"ambulance_mapping_id\":9,\"user_type\":\"Attendant\",\"type\":\"Permanent\",\"service_area\":\"dfgn\",\"station_area\":\"fdhf\",\"date\":\"2024-01-08\",\"created_by\":1,\"id\":202}','https://parivaar.siplsolutions.com/human-resource/employees/add-shift','49.43.0.103','Mozilla/5.0 (Windows NT 10.0; Win64; x64) AppleWebKit/537.36 (KHTML, like Gecko) Chrome/120.0.0.0 Safari/537.36',NULL,'2024-01-22 15:48:34','2024-01-22 15:48:34'),(261,'Modules\\User\\Entities\\User',1,'created','App\\Models\\AmbulanceShift',203,'[]','{\"ambulance_mapping_id\":9,\"user_type\":\"Attendant\",\"type\":\"Permanent\",\"service_area\":\"dfgn\",\"station_area\":\"fdhf\",\"date\":\"2024-01-09\",\"created_by\":1,\"id\":203}','https://parivaar.siplsolutions.com/human-resource/employees/add-shift','49.43.0.103','Mozilla/5.0 (Windows NT 10.0; Win64; x64) AppleWebKit/537.36 (KHTML, like Gecko) Chrome/120.0.0.0 Safari/537.36',NULL,'2024-01-22 15:48:34','2024-01-22 15:48:34'),(262,'Modules\\User\\Entities\\User',1,'created','App\\Models\\AmbulanceShift',204,'[]','{\"ambulance_mapping_id\":9,\"user_type\":\"Attendant\",\"type\":\"Permanent\",\"service_area\":\"dfgn\",\"station_area\":\"fdhf\",\"date\":\"2024-01-10\",\"created_by\":1,\"id\":204}','https://parivaar.siplsolutions.com/human-resource/employees/add-shift','49.43.0.103','Mozilla/5.0 (Windows NT 10.0; Win64; x64) AppleWebKit/537.36 (KHTML, like Gecko) Chrome/120.0.0.0 Safari/537.36',NULL,'2024-01-22 15:48:34','2024-01-22 15:48:34'),(263,'Modules\\User\\Entities\\User',1,'created','App\\Models\\AmbulanceShift',205,'[]','{\"ambulance_mapping_id\":9,\"user_type\":\"Attendant\",\"type\":\"Permanent\",\"service_area\":\"dfgn\",\"station_area\":\"fdhf\",\"date\":\"2024-01-11\",\"created_by\":1,\"id\":205}','https://parivaar.siplsolutions.com/human-resource/employees/add-shift','49.43.0.103','Mozilla/5.0 (Windows NT 10.0; Win64; x64) AppleWebKit/537.36 (KHTML, like Gecko) Chrome/120.0.0.0 Safari/537.36',NULL,'2024-01-22 15:48:34','2024-01-22 15:48:34'),(264,'Modules\\User\\Entities\\User',1,'created','App\\Models\\AmbulanceShift',206,'[]','{\"ambulance_mapping_id\":9,\"user_type\":\"Attendant\",\"type\":\"Permanent\",\"service_area\":\"dfgn\",\"station_area\":\"fdhf\",\"date\":\"2024-01-12\",\"created_by\":1,\"id\":206}','https://parivaar.siplsolutions.com/human-resource/employees/add-shift','49.43.0.103','Mozilla/5.0 (Windows NT 10.0; Win64; x64) AppleWebKit/537.36 (KHTML, like Gecko) Chrome/120.0.0.0 Safari/537.36',NULL,'2024-01-22 15:48:34','2024-01-22 15:48:34'),(265,'Modules\\User\\Entities\\User',1,'created','App\\Models\\AmbulanceShift',207,'[]','{\"ambulance_mapping_id\":9,\"user_type\":\"Attendant\",\"type\":\"Permanent\",\"service_area\":\"dfgn\",\"station_area\":\"fdhf\",\"date\":\"2024-01-13\",\"created_by\":1,\"id\":207}','https://parivaar.siplsolutions.com/human-resource/employees/add-shift','49.43.0.103','Mozilla/5.0 (Windows NT 10.0; Win64; x64) AppleWebKit/537.36 (KHTML, like Gecko) Chrome/120.0.0.0 Safari/537.36',NULL,'2024-01-22 15:48:34','2024-01-22 15:48:34'),(266,'Modules\\User\\Entities\\User',1,'created','App\\Models\\AmbulanceShift',208,'[]','{\"ambulance_mapping_id\":9,\"user_type\":\"Attendant\",\"type\":\"Permanent\",\"service_area\":\"dfgn\",\"station_area\":\"fdhf\",\"date\":\"2024-01-14\",\"created_by\":1,\"id\":208}','https://parivaar.siplsolutions.com/human-resource/employees/add-shift','49.43.0.103','Mozilla/5.0 (Windows NT 10.0; Win64; x64) AppleWebKit/537.36 (KHTML, like Gecko) Chrome/120.0.0.0 Safari/537.36',NULL,'2024-01-22 15:48:34','2024-01-22 15:48:34'),(267,'Modules\\User\\Entities\\User',1,'created','App\\Models\\AmbulanceShift',209,'[]','{\"ambulance_mapping_id\":9,\"user_type\":\"Attendant\",\"type\":\"Permanent\",\"service_area\":\"dfgn\",\"station_area\":\"fdhf\",\"date\":\"2024-01-15\",\"created_by\":1,\"id\":209}','https://parivaar.siplsolutions.com/human-resource/employees/add-shift','49.43.0.103','Mozilla/5.0 (Windows NT 10.0; Win64; x64) AppleWebKit/537.36 (KHTML, like Gecko) Chrome/120.0.0.0 Safari/537.36',NULL,'2024-01-22 15:48:34','2024-01-22 15:48:34'),(268,'Modules\\User\\Entities\\User',1,'created','App\\Models\\AmbulanceShift',210,'[]','{\"ambulance_mapping_id\":9,\"user_type\":\"Attendant\",\"type\":\"Permanent\",\"service_area\":\"dfgn\",\"station_area\":\"fdhf\",\"date\":\"2024-01-16\",\"created_by\":1,\"id\":210}','https://parivaar.siplsolutions.com/human-resource/employees/add-shift','49.43.0.103','Mozilla/5.0 (Windows NT 10.0; Win64; x64) AppleWebKit/537.36 (KHTML, like Gecko) Chrome/120.0.0.0 Safari/537.36',NULL,'2024-01-22 15:48:34','2024-01-22 15:48:34'),(269,'Modules\\User\\Entities\\User',1,'created','App\\Models\\AmbulanceShift',211,'[]','{\"ambulance_mapping_id\":9,\"user_type\":\"Attendant\",\"type\":\"Permanent\",\"service_area\":\"dfgn\",\"station_area\":\"fdhf\",\"date\":\"2024-01-17\",\"created_by\":1,\"id\":211}','https://parivaar.siplsolutions.com/human-resource/employees/add-shift','49.43.0.103','Mozilla/5.0 (Windows NT 10.0; Win64; x64) AppleWebKit/537.36 (KHTML, like Gecko) Chrome/120.0.0.0 Safari/537.36',NULL,'2024-01-22 15:48:34','2024-01-22 15:48:34'),(270,'Modules\\User\\Entities\\User',1,'created','App\\Models\\AmbulanceShift',212,'[]','{\"ambulance_mapping_id\":9,\"user_type\":\"Attendant\",\"type\":\"Permanent\",\"service_area\":\"dfgn\",\"station_area\":\"fdhf\",\"date\":\"2024-01-18\",\"created_by\":1,\"id\":212}','https://parivaar.siplsolutions.com/human-resource/employees/add-shift','49.43.0.103','Mozilla/5.0 (Windows NT 10.0; Win64; x64) AppleWebKit/537.36 (KHTML, like Gecko) Chrome/120.0.0.0 Safari/537.36',NULL,'2024-01-22 15:48:34','2024-01-22 15:48:34'),(271,'Modules\\User\\Entities\\User',1,'created','App\\Models\\AmbulanceShift',213,'[]','{\"ambulance_mapping_id\":9,\"user_type\":\"Attendant\",\"type\":\"Permanent\",\"service_area\":\"dfgn\",\"station_area\":\"fdhf\",\"date\":\"2024-01-19\",\"created_by\":1,\"id\":213}','https://parivaar.siplsolutions.com/human-resource/employees/add-shift','49.43.0.103','Mozilla/5.0 (Windows NT 10.0; Win64; x64) AppleWebKit/537.36 (KHTML, like Gecko) Chrome/120.0.0.0 Safari/537.36',NULL,'2024-01-22 15:48:34','2024-01-22 15:48:34'),(272,'Modules\\User\\Entities\\User',1,'created','App\\Models\\AmbulanceShift',214,'[]','{\"ambulance_mapping_id\":9,\"user_type\":\"Attendant\",\"type\":\"Permanent\",\"service_area\":\"dfgn\",\"station_area\":\"fdhf\",\"date\":\"2024-01-20\",\"created_by\":1,\"id\":214}','https://parivaar.siplsolutions.com/human-resource/employees/add-shift','49.43.0.103','Mozilla/5.0 (Windows NT 10.0; Win64; x64) AppleWebKit/537.36 (KHTML, like Gecko) Chrome/120.0.0.0 Safari/537.36',NULL,'2024-01-22 15:48:34','2024-01-22 15:48:34'),(273,'Modules\\User\\Entities\\User',1,'created','App\\Models\\AmbulanceShift',215,'[]','{\"ambulance_mapping_id\":9,\"user_type\":\"Attendant\",\"type\":\"Permanent\",\"service_area\":\"dfgn\",\"station_area\":\"fdhf\",\"date\":\"2024-01-21\",\"created_by\":1,\"id\":215}','https://parivaar.siplsolutions.com/human-resource/employees/add-shift','49.43.0.103','Mozilla/5.0 (Windows NT 10.0; Win64; x64) AppleWebKit/537.36 (KHTML, like Gecko) Chrome/120.0.0.0 Safari/537.36',NULL,'2024-01-22 15:48:34','2024-01-22 15:48:34'),(274,'Modules\\User\\Entities\\User',1,'created','App\\Models\\AmbulanceShift',216,'[]','{\"ambulance_mapping_id\":9,\"user_type\":\"Attendant\",\"type\":\"Permanent\",\"service_area\":\"dfgn\",\"station_area\":\"fdhf\",\"date\":\"2024-01-22\",\"created_by\":1,\"id\":216}','https://parivaar.siplsolutions.com/human-resource/employees/add-shift','49.43.0.103','Mozilla/5.0 (Windows NT 10.0; Win64; x64) AppleWebKit/537.36 (KHTML, like Gecko) Chrome/120.0.0.0 Safari/537.36',NULL,'2024-01-22 15:48:34','2024-01-22 15:48:34'),(275,'Modules\\User\\Entities\\User',1,'created','App\\Models\\AmbulanceShift',217,'[]','{\"ambulance_mapping_id\":9,\"user_type\":\"Attendant\",\"type\":\"Permanent\",\"service_area\":\"dfgn\",\"station_area\":\"fdhf\",\"date\":\"2024-01-23\",\"created_by\":1,\"id\":217}','https://parivaar.siplsolutions.com/human-resource/employees/add-shift','49.43.0.103','Mozilla/5.0 (Windows NT 10.0; Win64; x64) AppleWebKit/537.36 (KHTML, like Gecko) Chrome/120.0.0.0 Safari/537.36',NULL,'2024-01-22 15:48:34','2024-01-22 15:48:34'),(276,'Modules\\User\\Entities\\User',1,'created','App\\Models\\AmbulanceShift',218,'[]','{\"ambulance_mapping_id\":9,\"user_type\":\"Attendant\",\"type\":\"Permanent\",\"service_area\":\"dfgn\",\"station_area\":\"fdhf\",\"date\":\"2024-01-24\",\"created_by\":1,\"id\":218}','https://parivaar.siplsolutions.com/human-resource/employees/add-shift','49.43.0.103','Mozilla/5.0 (Windows NT 10.0; Win64; x64) AppleWebKit/537.36 (KHTML, like Gecko) Chrome/120.0.0.0 Safari/537.36',NULL,'2024-01-22 15:48:34','2024-01-22 15:48:34'),(277,'Modules\\User\\Entities\\User',1,'created','App\\Models\\AmbulanceShift',219,'[]','{\"ambulance_mapping_id\":9,\"user_type\":\"Attendant\",\"type\":\"Permanent\",\"service_area\":\"dfgn\",\"station_area\":\"fdhf\",\"date\":\"2024-01-25\",\"created_by\":1,\"id\":219}','https://parivaar.siplsolutions.com/human-resource/employees/add-shift','49.43.0.103','Mozilla/5.0 (Windows NT 10.0; Win64; x64) AppleWebKit/537.36 (KHTML, like Gecko) Chrome/120.0.0.0 Safari/537.36',NULL,'2024-01-22 15:48:34','2024-01-22 15:48:34'),(278,'Modules\\User\\Entities\\User',1,'created','App\\Models\\AmbulanceShift',220,'[]','{\"ambulance_mapping_id\":9,\"user_type\":\"Attendant\",\"type\":\"Permanent\",\"service_area\":\"dfgn\",\"station_area\":\"fdhf\",\"date\":\"2024-01-26\",\"created_by\":1,\"id\":220}','https://parivaar.siplsolutions.com/human-resource/employees/add-shift','49.43.0.103','Mozilla/5.0 (Windows NT 10.0; Win64; x64) AppleWebKit/537.36 (KHTML, like Gecko) Chrome/120.0.0.0 Safari/537.36',NULL,'2024-01-22 15:48:34','2024-01-22 15:48:34'),(279,'Modules\\User\\Entities\\User',1,'created','App\\Models\\AmbulanceShift',221,'[]','{\"ambulance_mapping_id\":9,\"user_type\":\"Attendant\",\"type\":\"Permanent\",\"service_area\":\"dfgn\",\"station_area\":\"fdhf\",\"date\":\"2024-01-27\",\"created_by\":1,\"id\":221}','https://parivaar.siplsolutions.com/human-resource/employees/add-shift','49.43.0.103','Mozilla/5.0 (Windows NT 10.0; Win64; x64) AppleWebKit/537.36 (KHTML, like Gecko) Chrome/120.0.0.0 Safari/537.36',NULL,'2024-01-22 15:48:34','2024-01-22 15:48:34'),(280,'Modules\\User\\Entities\\User',1,'created','App\\Models\\AmbulanceShift',222,'[]','{\"ambulance_mapping_id\":9,\"user_type\":\"Attendant\",\"type\":\"Permanent\",\"service_area\":\"dfgn\",\"station_area\":\"fdhf\",\"date\":\"2024-01-28\",\"created_by\":1,\"id\":222}','https://parivaar.siplsolutions.com/human-resource/employees/add-shift','49.43.0.103','Mozilla/5.0 (Windows NT 10.0; Win64; x64) AppleWebKit/537.36 (KHTML, like Gecko) Chrome/120.0.0.0 Safari/537.36',NULL,'2024-01-22 15:48:34','2024-01-22 15:48:34'),(281,'Modules\\User\\Entities\\User',1,'created','App\\Models\\AmbulanceShift',223,'[]','{\"ambulance_mapping_id\":9,\"user_type\":\"Attendant\",\"type\":\"Permanent\",\"service_area\":\"dfgn\",\"station_area\":\"fdhf\",\"date\":\"2024-01-29\",\"created_by\":1,\"id\":223}','https://parivaar.siplsolutions.com/human-resource/employees/add-shift','49.43.0.103','Mozilla/5.0 (Windows NT 10.0; Win64; x64) AppleWebKit/537.36 (KHTML, like Gecko) Chrome/120.0.0.0 Safari/537.36',NULL,'2024-01-22 15:48:34','2024-01-22 15:48:34'),(282,'Modules\\User\\Entities\\User',1,'created','App\\Models\\AmbulanceShift',224,'[]','{\"ambulance_mapping_id\":9,\"user_type\":\"Attendant\",\"type\":\"Permanent\",\"service_area\":\"dfgn\",\"station_area\":\"fdhf\",\"date\":\"2024-01-30\",\"created_by\":1,\"id\":224}','https://parivaar.siplsolutions.com/human-resource/employees/add-shift','49.43.0.103','Mozilla/5.0 (Windows NT 10.0; Win64; x64) AppleWebKit/537.36 (KHTML, like Gecko) Chrome/120.0.0.0 Safari/537.36',NULL,'2024-01-22 15:48:34','2024-01-22 15:48:34'),(283,'Modules\\User\\Entities\\User',1,'created','App\\Models\\AmbulanceShift',225,'[]','{\"ambulance_mapping_id\":9,\"user_type\":\"Attendant\",\"type\":\"Permanent\",\"service_area\":\"dfgn\",\"station_area\":\"fdhf\",\"date\":\"2024-01-31\",\"created_by\":1,\"id\":225}','https://parivaar.siplsolutions.com/human-resource/employees/add-shift','49.43.0.103','Mozilla/5.0 (Windows NT 10.0; Win64; x64) AppleWebKit/537.36 (KHTML, like Gecko) Chrome/120.0.0.0 Safari/537.36',NULL,'2024-01-22 15:48:34','2024-01-22 15:48:34'),(284,'Modules\\User\\Entities\\User',1,'created','App\\Models\\AmbulanceShift',1,'[]','{\"ambulance_mapping_id\":8,\"user_type\":\"Attendant\",\"type\":\"Permanent\",\"service_area\":\"dfgn\",\"station_area\":\"fdhf\",\"date\":\"2024-01-01\",\"created_by\":1,\"id\":1}','https://parivaar.siplsolutions.com/human-resource/employees/add-shift','183.182.84.76','Mozilla/5.0 (Windows NT 10.0; Win64; x64) AppleWebKit/537.36 (KHTML, like Gecko) Chrome/120.0.0.0 Safari/537.36',NULL,'2024-01-22 16:11:14','2024-01-22 16:11:14'),(285,'Modules\\User\\Entities\\User',1,'created','App\\Models\\AmbulanceShift',2,'[]','{\"ambulance_mapping_id\":8,\"user_type\":\"Attendant\",\"type\":\"Permanent\",\"service_area\":\"dfgn\",\"station_area\":\"fdhf\",\"date\":\"2024-01-02\",\"created_by\":1,\"id\":2}','https://parivaar.siplsolutions.com/human-resource/employees/add-shift','183.182.84.76','Mozilla/5.0 (Windows NT 10.0; Win64; x64) AppleWebKit/537.36 (KHTML, like Gecko) Chrome/120.0.0.0 Safari/537.36',NULL,'2024-01-22 16:11:14','2024-01-22 16:11:14'),(286,'Modules\\User\\Entities\\User',1,'created','App\\Models\\AmbulanceShift',3,'[]','{\"ambulance_mapping_id\":8,\"user_type\":\"Attendant\",\"type\":\"Permanent\",\"service_area\":\"dfgn\",\"station_area\":\"fdhf\",\"date\":\"2024-01-03\",\"created_by\":1,\"id\":3}','https://parivaar.siplsolutions.com/human-resource/employees/add-shift','183.182.84.76','Mozilla/5.0 (Windows NT 10.0; Win64; x64) AppleWebKit/537.36 (KHTML, like Gecko) Chrome/120.0.0.0 Safari/537.36',NULL,'2024-01-22 16:11:14','2024-01-22 16:11:14'),(287,'Modules\\User\\Entities\\User',1,'created','App\\Models\\AmbulanceShift',4,'[]','{\"ambulance_mapping_id\":8,\"user_type\":\"Attendant\",\"type\":\"Permanent\",\"service_area\":\"dfgn\",\"station_area\":\"fdhf\",\"date\":\"2024-01-04\",\"created_by\":1,\"id\":4}','https://parivaar.siplsolutions.com/human-resource/employees/add-shift','183.182.84.76','Mozilla/5.0 (Windows NT 10.0; Win64; x64) AppleWebKit/537.36 (KHTML, like Gecko) Chrome/120.0.0.0 Safari/537.36',NULL,'2024-01-22 16:11:14','2024-01-22 16:11:14'),(288,'Modules\\User\\Entities\\User',1,'created','App\\Models\\AmbulanceShift',5,'[]','{\"ambulance_mapping_id\":8,\"user_type\":\"Attendant\",\"type\":\"Permanent\",\"service_area\":\"dfgn\",\"station_area\":\"fdhf\",\"date\":\"2024-01-05\",\"created_by\":1,\"id\":5}','https://parivaar.siplsolutions.com/human-resource/employees/add-shift','183.182.84.76','Mozilla/5.0 (Windows NT 10.0; Win64; x64) AppleWebKit/537.36 (KHTML, like Gecko) Chrome/120.0.0.0 Safari/537.36',NULL,'2024-01-22 16:11:14','2024-01-22 16:11:14'),(289,'Modules\\User\\Entities\\User',1,'created','App\\Models\\AmbulanceShift',6,'[]','{\"ambulance_mapping_id\":8,\"user_type\":\"Attendant\",\"type\":\"Permanent\",\"service_area\":\"dfgn\",\"station_area\":\"fdhf\",\"date\":\"2024-01-06\",\"created_by\":1,\"id\":6}','https://parivaar.siplsolutions.com/human-resource/employees/add-shift','183.182.84.76','Mozilla/5.0 (Windows NT 10.0; Win64; x64) AppleWebKit/537.36 (KHTML, like Gecko) Chrome/120.0.0.0 Safari/537.36',NULL,'2024-01-22 16:11:14','2024-01-22 16:11:14'),(290,'Modules\\User\\Entities\\User',1,'created','App\\Models\\AmbulanceShift',7,'[]','{\"ambulance_mapping_id\":8,\"user_type\":\"Attendant\",\"type\":\"Permanent\",\"service_area\":\"dfgn\",\"station_area\":\"fdhf\",\"date\":\"2024-01-07\",\"created_by\":1,\"id\":7}','https://parivaar.siplsolutions.com/human-resource/employees/add-shift','183.182.84.76','Mozilla/5.0 (Windows NT 10.0; Win64; x64) AppleWebKit/537.36 (KHTML, like Gecko) Chrome/120.0.0.0 Safari/537.36',NULL,'2024-01-22 16:11:14','2024-01-22 16:11:14'),(291,'Modules\\User\\Entities\\User',1,'created','App\\Models\\AmbulanceShift',8,'[]','{\"ambulance_mapping_id\":8,\"user_type\":\"Attendant\",\"type\":\"Permanent\",\"service_area\":\"dfgn\",\"station_area\":\"fdhf\",\"date\":\"2024-01-08\",\"created_by\":1,\"id\":8}','https://parivaar.siplsolutions.com/human-resource/employees/add-shift','183.182.84.76','Mozilla/5.0 (Windows NT 10.0; Win64; x64) AppleWebKit/537.36 (KHTML, like Gecko) Chrome/120.0.0.0 Safari/537.36',NULL,'2024-01-22 16:11:14','2024-01-22 16:11:14'),(292,'Modules\\User\\Entities\\User',1,'created','App\\Models\\AmbulanceShift',9,'[]','{\"ambulance_mapping_id\":8,\"user_type\":\"Attendant\",\"type\":\"Permanent\",\"service_area\":\"dfgn\",\"station_area\":\"fdhf\",\"date\":\"2024-01-09\",\"created_by\":1,\"id\":9}','https://parivaar.siplsolutions.com/human-resource/employees/add-shift','183.182.84.76','Mozilla/5.0 (Windows NT 10.0; Win64; x64) AppleWebKit/537.36 (KHTML, like Gecko) Chrome/120.0.0.0 Safari/537.36',NULL,'2024-01-22 16:11:14','2024-01-22 16:11:14'),(293,'Modules\\User\\Entities\\User',1,'created','App\\Models\\AmbulanceShift',10,'[]','{\"ambulance_mapping_id\":8,\"user_type\":\"Attendant\",\"type\":\"Permanent\",\"service_area\":\"dfgn\",\"station_area\":\"fdhf\",\"date\":\"2024-01-10\",\"created_by\":1,\"id\":10}','https://parivaar.siplsolutions.com/human-resource/employees/add-shift','183.182.84.76','Mozilla/5.0 (Windows NT 10.0; Win64; x64) AppleWebKit/537.36 (KHTML, like Gecko) Chrome/120.0.0.0 Safari/537.36',NULL,'2024-01-22 16:11:14','2024-01-22 16:11:14'),(294,'Modules\\User\\Entities\\User',1,'created','App\\Models\\AmbulanceShift',11,'[]','{\"ambulance_mapping_id\":8,\"user_type\":\"Attendant\",\"type\":\"Permanent\",\"service_area\":\"dfgn\",\"station_area\":\"fdhf\",\"date\":\"2024-01-11\",\"created_by\":1,\"id\":11}','https://parivaar.siplsolutions.com/human-resource/employees/add-shift','183.182.84.76','Mozilla/5.0 (Windows NT 10.0; Win64; x64) AppleWebKit/537.36 (KHTML, like Gecko) Chrome/120.0.0.0 Safari/537.36',NULL,'2024-01-22 16:11:14','2024-01-22 16:11:14'),(295,'Modules\\User\\Entities\\User',1,'created','App\\Models\\AmbulanceShift',12,'[]','{\"ambulance_mapping_id\":8,\"user_type\":\"Attendant\",\"type\":\"Permanent\",\"service_area\":\"dfgn\",\"station_area\":\"fdhf\",\"date\":\"2024-01-12\",\"created_by\":1,\"id\":12}','https://parivaar.siplsolutions.com/human-resource/employees/add-shift','183.182.84.76','Mozilla/5.0 (Windows NT 10.0; Win64; x64) AppleWebKit/537.36 (KHTML, like Gecko) Chrome/120.0.0.0 Safari/537.36',NULL,'2024-01-22 16:11:14','2024-01-22 16:11:14'),(296,'Modules\\User\\Entities\\User',1,'created','App\\Models\\AmbulanceShift',13,'[]','{\"ambulance_mapping_id\":8,\"user_type\":\"Attendant\",\"type\":\"Permanent\",\"service_area\":\"dfgn\",\"station_area\":\"fdhf\",\"date\":\"2024-01-13\",\"created_by\":1,\"id\":13}','https://parivaar.siplsolutions.com/human-resource/employees/add-shift','183.182.84.76','Mozilla/5.0 (Windows NT 10.0; Win64; x64) AppleWebKit/537.36 (KHTML, like Gecko) Chrome/120.0.0.0 Safari/537.36',NULL,'2024-01-22 16:11:14','2024-01-22 16:11:14'),(297,'Modules\\User\\Entities\\User',1,'created','App\\Models\\AmbulanceShift',14,'[]','{\"ambulance_mapping_id\":8,\"user_type\":\"Attendant\",\"type\":\"Permanent\",\"service_area\":\"dfgn\",\"station_area\":\"fdhf\",\"date\":\"2024-01-14\",\"created_by\":1,\"id\":14}','https://parivaar.siplsolutions.com/human-resource/employees/add-shift','183.182.84.76','Mozilla/5.0 (Windows NT 10.0; Win64; x64) AppleWebKit/537.36 (KHTML, like Gecko) Chrome/120.0.0.0 Safari/537.36',NULL,'2024-01-22 16:11:14','2024-01-22 16:11:14'),(298,'Modules\\User\\Entities\\User',1,'created','App\\Models\\AmbulanceShift',15,'[]','{\"ambulance_mapping_id\":8,\"user_type\":\"Attendant\",\"type\":\"Permanent\",\"service_area\":\"dfgn\",\"station_area\":\"fdhf\",\"date\":\"2024-01-15\",\"created_by\":1,\"id\":15}','https://parivaar.siplsolutions.com/human-resource/employees/add-shift','183.182.84.76','Mozilla/5.0 (Windows NT 10.0; Win64; x64) AppleWebKit/537.36 (KHTML, like Gecko) Chrome/120.0.0.0 Safari/537.36',NULL,'2024-01-22 16:11:14','2024-01-22 16:11:14'),(299,'Modules\\User\\Entities\\User',1,'created','App\\Models\\AmbulanceShift',16,'[]','{\"ambulance_mapping_id\":8,\"user_type\":\"Attendant\",\"type\":\"Permanent\",\"service_area\":\"dfgn\",\"station_area\":\"fdhf\",\"date\":\"2024-01-16\",\"created_by\":1,\"id\":16}','https://parivaar.siplsolutions.com/human-resource/employees/add-shift','183.182.84.76','Mozilla/5.0 (Windows NT 10.0; Win64; x64) AppleWebKit/537.36 (KHTML, like Gecko) Chrome/120.0.0.0 Safari/537.36',NULL,'2024-01-22 16:11:14','2024-01-22 16:11:14'),(300,'Modules\\User\\Entities\\User',1,'created','App\\Models\\AmbulanceShift',17,'[]','{\"ambulance_mapping_id\":8,\"user_type\":\"Attendant\",\"type\":\"Permanent\",\"service_area\":\"dfgn\",\"station_area\":\"fdhf\",\"date\":\"2024-01-17\",\"created_by\":1,\"id\":17}','https://parivaar.siplsolutions.com/human-resource/employees/add-shift','183.182.84.76','Mozilla/5.0 (Windows NT 10.0; Win64; x64) AppleWebKit/537.36 (KHTML, like Gecko) Chrome/120.0.0.0 Safari/537.36',NULL,'2024-01-22 16:11:14','2024-01-22 16:11:14'),(301,'Modules\\User\\Entities\\User',1,'created','App\\Models\\AmbulanceShift',18,'[]','{\"ambulance_mapping_id\":8,\"user_type\":\"Attendant\",\"type\":\"Permanent\",\"service_area\":\"dfgn\",\"station_area\":\"fdhf\",\"date\":\"2024-01-18\",\"created_by\":1,\"id\":18}','https://parivaar.siplsolutions.com/human-resource/employees/add-shift','183.182.84.76','Mozilla/5.0 (Windows NT 10.0; Win64; x64) AppleWebKit/537.36 (KHTML, like Gecko) Chrome/120.0.0.0 Safari/537.36',NULL,'2024-01-22 16:11:14','2024-01-22 16:11:14'),(302,'Modules\\User\\Entities\\User',1,'created','App\\Models\\AmbulanceShift',19,'[]','{\"ambulance_mapping_id\":8,\"user_type\":\"Attendant\",\"type\":\"Permanent\",\"service_area\":\"dfgn\",\"station_area\":\"fdhf\",\"date\":\"2024-01-19\",\"created_by\":1,\"id\":19}','https://parivaar.siplsolutions.com/human-resource/employees/add-shift','183.182.84.76','Mozilla/5.0 (Windows NT 10.0; Win64; x64) AppleWebKit/537.36 (KHTML, like Gecko) Chrome/120.0.0.0 Safari/537.36',NULL,'2024-01-22 16:11:14','2024-01-22 16:11:14'),(303,'Modules\\User\\Entities\\User',1,'created','App\\Models\\AmbulanceShift',20,'[]','{\"ambulance_mapping_id\":8,\"user_type\":\"Attendant\",\"type\":\"Permanent\",\"service_area\":\"dfgn\",\"station_area\":\"fdhf\",\"date\":\"2024-01-20\",\"created_by\":1,\"id\":20}','https://parivaar.siplsolutions.com/human-resource/employees/add-shift','183.182.84.76','Mozilla/5.0 (Windows NT 10.0; Win64; x64) AppleWebKit/537.36 (KHTML, like Gecko) Chrome/120.0.0.0 Safari/537.36',NULL,'2024-01-22 16:11:14','2024-01-22 16:11:14'),(304,'Modules\\User\\Entities\\User',1,'created','App\\Models\\AmbulanceShift',21,'[]','{\"ambulance_mapping_id\":8,\"user_type\":\"Attendant\",\"type\":\"Permanent\",\"service_area\":\"dfgn\",\"station_area\":\"fdhf\",\"date\":\"2024-01-21\",\"created_by\":1,\"id\":21}','https://parivaar.siplsolutions.com/human-resource/employees/add-shift','183.182.84.76','Mozilla/5.0 (Windows NT 10.0; Win64; x64) AppleWebKit/537.36 (KHTML, like Gecko) Chrome/120.0.0.0 Safari/537.36',NULL,'2024-01-22 16:11:14','2024-01-22 16:11:14'),(305,'Modules\\User\\Entities\\User',1,'created','App\\Models\\AmbulanceShift',22,'[]','{\"ambulance_mapping_id\":8,\"user_type\":\"Attendant\",\"type\":\"Permanent\",\"service_area\":\"dfgn\",\"station_area\":\"fdhf\",\"date\":\"2024-01-22\",\"created_by\":1,\"id\":22}','https://parivaar.siplsolutions.com/human-resource/employees/add-shift','183.182.84.76','Mozilla/5.0 (Windows NT 10.0; Win64; x64) AppleWebKit/537.36 (KHTML, like Gecko) Chrome/120.0.0.0 Safari/537.36',NULL,'2024-01-22 16:11:14','2024-01-22 16:11:14'),(306,'Modules\\User\\Entities\\User',1,'created','App\\Models\\AmbulanceShift',23,'[]','{\"ambulance_mapping_id\":8,\"user_type\":\"Attendant\",\"type\":\"Permanent\",\"service_area\":\"dfgn\",\"station_area\":\"fdhf\",\"date\":\"2024-01-23\",\"created_by\":1,\"id\":23}','https://parivaar.siplsolutions.com/human-resource/employees/add-shift','183.182.84.76','Mozilla/5.0 (Windows NT 10.0; Win64; x64) AppleWebKit/537.36 (KHTML, like Gecko) Chrome/120.0.0.0 Safari/537.36',NULL,'2024-01-22 16:11:14','2024-01-22 16:11:14'),(307,'Modules\\User\\Entities\\User',1,'created','App\\Models\\AmbulanceShift',24,'[]','{\"ambulance_mapping_id\":8,\"user_type\":\"Attendant\",\"type\":\"Permanent\",\"service_area\":\"dfgn\",\"station_area\":\"fdhf\",\"date\":\"2024-01-24\",\"created_by\":1,\"id\":24}','https://parivaar.siplsolutions.com/human-resource/employees/add-shift','183.182.84.76','Mozilla/5.0 (Windows NT 10.0; Win64; x64) AppleWebKit/537.36 (KHTML, like Gecko) Chrome/120.0.0.0 Safari/537.36',NULL,'2024-01-22 16:11:14','2024-01-22 16:11:14'),(308,'Modules\\User\\Entities\\User',1,'created','App\\Models\\AmbulanceShift',25,'[]','{\"ambulance_mapping_id\":8,\"user_type\":\"Attendant\",\"type\":\"Permanent\",\"service_area\":\"dfgn\",\"station_area\":\"fdhf\",\"date\":\"2024-01-25\",\"created_by\":1,\"id\":25}','https://parivaar.siplsolutions.com/human-resource/employees/add-shift','183.182.84.76','Mozilla/5.0 (Windows NT 10.0; Win64; x64) AppleWebKit/537.36 (KHTML, like Gecko) Chrome/120.0.0.0 Safari/537.36',NULL,'2024-01-22 16:11:14','2024-01-22 16:11:14'),(309,'Modules\\User\\Entities\\User',1,'created','App\\Models\\AmbulanceShift',26,'[]','{\"ambulance_mapping_id\":8,\"user_type\":\"Attendant\",\"type\":\"Permanent\",\"service_area\":\"dfgn\",\"station_area\":\"fdhf\",\"date\":\"2024-01-26\",\"created_by\":1,\"id\":26}','https://parivaar.siplsolutions.com/human-resource/employees/add-shift','183.182.84.76','Mozilla/5.0 (Windows NT 10.0; Win64; x64) AppleWebKit/537.36 (KHTML, like Gecko) Chrome/120.0.0.0 Safari/537.36',NULL,'2024-01-22 16:11:14','2024-01-22 16:11:14'),(310,'Modules\\User\\Entities\\User',1,'created','App\\Models\\AmbulanceShift',27,'[]','{\"ambulance_mapping_id\":8,\"user_type\":\"Attendant\",\"type\":\"Permanent\",\"service_area\":\"dfgn\",\"station_area\":\"fdhf\",\"date\":\"2024-01-27\",\"created_by\":1,\"id\":27}','https://parivaar.siplsolutions.com/human-resource/employees/add-shift','183.182.84.76','Mozilla/5.0 (Windows NT 10.0; Win64; x64) AppleWebKit/537.36 (KHTML, like Gecko) Chrome/120.0.0.0 Safari/537.36',NULL,'2024-01-22 16:11:14','2024-01-22 16:11:14'),(311,'Modules\\User\\Entities\\User',1,'created','App\\Models\\AmbulanceShift',28,'[]','{\"ambulance_mapping_id\":8,\"user_type\":\"Attendant\",\"type\":\"Permanent\",\"service_area\":\"dfgn\",\"station_area\":\"fdhf\",\"date\":\"2024-01-28\",\"created_by\":1,\"id\":28}','https://parivaar.siplsolutions.com/human-resource/employees/add-shift','183.182.84.76','Mozilla/5.0 (Windows NT 10.0; Win64; x64) AppleWebKit/537.36 (KHTML, like Gecko) Chrome/120.0.0.0 Safari/537.36',NULL,'2024-01-22 16:11:14','2024-01-22 16:11:14'),(312,'Modules\\User\\Entities\\User',1,'created','App\\Models\\AmbulanceShift',29,'[]','{\"ambulance_mapping_id\":8,\"user_type\":\"Attendant\",\"type\":\"Permanent\",\"service_area\":\"dfgn\",\"station_area\":\"fdhf\",\"date\":\"2024-01-29\",\"created_by\":1,\"id\":29}','https://parivaar.siplsolutions.com/human-resource/employees/add-shift','183.182.84.76','Mozilla/5.0 (Windows NT 10.0; Win64; x64) AppleWebKit/537.36 (KHTML, like Gecko) Chrome/120.0.0.0 Safari/537.36',NULL,'2024-01-22 16:11:14','2024-01-22 16:11:14'),(313,'Modules\\User\\Entities\\User',1,'created','App\\Models\\AmbulanceShift',30,'[]','{\"ambulance_mapping_id\":8,\"user_type\":\"Attendant\",\"type\":\"Permanent\",\"service_area\":\"dfgn\",\"station_area\":\"fdhf\",\"date\":\"2024-01-30\",\"created_by\":1,\"id\":30}','https://parivaar.siplsolutions.com/human-resource/employees/add-shift','183.182.84.76','Mozilla/5.0 (Windows NT 10.0; Win64; x64) AppleWebKit/537.36 (KHTML, like Gecko) Chrome/120.0.0.0 Safari/537.36',NULL,'2024-01-22 16:11:14','2024-01-22 16:11:14'),(314,'Modules\\User\\Entities\\User',1,'created','App\\Models\\AmbulanceShift',31,'[]','{\"ambulance_mapping_id\":8,\"user_type\":\"Attendant\",\"type\":\"Permanent\",\"service_area\":\"dfgn\",\"station_area\":\"fdhf\",\"date\":\"2024-01-31\",\"created_by\":1,\"id\":31}','https://parivaar.siplsolutions.com/human-resource/employees/add-shift','183.182.84.76','Mozilla/5.0 (Windows NT 10.0; Win64; x64) AppleWebKit/537.36 (KHTML, like Gecko) Chrome/120.0.0.0 Safari/537.36',NULL,'2024-01-22 16:11:14','2024-01-22 16:11:14'),(315,'Modules\\User\\Entities\\User',1,'updated','App\\Models\\Ambulance',8,'{\"status\":\"Running\"}','{\"status\":\"Not Running\"}','https://parivaar.siplsolutions.com/ambulance/update-ambulance-status?_=1706009868401&id=8&status=Not%20Running','49.249.2.122','Mozilla/5.0 (Windows NT 10.0; Win64; x64) AppleWebKit/537.36 (KHTML, like Gecko) Chrome/120.0.0.0 Safari/537.36',NULL,'2024-01-23 11:37:56','2024-01-23 11:37:56'),(316,'Modules\\User\\Entities\\User',1,'updated','App\\Models\\Ambulance',8,'{\"status\":\"Not Running\"}','{\"status\":\"Running\"}','https://parivaar.siplsolutions.com/ambulance/update-ambulance-status?_=1706009868403&id=8&status=Running','49.249.2.122','Mozilla/5.0 (Windows NT 10.0; Win64; x64) AppleWebKit/537.36 (KHTML, like Gecko) Chrome/120.0.0.0 Safari/537.36',NULL,'2024-01-23 11:38:00','2024-01-23 11:38:00'),(317,'Modules\\User\\Entities\\User',1,'created','App\\Models\\AmbulanceShift',1,'[]','{\"ambulance_mapping_id\":11,\"user_type\":\"Driver\",\"type\":\"Permanent\",\"station_area\":\"Indore\",\"date\":\"2024-01-23\",\"created_by\":1,\"id\":1}','https://parivaar.siplsolutions.com/ambulance/assign-shift','49.249.2.122','Mozilla/5.0 (Windows NT 10.0; Win64; x64) AppleWebKit/537.36 (KHTML, like Gecko) Chrome/120.0.0.0 Safari/537.36',NULL,'2024-01-23 11:45:51','2024-01-23 11:45:51'),(318,'Modules\\User\\Entities\\User',1,'created','App\\Models\\AmbulanceShift',2,'[]','{\"ambulance_mapping_id\":8,\"user_type\":\"Attendant\",\"type\":\"Temporary\",\"station_area\":\"Indore\",\"date\":\"2024-01-23\",\"created_by\":1,\"id\":2}','https://parivaar.siplsolutions.com/ambulance/assign-shift','49.249.2.122','Mozilla/5.0 (Windows NT 10.0; Win64; x64) AppleWebKit/537.36 (KHTML, like Gecko) Chrome/120.0.0.0 Safari/537.36',NULL,'2024-01-23 11:46:06','2024-01-23 11:46:06'),(319,'Modules\\User\\Entities\\User',1,'created','App\\Models\\AmbulanceShift',3,'[]','{\"ambulance_mapping_id\":12,\"user_type\":\"Driver\",\"type\":\"Permanent\",\"service_area_id\":\"7\",\"station_area\":\"Sehore\",\"date\":\"2024-01-01\",\"created_by\":1,\"id\":3}','https://parivaar.siplsolutions.com/human-resource/employees/add-shift','49.249.2.122','Mozilla/5.0 (Windows NT 10.0; Win64; x64) AppleWebKit/537.36 (KHTML, like Gecko) Chrome/120.0.0.0 Safari/537.36',NULL,'2024-01-23 11:46:51','2024-01-23 11:46:51'),(320,'Modules\\User\\Entities\\User',1,'created','App\\Models\\AmbulanceShift',4,'[]','{\"ambulance_mapping_id\":12,\"user_type\":\"Driver\",\"type\":\"Permanent\",\"service_area_id\":\"7\",\"station_area\":\"Sehore\",\"date\":\"2024-01-02\",\"created_by\":1,\"id\":4}','https://parivaar.siplsolutions.com/human-resource/employees/add-shift','49.249.2.122','Mozilla/5.0 (Windows NT 10.0; Win64; x64) AppleWebKit/537.36 (KHTML, like Gecko) Chrome/120.0.0.0 Safari/537.36',NULL,'2024-01-23 11:46:51','2024-01-23 11:46:51'),(321,'Modules\\User\\Entities\\User',1,'created','App\\Models\\AmbulanceShift',5,'[]','{\"ambulance_mapping_id\":12,\"user_type\":\"Driver\",\"type\":\"Permanent\",\"service_area_id\":\"7\",\"station_area\":\"Sehore\",\"date\":\"2024-01-03\",\"created_by\":1,\"id\":5}','https://parivaar.siplsolutions.com/human-resource/employees/add-shift','49.249.2.122','Mozilla/5.0 (Windows NT 10.0; Win64; x64) AppleWebKit/537.36 (KHTML, like Gecko) Chrome/120.0.0.0 Safari/537.36',NULL,'2024-01-23 11:46:51','2024-01-23 11:46:51'),(322,'Modules\\User\\Entities\\User',1,'created','App\\Models\\AmbulanceShift',6,'[]','{\"ambulance_mapping_id\":12,\"user_type\":\"Driver\",\"type\":\"Permanent\",\"service_area_id\":\"7\",\"station_area\":\"Sehore\",\"date\":\"2024-01-04\",\"created_by\":1,\"id\":6}','https://parivaar.siplsolutions.com/human-resource/employees/add-shift','49.249.2.122','Mozilla/5.0 (Windows NT 10.0; Win64; x64) AppleWebKit/537.36 (KHTML, like Gecko) Chrome/120.0.0.0 Safari/537.36',NULL,'2024-01-23 11:46:51','2024-01-23 11:46:51'),(323,'Modules\\User\\Entities\\User',1,'created','App\\Models\\AmbulanceShift',7,'[]','{\"ambulance_mapping_id\":12,\"user_type\":\"Driver\",\"type\":\"Permanent\",\"service_area_id\":\"7\",\"station_area\":\"Sehore\",\"date\":\"2024-01-05\",\"created_by\":1,\"id\":7}','https://parivaar.siplsolutions.com/human-resource/employees/add-shift','49.249.2.122','Mozilla/5.0 (Windows NT 10.0; Win64; x64) AppleWebKit/537.36 (KHTML, like Gecko) Chrome/120.0.0.0 Safari/537.36',NULL,'2024-01-23 11:46:51','2024-01-23 11:46:51'),(324,'Modules\\User\\Entities\\User',1,'created','App\\Models\\AmbulanceShift',8,'[]','{\"ambulance_mapping_id\":12,\"user_type\":\"Driver\",\"type\":\"Permanent\",\"service_area_id\":\"7\",\"station_area\":\"Sehore\",\"date\":\"2024-01-06\",\"created_by\":1,\"id\":8}','https://parivaar.siplsolutions.com/human-resource/employees/add-shift','49.249.2.122','Mozilla/5.0 (Windows NT 10.0; Win64; x64) AppleWebKit/537.36 (KHTML, like Gecko) Chrome/120.0.0.0 Safari/537.36',NULL,'2024-01-23 11:46:51','2024-01-23 11:46:51'),(325,'Modules\\User\\Entities\\User',1,'created','App\\Models\\AmbulanceShift',9,'[]','{\"ambulance_mapping_id\":12,\"user_type\":\"Driver\",\"type\":\"Permanent\",\"service_area_id\":\"7\",\"station_area\":\"Sehore\",\"date\":\"2024-01-07\",\"created_by\":1,\"id\":9}','https://parivaar.siplsolutions.com/human-resource/employees/add-shift','49.249.2.122','Mozilla/5.0 (Windows NT 10.0; Win64; x64) AppleWebKit/537.36 (KHTML, like Gecko) Chrome/120.0.0.0 Safari/537.36',NULL,'2024-01-23 11:46:51','2024-01-23 11:46:51'),(326,'Modules\\User\\Entities\\User',1,'created','App\\Models\\AmbulanceShift',10,'[]','{\"ambulance_mapping_id\":12,\"user_type\":\"Driver\",\"type\":\"Permanent\",\"service_area_id\":\"7\",\"station_area\":\"Sehore\",\"date\":\"2024-01-08\",\"created_by\":1,\"id\":10}','https://parivaar.siplsolutions.com/human-resource/employees/add-shift','49.249.2.122','Mozilla/5.0 (Windows NT 10.0; Win64; x64) AppleWebKit/537.36 (KHTML, like Gecko) Chrome/120.0.0.0 Safari/537.36',NULL,'2024-01-23 11:46:51','2024-01-23 11:46:51'),(327,'Modules\\User\\Entities\\User',1,'created','App\\Models\\AmbulanceShift',11,'[]','{\"ambulance_mapping_id\":12,\"user_type\":\"Driver\",\"type\":\"Permanent\",\"service_area_id\":\"7\",\"station_area\":\"Sehore\",\"date\":\"2024-01-09\",\"created_by\":1,\"id\":11}','https://parivaar.siplsolutions.com/human-resource/employees/add-shift','49.249.2.122','Mozilla/5.0 (Windows NT 10.0; Win64; x64) AppleWebKit/537.36 (KHTML, like Gecko) Chrome/120.0.0.0 Safari/537.36',NULL,'2024-01-23 11:46:51','2024-01-23 11:46:51'),(328,'Modules\\User\\Entities\\User',1,'created','App\\Models\\AmbulanceShift',12,'[]','{\"ambulance_mapping_id\":12,\"user_type\":\"Driver\",\"type\":\"Permanent\",\"service_area_id\":\"7\",\"station_area\":\"Sehore\",\"date\":\"2024-01-10\",\"created_by\":1,\"id\":12}','https://parivaar.siplsolutions.com/human-resource/employees/add-shift','49.249.2.122','Mozilla/5.0 (Windows NT 10.0; Win64; x64) AppleWebKit/537.36 (KHTML, like Gecko) Chrome/120.0.0.0 Safari/537.36',NULL,'2024-01-23 11:46:51','2024-01-23 11:46:51'),(329,'Modules\\User\\Entities\\User',1,'created','App\\Models\\AmbulanceShift',13,'[]','{\"ambulance_mapping_id\":12,\"user_type\":\"Driver\",\"type\":\"Permanent\",\"service_area_id\":\"7\",\"station_area\":\"Sehore\",\"date\":\"2024-01-11\",\"created_by\":1,\"id\":13}','https://parivaar.siplsolutions.com/human-resource/employees/add-shift','49.249.2.122','Mozilla/5.0 (Windows NT 10.0; Win64; x64) AppleWebKit/537.36 (KHTML, like Gecko) Chrome/120.0.0.0 Safari/537.36',NULL,'2024-01-23 11:46:51','2024-01-23 11:46:51'),(330,'Modules\\User\\Entities\\User',1,'created','App\\Models\\AmbulanceShift',14,'[]','{\"ambulance_mapping_id\":12,\"user_type\":\"Driver\",\"type\":\"Permanent\",\"service_area_id\":\"7\",\"station_area\":\"Sehore\",\"date\":\"2024-01-12\",\"created_by\":1,\"id\":14}','https://parivaar.siplsolutions.com/human-resource/employees/add-shift','49.249.2.122','Mozilla/5.0 (Windows NT 10.0; Win64; x64) AppleWebKit/537.36 (KHTML, like Gecko) Chrome/120.0.0.0 Safari/537.36',NULL,'2024-01-23 11:46:51','2024-01-23 11:46:51'),(331,'Modules\\User\\Entities\\User',1,'created','App\\Models\\AmbulanceShift',15,'[]','{\"ambulance_mapping_id\":12,\"user_type\":\"Driver\",\"type\":\"Permanent\",\"service_area_id\":\"7\",\"station_area\":\"Sehore\",\"date\":\"2024-01-13\",\"created_by\":1,\"id\":15}','https://parivaar.siplsolutions.com/human-resource/employees/add-shift','49.249.2.122','Mozilla/5.0 (Windows NT 10.0; Win64; x64) AppleWebKit/537.36 (KHTML, like Gecko) Chrome/120.0.0.0 Safari/537.36',NULL,'2024-01-23 11:46:51','2024-01-23 11:46:51'),(332,'Modules\\User\\Entities\\User',1,'created','App\\Models\\AmbulanceShift',16,'[]','{\"ambulance_mapping_id\":12,\"user_type\":\"Driver\",\"type\":\"Permanent\",\"service_area_id\":\"7\",\"station_area\":\"Sehore\",\"date\":\"2024-01-14\",\"created_by\":1,\"id\":16}','https://parivaar.siplsolutions.com/human-resource/employees/add-shift','49.249.2.122','Mozilla/5.0 (Windows NT 10.0; Win64; x64) AppleWebKit/537.36 (KHTML, like Gecko) Chrome/120.0.0.0 Safari/537.36',NULL,'2024-01-23 11:46:51','2024-01-23 11:46:51'),(333,'Modules\\User\\Entities\\User',1,'created','App\\Models\\AmbulanceShift',17,'[]','{\"ambulance_mapping_id\":12,\"user_type\":\"Driver\",\"type\":\"Permanent\",\"service_area_id\":\"7\",\"station_area\":\"Sehore\",\"date\":\"2024-01-15\",\"created_by\":1,\"id\":17}','https://parivaar.siplsolutions.com/human-resource/employees/add-shift','49.249.2.122','Mozilla/5.0 (Windows NT 10.0; Win64; x64) AppleWebKit/537.36 (KHTML, like Gecko) Chrome/120.0.0.0 Safari/537.36',NULL,'2024-01-23 11:46:51','2024-01-23 11:46:51'),(334,'Modules\\User\\Entities\\User',1,'created','App\\Models\\AmbulanceShift',18,'[]','{\"ambulance_mapping_id\":12,\"user_type\":\"Driver\",\"type\":\"Permanent\",\"service_area_id\":\"7\",\"station_area\":\"Sehore\",\"date\":\"2024-01-16\",\"created_by\":1,\"id\":18}','https://parivaar.siplsolutions.com/human-resource/employees/add-shift','49.249.2.122','Mozilla/5.0 (Windows NT 10.0; Win64; x64) AppleWebKit/537.36 (KHTML, like Gecko) Chrome/120.0.0.0 Safari/537.36',NULL,'2024-01-23 11:46:51','2024-01-23 11:46:51'),(335,'Modules\\User\\Entities\\User',1,'created','App\\Models\\AmbulanceShift',19,'[]','{\"ambulance_mapping_id\":12,\"user_type\":\"Driver\",\"type\":\"Permanent\",\"service_area_id\":\"7\",\"station_area\":\"Sehore\",\"date\":\"2024-01-17\",\"created_by\":1,\"id\":19}','https://parivaar.siplsolutions.com/human-resource/employees/add-shift','49.249.2.122','Mozilla/5.0 (Windows NT 10.0; Win64; x64) AppleWebKit/537.36 (KHTML, like Gecko) Chrome/120.0.0.0 Safari/537.36',NULL,'2024-01-23 11:46:51','2024-01-23 11:46:51'),(336,'Modules\\User\\Entities\\User',1,'created','App\\Models\\AmbulanceShift',20,'[]','{\"ambulance_mapping_id\":12,\"user_type\":\"Driver\",\"type\":\"Permanent\",\"service_area_id\":\"7\",\"station_area\":\"Sehore\",\"date\":\"2024-01-18\",\"created_by\":1,\"id\":20}','https://parivaar.siplsolutions.com/human-resource/employees/add-shift','49.249.2.122','Mozilla/5.0 (Windows NT 10.0; Win64; x64) AppleWebKit/537.36 (KHTML, like Gecko) Chrome/120.0.0.0 Safari/537.36',NULL,'2024-01-23 11:46:51','2024-01-23 11:46:51'),(337,'Modules\\User\\Entities\\User',1,'created','App\\Models\\AmbulanceShift',21,'[]','{\"ambulance_mapping_id\":12,\"user_type\":\"Driver\",\"type\":\"Permanent\",\"service_area_id\":\"7\",\"station_area\":\"Sehore\",\"date\":\"2024-01-19\",\"created_by\":1,\"id\":21}','https://parivaar.siplsolutions.com/human-resource/employees/add-shift','49.249.2.122','Mozilla/5.0 (Windows NT 10.0; Win64; x64) AppleWebKit/537.36 (KHTML, like Gecko) Chrome/120.0.0.0 Safari/537.36',NULL,'2024-01-23 11:46:51','2024-01-23 11:46:51'),(338,'Modules\\User\\Entities\\User',1,'created','App\\Models\\AmbulanceShift',22,'[]','{\"ambulance_mapping_id\":12,\"user_type\":\"Driver\",\"type\":\"Permanent\",\"service_area_id\":\"7\",\"station_area\":\"Sehore\",\"date\":\"2024-01-20\",\"created_by\":1,\"id\":22}','https://parivaar.siplsolutions.com/human-resource/employees/add-shift','49.249.2.122','Mozilla/5.0 (Windows NT 10.0; Win64; x64) AppleWebKit/537.36 (KHTML, like Gecko) Chrome/120.0.0.0 Safari/537.36',NULL,'2024-01-23 11:46:51','2024-01-23 11:46:51'),(339,'Modules\\User\\Entities\\User',1,'created','App\\Models\\AmbulanceShift',23,'[]','{\"ambulance_mapping_id\":12,\"user_type\":\"Driver\",\"type\":\"Permanent\",\"service_area_id\":\"7\",\"station_area\":\"Sehore\",\"date\":\"2024-01-21\",\"created_by\":1,\"id\":23}','https://parivaar.siplsolutions.com/human-resource/employees/add-shift','49.249.2.122','Mozilla/5.0 (Windows NT 10.0; Win64; x64) AppleWebKit/537.36 (KHTML, like Gecko) Chrome/120.0.0.0 Safari/537.36',NULL,'2024-01-23 11:46:51','2024-01-23 11:46:51'),(340,'Modules\\User\\Entities\\User',1,'created','App\\Models\\AmbulanceShift',24,'[]','{\"ambulance_mapping_id\":12,\"user_type\":\"Driver\",\"type\":\"Permanent\",\"service_area_id\":\"7\",\"station_area\":\"Sehore\",\"date\":\"2024-01-22\",\"created_by\":1,\"id\":24}','https://parivaar.siplsolutions.com/human-resource/employees/add-shift','49.249.2.122','Mozilla/5.0 (Windows NT 10.0; Win64; x64) AppleWebKit/537.36 (KHTML, like Gecko) Chrome/120.0.0.0 Safari/537.36',NULL,'2024-01-23 11:46:51','2024-01-23 11:46:51'),(341,'Modules\\User\\Entities\\User',1,'created','App\\Models\\AmbulanceShift',25,'[]','{\"ambulance_mapping_id\":12,\"user_type\":\"Driver\",\"type\":\"Permanent\",\"service_area_id\":\"7\",\"station_area\":\"Sehore\",\"date\":\"2024-01-23\",\"created_by\":1,\"id\":25}','https://parivaar.siplsolutions.com/human-resource/employees/add-shift','49.249.2.122','Mozilla/5.0 (Windows NT 10.0; Win64; x64) AppleWebKit/537.36 (KHTML, like Gecko) Chrome/120.0.0.0 Safari/537.36',NULL,'2024-01-23 11:46:51','2024-01-23 11:46:51'),(342,'Modules\\User\\Entities\\User',1,'created','App\\Models\\AmbulanceShift',26,'[]','{\"ambulance_mapping_id\":12,\"user_type\":\"Driver\",\"type\":\"Permanent\",\"service_area_id\":\"7\",\"station_area\":\"Sehore\",\"date\":\"2024-01-24\",\"created_by\":1,\"id\":26}','https://parivaar.siplsolutions.com/human-resource/employees/add-shift','49.249.2.122','Mozilla/5.0 (Windows NT 10.0; Win64; x64) AppleWebKit/537.36 (KHTML, like Gecko) Chrome/120.0.0.0 Safari/537.36',NULL,'2024-01-23 11:46:51','2024-01-23 11:46:51'),(343,'Modules\\User\\Entities\\User',1,'created','App\\Models\\AmbulanceShift',27,'[]','{\"ambulance_mapping_id\":12,\"user_type\":\"Driver\",\"type\":\"Permanent\",\"service_area_id\":\"7\",\"station_area\":\"Sehore\",\"date\":\"2024-01-25\",\"created_by\":1,\"id\":27}','https://parivaar.siplsolutions.com/human-resource/employees/add-shift','49.249.2.122','Mozilla/5.0 (Windows NT 10.0; Win64; x64) AppleWebKit/537.36 (KHTML, like Gecko) Chrome/120.0.0.0 Safari/537.36',NULL,'2024-01-23 11:46:51','2024-01-23 11:46:51'),(344,'Modules\\User\\Entities\\User',1,'created','App\\Models\\AmbulanceShift',28,'[]','{\"ambulance_mapping_id\":12,\"user_type\":\"Driver\",\"type\":\"Permanent\",\"service_area_id\":\"7\",\"station_area\":\"Sehore\",\"date\":\"2024-01-26\",\"created_by\":1,\"id\":28}','https://parivaar.siplsolutions.com/human-resource/employees/add-shift','49.249.2.122','Mozilla/5.0 (Windows NT 10.0; Win64; x64) AppleWebKit/537.36 (KHTML, like Gecko) Chrome/120.0.0.0 Safari/537.36',NULL,'2024-01-23 11:46:51','2024-01-23 11:46:51'),(345,'Modules\\User\\Entities\\User',1,'created','App\\Models\\AmbulanceShift',29,'[]','{\"ambulance_mapping_id\":12,\"user_type\":\"Driver\",\"type\":\"Permanent\",\"service_area_id\":\"7\",\"station_area\":\"Sehore\",\"date\":\"2024-01-27\",\"created_by\":1,\"id\":29}','https://parivaar.siplsolutions.com/human-resource/employees/add-shift','49.249.2.122','Mozilla/5.0 (Windows NT 10.0; Win64; x64) AppleWebKit/537.36 (KHTML, like Gecko) Chrome/120.0.0.0 Safari/537.36',NULL,'2024-01-23 11:46:51','2024-01-23 11:46:51'),(346,'Modules\\User\\Entities\\User',1,'created','App\\Models\\AmbulanceShift',30,'[]','{\"ambulance_mapping_id\":12,\"user_type\":\"Driver\",\"type\":\"Permanent\",\"service_area_id\":\"7\",\"station_area\":\"Sehore\",\"date\":\"2024-01-28\",\"created_by\":1,\"id\":30}','https://parivaar.siplsolutions.com/human-resource/employees/add-shift','49.249.2.122','Mozilla/5.0 (Windows NT 10.0; Win64; x64) AppleWebKit/537.36 (KHTML, like Gecko) Chrome/120.0.0.0 Safari/537.36',NULL,'2024-01-23 11:46:51','2024-01-23 11:46:51'),(347,'Modules\\User\\Entities\\User',1,'created','App\\Models\\AmbulanceShift',31,'[]','{\"ambulance_mapping_id\":12,\"user_type\":\"Driver\",\"type\":\"Permanent\",\"service_area_id\":\"7\",\"station_area\":\"Sehore\",\"date\":\"2024-01-29\",\"created_by\":1,\"id\":31}','https://parivaar.siplsolutions.com/human-resource/employees/add-shift','49.249.2.122','Mozilla/5.0 (Windows NT 10.0; Win64; x64) AppleWebKit/537.36 (KHTML, like Gecko) Chrome/120.0.0.0 Safari/537.36',NULL,'2024-01-23 11:46:51','2024-01-23 11:46:51'),(348,'Modules\\User\\Entities\\User',1,'created','App\\Models\\AmbulanceShift',32,'[]','{\"ambulance_mapping_id\":12,\"user_type\":\"Driver\",\"type\":\"Permanent\",\"service_area_id\":\"7\",\"station_area\":\"Sehore\",\"date\":\"2024-01-30\",\"created_by\":1,\"id\":32}','https://parivaar.siplsolutions.com/human-resource/employees/add-shift','49.249.2.122','Mozilla/5.0 (Windows NT 10.0; Win64; x64) AppleWebKit/537.36 (KHTML, like Gecko) Chrome/120.0.0.0 Safari/537.36',NULL,'2024-01-23 11:46:51','2024-01-23 11:46:51'),(349,'Modules\\User\\Entities\\User',1,'created','App\\Models\\AmbulanceShift',33,'[]','{\"ambulance_mapping_id\":12,\"user_type\":\"Driver\",\"type\":\"Permanent\",\"service_area_id\":\"7\",\"station_area\":\"Sehore\",\"date\":\"2024-01-31\",\"created_by\":1,\"id\":33}','https://parivaar.siplsolutions.com/human-resource/employees/add-shift','49.249.2.122','Mozilla/5.0 (Windows NT 10.0; Win64; x64) AppleWebKit/537.36 (KHTML, like Gecko) Chrome/120.0.0.0 Safari/537.36',NULL,'2024-01-23 11:46:51','2024-01-23 11:46:51'),(350,'Modules\\User\\Entities\\User',1,'created','App\\Models\\AmbulanceShift',34,'[]','{\"ambulance_mapping_id\":13,\"user_type\":\"Driver\",\"type\":\"Permanent\",\"service_area_id\":\"1\",\"station_area\":\"Indore\",\"date\":\"2024-01-23\",\"created_by\":1,\"id\":34}','https://parivaar.siplsolutions.com/ambulance/assign-shift','49.249.2.122','Mozilla/5.0 (Windows NT 10.0; Win64; x64) AppleWebKit/537.36 (KHTML, like Gecko) Chrome/120.0.0.0 Safari/537.36',NULL,'2024-01-23 11:50:13','2024-01-23 11:50:13'),(351,'Modules\\User\\Entities\\User',1,'created','App\\Models\\AmbulanceShift',35,'[]','{\"ambulance_mapping_id\":14,\"user_type\":\"Driver\",\"type\":\"Permanent\",\"service_area_id\":\"1\",\"station_area\":\"Indore\",\"date\":\"2024-01-23\",\"created_by\":1,\"id\":35}','https://parivaar.siplsolutions.com/human-resource/employees/add-shift','49.249.2.122','Mozilla/5.0 (Windows NT 10.0; Win64; x64) AppleWebKit/537.36 (KHTML, like Gecko) Chrome/121.0.0.0 Safari/537.36',NULL,'2024-01-31 09:34:18','2024-01-31 09:34:18'),(352,'Modules\\User\\Entities\\User',1,'created','App\\Models\\AmbulanceShift',36,'[]','{\"ambulance_mapping_id\":13,\"user_type\":\"Driver\",\"type\":\"Permanent\",\"service_area_id\":\"1\",\"station_area\":\"Indore\",\"date\":\"2024-01-24\",\"created_by\":1,\"id\":36}','https://parivaar.siplsolutions.com/human-resource/employees/add-shift','49.249.2.122','Mozilla/5.0 (Windows NT 10.0; Win64; x64) AppleWebKit/537.36 (KHTML, like Gecko) Chrome/121.0.0.0 Safari/537.36',NULL,'2024-01-31 09:41:16','2024-01-31 09:41:16'),(353,'Modules\\User\\Entities\\User',1,'created','App\\Models\\AmbulanceShift',37,'[]','{\"ambulance_mapping_id\":15,\"user_type\":\"Driver\",\"type\":\"Permanent\",\"service_area_id\":\"1\",\"station_area\":\"Indore\",\"date\":\"2024-02-01\",\"created_by\":1,\"id\":37}','https://parivaar.siplsolutions.com/human-resource/employees/add-shift','49.249.2.122','Mozilla/5.0 (Windows NT 10.0; Win64; x64) AppleWebKit/537.36 (KHTML, like Gecko) Chrome/121.0.0.0 Safari/537.36',NULL,'2024-02-01 06:51:40','2024-02-01 06:51:40'),(354,'Modules\\User\\Entities\\User',1,'created','App\\Models\\AmbulanceShift',38,'[]','{\"ambulance_mapping_id\":15,\"user_type\":\"Driver\",\"type\":\"Permanent\",\"service_area_id\":\"1\",\"station_area\":\"Indore\",\"date\":\"2024-02-02\",\"created_by\":1,\"id\":38}','https://parivaar.siplsolutions.com/human-resource/employees/add-shift','49.249.2.122','Mozilla/5.0 (Windows NT 10.0; Win64; x64) AppleWebKit/537.36 (KHTML, like Gecko) Chrome/121.0.0.0 Safari/537.36',NULL,'2024-02-01 06:51:40','2024-02-01 06:51:40'),(355,'Modules\\User\\Entities\\User',1,'created','App\\Models\\AmbulanceShift',39,'[]','{\"ambulance_mapping_id\":15,\"user_type\":\"Driver\",\"type\":\"Permanent\",\"service_area_id\":\"1\",\"station_area\":\"Indore\",\"date\":\"2024-02-03\",\"created_by\":1,\"id\":39}','https://parivaar.siplsolutions.com/human-resource/employees/add-shift','49.249.2.122','Mozilla/5.0 (Windows NT 10.0; Win64; x64) AppleWebKit/537.36 (KHTML, like Gecko) Chrome/121.0.0.0 Safari/537.36',NULL,'2024-02-01 06:51:40','2024-02-01 06:51:40'),(356,'Modules\\User\\Entities\\User',1,'created','App\\Models\\AmbulanceShift',40,'[]','{\"ambulance_mapping_id\":15,\"user_type\":\"Driver\",\"type\":\"Permanent\",\"service_area_id\":\"1\",\"station_area\":\"Indore\",\"date\":\"2024-02-04\",\"created_by\":1,\"id\":40}','https://parivaar.siplsolutions.com/human-resource/employees/add-shift','49.249.2.122','Mozilla/5.0 (Windows NT 10.0; Win64; x64) AppleWebKit/537.36 (KHTML, like Gecko) Chrome/121.0.0.0 Safari/537.36',NULL,'2024-02-01 06:51:40','2024-02-01 06:51:40'),(357,'Modules\\User\\Entities\\User',1,'created','App\\Models\\AmbulanceShift',41,'[]','{\"ambulance_mapping_id\":15,\"user_type\":\"Driver\",\"type\":\"Permanent\",\"service_area_id\":\"1\",\"station_area\":\"Indore\",\"date\":\"2024-02-05\",\"created_by\":1,\"id\":41}','https://parivaar.siplsolutions.com/human-resource/employees/add-shift','49.249.2.122','Mozilla/5.0 (Windows NT 10.0; Win64; x64) AppleWebKit/537.36 (KHTML, like Gecko) Chrome/121.0.0.0 Safari/537.36',NULL,'2024-02-01 06:51:40','2024-02-01 06:51:40'),(358,'Modules\\User\\Entities\\User',1,'created','App\\Models\\AmbulanceShift',42,'[]','{\"ambulance_mapping_id\":15,\"user_type\":\"Driver\",\"type\":\"Permanent\",\"service_area_id\":\"1\",\"station_area\":\"Indore\",\"date\":\"2024-02-06\",\"created_by\":1,\"id\":42}','https://parivaar.siplsolutions.com/human-resource/employees/add-shift','49.249.2.122','Mozilla/5.0 (Windows NT 10.0; Win64; x64) AppleWebKit/537.36 (KHTML, like Gecko) Chrome/121.0.0.0 Safari/537.36',NULL,'2024-02-01 06:51:40','2024-02-01 06:51:40'),(359,'Modules\\User\\Entities\\User',1,'created','App\\Models\\AmbulanceShift',43,'[]','{\"ambulance_mapping_id\":15,\"user_type\":\"Driver\",\"type\":\"Permanent\",\"service_area_id\":\"1\",\"station_area\":\"Indore\",\"date\":\"2024-02-07\",\"created_by\":1,\"id\":43}','https://parivaar.siplsolutions.com/human-resource/employees/add-shift','49.249.2.122','Mozilla/5.0 (Windows NT 10.0; Win64; x64) AppleWebKit/537.36 (KHTML, like Gecko) Chrome/121.0.0.0 Safari/537.36',NULL,'2024-02-01 06:51:40','2024-02-01 06:51:40'),(360,'Modules\\User\\Entities\\User',1,'created','App\\Models\\AmbulanceShift',44,'[]','{\"ambulance_mapping_id\":15,\"user_type\":\"Driver\",\"type\":\"Permanent\",\"service_area_id\":\"1\",\"station_area\":\"Indore\",\"date\":\"2024-02-08\",\"created_by\":1,\"id\":44}','https://parivaar.siplsolutions.com/human-resource/employees/add-shift','49.249.2.122','Mozilla/5.0 (Windows NT 10.0; Win64; x64) AppleWebKit/537.36 (KHTML, like Gecko) Chrome/121.0.0.0 Safari/537.36',NULL,'2024-02-01 06:51:40','2024-02-01 06:51:40'),(361,'Modules\\User\\Entities\\User',1,'created','App\\Models\\AmbulanceShift',45,'[]','{\"ambulance_mapping_id\":15,\"user_type\":\"Driver\",\"type\":\"Permanent\",\"service_area_id\":\"1\",\"station_area\":\"Indore\",\"date\":\"2024-02-09\",\"created_by\":1,\"id\":45}','https://parivaar.siplsolutions.com/human-resource/employees/add-shift','49.249.2.122','Mozilla/5.0 (Windows NT 10.0; Win64; x64) AppleWebKit/537.36 (KHTML, like Gecko) Chrome/121.0.0.0 Safari/537.36',NULL,'2024-02-01 06:51:40','2024-02-01 06:51:40'),(362,'Modules\\User\\Entities\\User',1,'created','App\\Models\\AmbulanceShift',46,'[]','{\"ambulance_mapping_id\":15,\"user_type\":\"Driver\",\"type\":\"Permanent\",\"service_area_id\":\"1\",\"station_area\":\"Indore\",\"date\":\"2024-02-10\",\"created_by\":1,\"id\":46}','https://parivaar.siplsolutions.com/human-resource/employees/add-shift','49.249.2.122','Mozilla/5.0 (Windows NT 10.0; Win64; x64) AppleWebKit/537.36 (KHTML, like Gecko) Chrome/121.0.0.0 Safari/537.36',NULL,'2024-02-01 06:51:40','2024-02-01 06:51:40'),(363,'Modules\\User\\Entities\\User',1,'created','App\\Models\\AmbulanceShift',47,'[]','{\"ambulance_mapping_id\":15,\"user_type\":\"Driver\",\"type\":\"Permanent\",\"service_area_id\":\"1\",\"station_area\":\"Indore\",\"date\":\"2024-02-11\",\"created_by\":1,\"id\":47}','https://parivaar.siplsolutions.com/human-resource/employees/add-shift','49.249.2.122','Mozilla/5.0 (Windows NT 10.0; Win64; x64) AppleWebKit/537.36 (KHTML, like Gecko) Chrome/121.0.0.0 Safari/537.36',NULL,'2024-02-01 06:51:40','2024-02-01 06:51:40'),(364,'Modules\\User\\Entities\\User',1,'created','App\\Models\\AmbulanceShift',48,'[]','{\"ambulance_mapping_id\":15,\"user_type\":\"Driver\",\"type\":\"Permanent\",\"service_area_id\":\"1\",\"station_area\":\"Indore\",\"date\":\"2024-02-12\",\"created_by\":1,\"id\":48}','https://parivaar.siplsolutions.com/human-resource/employees/add-shift','49.249.2.122','Mozilla/5.0 (Windows NT 10.0; Win64; x64) AppleWebKit/537.36 (KHTML, like Gecko) Chrome/121.0.0.0 Safari/537.36',NULL,'2024-02-01 06:51:40','2024-02-01 06:51:40'),(365,'Modules\\User\\Entities\\User',1,'created','App\\Models\\AmbulanceShift',49,'[]','{\"ambulance_mapping_id\":15,\"user_type\":\"Driver\",\"type\":\"Permanent\",\"service_area_id\":\"1\",\"station_area\":\"Indore\",\"date\":\"2024-02-13\",\"created_by\":1,\"id\":49}','https://parivaar.siplsolutions.com/human-resource/employees/add-shift','49.249.2.122','Mozilla/5.0 (Windows NT 10.0; Win64; x64) AppleWebKit/537.36 (KHTML, like Gecko) Chrome/121.0.0.0 Safari/537.36',NULL,'2024-02-01 06:51:40','2024-02-01 06:51:40'),(366,'Modules\\User\\Entities\\User',1,'created','App\\Models\\AmbulanceShift',50,'[]','{\"ambulance_mapping_id\":15,\"user_type\":\"Driver\",\"type\":\"Permanent\",\"service_area_id\":\"1\",\"station_area\":\"Indore\",\"date\":\"2024-02-14\",\"created_by\":1,\"id\":50}','https://parivaar.siplsolutions.com/human-resource/employees/add-shift','49.249.2.122','Mozilla/5.0 (Windows NT 10.0; Win64; x64) AppleWebKit/537.36 (KHTML, like Gecko) Chrome/121.0.0.0 Safari/537.36',NULL,'2024-02-01 06:51:40','2024-02-01 06:51:40'),(367,'Modules\\User\\Entities\\User',1,'created','App\\Models\\AmbulanceShift',51,'[]','{\"ambulance_mapping_id\":15,\"user_type\":\"Driver\",\"type\":\"Permanent\",\"service_area_id\":\"1\",\"station_area\":\"Indore\",\"date\":\"2024-02-15\",\"created_by\":1,\"id\":51}','https://parivaar.siplsolutions.com/human-resource/employees/add-shift','49.249.2.122','Mozilla/5.0 (Windows NT 10.0; Win64; x64) AppleWebKit/537.36 (KHTML, like Gecko) Chrome/121.0.0.0 Safari/537.36',NULL,'2024-02-01 06:51:40','2024-02-01 06:51:40'),(368,'Modules\\User\\Entities\\User',1,'created','App\\Models\\AmbulanceShift',52,'[]','{\"ambulance_mapping_id\":15,\"user_type\":\"Driver\",\"type\":\"Permanent\",\"service_area_id\":\"1\",\"station_area\":\"Indore\",\"date\":\"2024-02-16\",\"created_by\":1,\"id\":52}','https://parivaar.siplsolutions.com/human-resource/employees/add-shift','49.249.2.122','Mozilla/5.0 (Windows NT 10.0; Win64; x64) AppleWebKit/537.36 (KHTML, like Gecko) Chrome/121.0.0.0 Safari/537.36',NULL,'2024-02-01 06:51:40','2024-02-01 06:51:40'),(369,'Modules\\User\\Entities\\User',1,'created','App\\Models\\AmbulanceShift',53,'[]','{\"ambulance_mapping_id\":15,\"user_type\":\"Driver\",\"type\":\"Permanent\",\"service_area_id\":\"1\",\"station_area\":\"Indore\",\"date\":\"2024-02-17\",\"created_by\":1,\"id\":53}','https://parivaar.siplsolutions.com/human-resource/employees/add-shift','49.249.2.122','Mozilla/5.0 (Windows NT 10.0; Win64; x64) AppleWebKit/537.36 (KHTML, like Gecko) Chrome/121.0.0.0 Safari/537.36',NULL,'2024-02-01 06:51:40','2024-02-01 06:51:40'),(370,'Modules\\User\\Entities\\User',1,'created','App\\Models\\AmbulanceShift',54,'[]','{\"ambulance_mapping_id\":15,\"user_type\":\"Driver\",\"type\":\"Permanent\",\"service_area_id\":\"1\",\"station_area\":\"Indore\",\"date\":\"2024-02-18\",\"created_by\":1,\"id\":54}','https://parivaar.siplsolutions.com/human-resource/employees/add-shift','49.249.2.122','Mozilla/5.0 (Windows NT 10.0; Win64; x64) AppleWebKit/537.36 (KHTML, like Gecko) Chrome/121.0.0.0 Safari/537.36',NULL,'2024-02-01 06:51:40','2024-02-01 06:51:40'),(371,'Modules\\User\\Entities\\User',1,'created','App\\Models\\AmbulanceShift',55,'[]','{\"ambulance_mapping_id\":15,\"user_type\":\"Driver\",\"type\":\"Permanent\",\"service_area_id\":\"1\",\"station_area\":\"Indore\",\"date\":\"2024-02-19\",\"created_by\":1,\"id\":55}','https://parivaar.siplsolutions.com/human-resource/employees/add-shift','49.249.2.122','Mozilla/5.0 (Windows NT 10.0; Win64; x64) AppleWebKit/537.36 (KHTML, like Gecko) Chrome/121.0.0.0 Safari/537.36',NULL,'2024-02-01 06:51:40','2024-02-01 06:51:40'),(372,'Modules\\User\\Entities\\User',1,'created','App\\Models\\AmbulanceShift',56,'[]','{\"ambulance_mapping_id\":15,\"user_type\":\"Driver\",\"type\":\"Permanent\",\"service_area_id\":\"1\",\"station_area\":\"Indore\",\"date\":\"2024-02-20\",\"created_by\":1,\"id\":56}','https://parivaar.siplsolutions.com/human-resource/employees/add-shift','49.249.2.122','Mozilla/5.0 (Windows NT 10.0; Win64; x64) AppleWebKit/537.36 (KHTML, like Gecko) Chrome/121.0.0.0 Safari/537.36',NULL,'2024-02-01 06:51:40','2024-02-01 06:51:40'),(373,'Modules\\User\\Entities\\User',1,'created','App\\Models\\AmbulanceShift',57,'[]','{\"ambulance_mapping_id\":15,\"user_type\":\"Driver\",\"type\":\"Permanent\",\"service_area_id\":\"1\",\"station_area\":\"Indore\",\"date\":\"2024-02-21\",\"created_by\":1,\"id\":57}','https://parivaar.siplsolutions.com/human-resource/employees/add-shift','49.249.2.122','Mozilla/5.0 (Windows NT 10.0; Win64; x64) AppleWebKit/537.36 (KHTML, like Gecko) Chrome/121.0.0.0 Safari/537.36',NULL,'2024-02-01 06:51:40','2024-02-01 06:51:40'),(374,'Modules\\User\\Entities\\User',1,'created','App\\Models\\AmbulanceShift',58,'[]','{\"ambulance_mapping_id\":15,\"user_type\":\"Driver\",\"type\":\"Permanent\",\"service_area_id\":\"1\",\"station_area\":\"Indore\",\"date\":\"2024-02-22\",\"created_by\":1,\"id\":58}','https://parivaar.siplsolutions.com/human-resource/employees/add-shift','49.249.2.122','Mozilla/5.0 (Windows NT 10.0; Win64; x64) AppleWebKit/537.36 (KHTML, like Gecko) Chrome/121.0.0.0 Safari/537.36',NULL,'2024-02-01 06:51:40','2024-02-01 06:51:40'),(375,'Modules\\User\\Entities\\User',1,'created','App\\Models\\AmbulanceShift',59,'[]','{\"ambulance_mapping_id\":15,\"user_type\":\"Driver\",\"type\":\"Permanent\",\"service_area_id\":\"1\",\"station_area\":\"Indore\",\"date\":\"2024-02-23\",\"created_by\":1,\"id\":59}','https://parivaar.siplsolutions.com/human-resource/employees/add-shift','49.249.2.122','Mozilla/5.0 (Windows NT 10.0; Win64; x64) AppleWebKit/537.36 (KHTML, like Gecko) Chrome/121.0.0.0 Safari/537.36',NULL,'2024-02-01 06:51:40','2024-02-01 06:51:40'),(376,'Modules\\User\\Entities\\User',1,'created','App\\Models\\AmbulanceShift',60,'[]','{\"ambulance_mapping_id\":15,\"user_type\":\"Driver\",\"type\":\"Permanent\",\"service_area_id\":\"1\",\"station_area\":\"Indore\",\"date\":\"2024-02-24\",\"created_by\":1,\"id\":60}','https://parivaar.siplsolutions.com/human-resource/employees/add-shift','49.249.2.122','Mozilla/5.0 (Windows NT 10.0; Win64; x64) AppleWebKit/537.36 (KHTML, like Gecko) Chrome/121.0.0.0 Safari/537.36',NULL,'2024-02-01 06:51:40','2024-02-01 06:51:40'),(377,'Modules\\User\\Entities\\User',1,'created','App\\Models\\AmbulanceShift',61,'[]','{\"ambulance_mapping_id\":15,\"user_type\":\"Driver\",\"type\":\"Permanent\",\"service_area_id\":\"1\",\"station_area\":\"Indore\",\"date\":\"2024-02-25\",\"created_by\":1,\"id\":61}','https://parivaar.siplsolutions.com/human-resource/employees/add-shift','49.249.2.122','Mozilla/5.0 (Windows NT 10.0; Win64; x64) AppleWebKit/537.36 (KHTML, like Gecko) Chrome/121.0.0.0 Safari/537.36',NULL,'2024-02-01 06:51:40','2024-02-01 06:51:40'),(378,'Modules\\User\\Entities\\User',1,'created','App\\Models\\AmbulanceShift',62,'[]','{\"ambulance_mapping_id\":15,\"user_type\":\"Driver\",\"type\":\"Permanent\",\"service_area_id\":\"1\",\"station_area\":\"Indore\",\"date\":\"2024-02-26\",\"created_by\":1,\"id\":62}','https://parivaar.siplsolutions.com/human-resource/employees/add-shift','49.249.2.122','Mozilla/5.0 (Windows NT 10.0; Win64; x64) AppleWebKit/537.36 (KHTML, like Gecko) Chrome/121.0.0.0 Safari/537.36',NULL,'2024-02-01 06:51:40','2024-02-01 06:51:40'),(379,'Modules\\User\\Entities\\User',1,'created','App\\Models\\AmbulanceShift',63,'[]','{\"ambulance_mapping_id\":15,\"user_type\":\"Driver\",\"type\":\"Permanent\",\"service_area_id\":\"1\",\"station_area\":\"Indore\",\"date\":\"2024-02-27\",\"created_by\":1,\"id\":63}','https://parivaar.siplsolutions.com/human-resource/employees/add-shift','49.249.2.122','Mozilla/5.0 (Windows NT 10.0; Win64; x64) AppleWebKit/537.36 (KHTML, like Gecko) Chrome/121.0.0.0 Safari/537.36',NULL,'2024-02-01 06:51:40','2024-02-01 06:51:40'),(380,'Modules\\User\\Entities\\User',1,'created','App\\Models\\AmbulanceShift',64,'[]','{\"ambulance_mapping_id\":15,\"user_type\":\"Driver\",\"type\":\"Permanent\",\"service_area_id\":\"1\",\"station_area\":\"Indore\",\"date\":\"2024-02-28\",\"created_by\":1,\"id\":64}','https://parivaar.siplsolutions.com/human-resource/employees/add-shift','49.249.2.122','Mozilla/5.0 (Windows NT 10.0; Win64; x64) AppleWebKit/537.36 (KHTML, like Gecko) Chrome/121.0.0.0 Safari/537.36',NULL,'2024-02-01 06:51:40','2024-02-01 06:51:40'),(381,'Modules\\User\\Entities\\User',1,'created','App\\Models\\AmbulanceShift',65,'[]','{\"ambulance_mapping_id\":15,\"user_type\":\"Driver\",\"type\":\"Permanent\",\"service_area_id\":\"1\",\"station_area\":\"Indore\",\"date\":\"2024-02-29\",\"created_by\":1,\"id\":65}','https://parivaar.siplsolutions.com/human-resource/employees/add-shift','49.249.2.122','Mozilla/5.0 (Windows NT 10.0; Win64; x64) AppleWebKit/537.36 (KHTML, like Gecko) Chrome/121.0.0.0 Safari/537.36',NULL,'2024-02-01 06:51:40','2024-02-01 06:51:40'),(382,'Modules\\User\\Entities\\User',1,'created','App\\Models\\AmbulanceShift',66,'[]','{\"ambulance_mapping_id\":16,\"user_type\":\"Driver\",\"type\":\"Permanent\",\"service_area_id\":\"5\",\"station_area\":\"ujjain\",\"date\":\"2024-02-01\",\"created_by\":1,\"id\":66}','https://parivaar.siplsolutions.com/human-resource/employees/add-shift','49.249.2.122','Mozilla/5.0 (Windows NT 10.0; Win64; x64) AppleWebKit/537.36 (KHTML, like Gecko) Chrome/121.0.0.0 Safari/537.36',NULL,'2024-02-01 07:01:34','2024-02-01 07:01:34'),(383,'Modules\\User\\Entities\\User',1,'created','App\\Models\\AmbulanceShift',67,'[]','{\"ambulance_mapping_id\":16,\"user_type\":\"Driver\",\"type\":\"Permanent\",\"service_area_id\":\"5\",\"station_area\":\"ujjain\",\"date\":\"2024-02-02\",\"created_by\":1,\"id\":67}','https://parivaar.siplsolutions.com/human-resource/employees/add-shift','49.249.2.122','Mozilla/5.0 (Windows NT 10.0; Win64; x64) AppleWebKit/537.36 (KHTML, like Gecko) Chrome/121.0.0.0 Safari/537.36',NULL,'2024-02-01 07:01:34','2024-02-01 07:01:34'),(384,'Modules\\User\\Entities\\User',1,'created','App\\Models\\AmbulanceShift',68,'[]','{\"ambulance_mapping_id\":16,\"user_type\":\"Driver\",\"type\":\"Permanent\",\"service_area_id\":\"5\",\"station_area\":\"ujjain\",\"date\":\"2024-02-03\",\"created_by\":1,\"id\":68}','https://parivaar.siplsolutions.com/human-resource/employees/add-shift','49.249.2.122','Mozilla/5.0 (Windows NT 10.0; Win64; x64) AppleWebKit/537.36 (KHTML, like Gecko) Chrome/121.0.0.0 Safari/537.36',NULL,'2024-02-01 07:01:34','2024-02-01 07:01:34'),(385,'Modules\\User\\Entities\\User',1,'created','App\\Models\\AmbulanceShift',69,'[]','{\"ambulance_mapping_id\":16,\"user_type\":\"Driver\",\"type\":\"Permanent\",\"service_area_id\":\"5\",\"station_area\":\"ujjain\",\"date\":\"2024-02-04\",\"created_by\":1,\"id\":69}','https://parivaar.siplsolutions.com/human-resource/employees/add-shift','49.249.2.122','Mozilla/5.0 (Windows NT 10.0; Win64; x64) AppleWebKit/537.36 (KHTML, like Gecko) Chrome/121.0.0.0 Safari/537.36',NULL,'2024-02-01 07:01:34','2024-02-01 07:01:34'),(386,'Modules\\User\\Entities\\User',1,'created','App\\Models\\AmbulanceShift',70,'[]','{\"ambulance_mapping_id\":16,\"user_type\":\"Driver\",\"type\":\"Permanent\",\"service_area_id\":\"5\",\"station_area\":\"ujjain\",\"date\":\"2024-02-05\",\"created_by\":1,\"id\":70}','https://parivaar.siplsolutions.com/human-resource/employees/add-shift','49.249.2.122','Mozilla/5.0 (Windows NT 10.0; Win64; x64) AppleWebKit/537.36 (KHTML, like Gecko) Chrome/121.0.0.0 Safari/537.36',NULL,'2024-02-01 07:01:34','2024-02-01 07:01:34'),(387,'Modules\\User\\Entities\\User',1,'created','App\\Models\\AmbulanceShift',71,'[]','{\"ambulance_mapping_id\":16,\"user_type\":\"Driver\",\"type\":\"Permanent\",\"service_area_id\":\"5\",\"station_area\":\"ujjain\",\"date\":\"2024-02-06\",\"created_by\":1,\"id\":71}','https://parivaar.siplsolutions.com/human-resource/employees/add-shift','49.249.2.122','Mozilla/5.0 (Windows NT 10.0; Win64; x64) AppleWebKit/537.36 (KHTML, like Gecko) Chrome/121.0.0.0 Safari/537.36',NULL,'2024-02-01 07:01:34','2024-02-01 07:01:34'),(388,'Modules\\User\\Entities\\User',1,'created','App\\Models\\AmbulanceShift',72,'[]','{\"ambulance_mapping_id\":16,\"user_type\":\"Driver\",\"type\":\"Permanent\",\"service_area_id\":\"5\",\"station_area\":\"ujjain\",\"date\":\"2024-02-07\",\"created_by\":1,\"id\":72}','https://parivaar.siplsolutions.com/human-resource/employees/add-shift','49.249.2.122','Mozilla/5.0 (Windows NT 10.0; Win64; x64) AppleWebKit/537.36 (KHTML, like Gecko) Chrome/121.0.0.0 Safari/537.36',NULL,'2024-02-01 07:01:34','2024-02-01 07:01:34'),(389,'Modules\\User\\Entities\\User',1,'created','App\\Models\\AmbulanceShift',73,'[]','{\"ambulance_mapping_id\":16,\"user_type\":\"Driver\",\"type\":\"Permanent\",\"service_area_id\":\"5\",\"station_area\":\"ujjain\",\"date\":\"2024-02-08\",\"created_by\":1,\"id\":73}','https://parivaar.siplsolutions.com/human-resource/employees/add-shift','49.249.2.122','Mozilla/5.0 (Windows NT 10.0; Win64; x64) AppleWebKit/537.36 (KHTML, like Gecko) Chrome/121.0.0.0 Safari/537.36',NULL,'2024-02-01 07:01:34','2024-02-01 07:01:34'),(390,'Modules\\User\\Entities\\User',1,'created','App\\Models\\AmbulanceShift',74,'[]','{\"ambulance_mapping_id\":16,\"user_type\":\"Driver\",\"type\":\"Permanent\",\"service_area_id\":\"5\",\"station_area\":\"ujjain\",\"date\":\"2024-02-09\",\"created_by\":1,\"id\":74}','https://parivaar.siplsolutions.com/human-resource/employees/add-shift','49.249.2.122','Mozilla/5.0 (Windows NT 10.0; Win64; x64) AppleWebKit/537.36 (KHTML, like Gecko) Chrome/121.0.0.0 Safari/537.36',NULL,'2024-02-01 07:01:34','2024-02-01 07:01:34'),(391,'Modules\\User\\Entities\\User',1,'created','App\\Models\\AmbulanceShift',75,'[]','{\"ambulance_mapping_id\":16,\"user_type\":\"Driver\",\"type\":\"Permanent\",\"service_area_id\":\"5\",\"station_area\":\"ujjain\",\"date\":\"2024-02-10\",\"created_by\":1,\"id\":75}','https://parivaar.siplsolutions.com/human-resource/employees/add-shift','49.249.2.122','Mozilla/5.0 (Windows NT 10.0; Win64; x64) AppleWebKit/537.36 (KHTML, like Gecko) Chrome/121.0.0.0 Safari/537.36',NULL,'2024-02-01 07:01:34','2024-02-01 07:01:34'),(392,'Modules\\User\\Entities\\User',1,'created','App\\Models\\AmbulanceShift',76,'[]','{\"ambulance_mapping_id\":16,\"user_type\":\"Driver\",\"type\":\"Permanent\",\"service_area_id\":\"5\",\"station_area\":\"ujjain\",\"date\":\"2024-02-11\",\"created_by\":1,\"id\":76}','https://parivaar.siplsolutions.com/human-resource/employees/add-shift','49.249.2.122','Mozilla/5.0 (Windows NT 10.0; Win64; x64) AppleWebKit/537.36 (KHTML, like Gecko) Chrome/121.0.0.0 Safari/537.36',NULL,'2024-02-01 07:01:34','2024-02-01 07:01:34'),(393,'Modules\\User\\Entities\\User',1,'created','App\\Models\\AmbulanceShift',77,'[]','{\"ambulance_mapping_id\":16,\"user_type\":\"Driver\",\"type\":\"Permanent\",\"service_area_id\":\"5\",\"station_area\":\"ujjain\",\"date\":\"2024-02-12\",\"created_by\":1,\"id\":77}','https://parivaar.siplsolutions.com/human-resource/employees/add-shift','49.249.2.122','Mozilla/5.0 (Windows NT 10.0; Win64; x64) AppleWebKit/537.36 (KHTML, like Gecko) Chrome/121.0.0.0 Safari/537.36',NULL,'2024-02-01 07:01:34','2024-02-01 07:01:34'),(394,'Modules\\User\\Entities\\User',1,'created','App\\Models\\AmbulanceShift',78,'[]','{\"ambulance_mapping_id\":16,\"user_type\":\"Driver\",\"type\":\"Permanent\",\"service_area_id\":\"5\",\"station_area\":\"ujjain\",\"date\":\"2024-02-13\",\"created_by\":1,\"id\":78}','https://parivaar.siplsolutions.com/human-resource/employees/add-shift','49.249.2.122','Mozilla/5.0 (Windows NT 10.0; Win64; x64) AppleWebKit/537.36 (KHTML, like Gecko) Chrome/121.0.0.0 Safari/537.36',NULL,'2024-02-01 07:01:34','2024-02-01 07:01:34'),(395,'Modules\\User\\Entities\\User',1,'created','App\\Models\\AmbulanceShift',79,'[]','{\"ambulance_mapping_id\":16,\"user_type\":\"Driver\",\"type\":\"Permanent\",\"service_area_id\":\"5\",\"station_area\":\"ujjain\",\"date\":\"2024-02-14\",\"created_by\":1,\"id\":79}','https://parivaar.siplsolutions.com/human-resource/employees/add-shift','49.249.2.122','Mozilla/5.0 (Windows NT 10.0; Win64; x64) AppleWebKit/537.36 (KHTML, like Gecko) Chrome/121.0.0.0 Safari/537.36',NULL,'2024-02-01 07:01:34','2024-02-01 07:01:34'),(396,'Modules\\User\\Entities\\User',1,'created','App\\Models\\AmbulanceShift',80,'[]','{\"ambulance_mapping_id\":16,\"user_type\":\"Driver\",\"type\":\"Permanent\",\"service_area_id\":\"5\",\"station_area\":\"ujjain\",\"date\":\"2024-02-15\",\"created_by\":1,\"id\":80}','https://parivaar.siplsolutions.com/human-resource/employees/add-shift','49.249.2.122','Mozilla/5.0 (Windows NT 10.0; Win64; x64) AppleWebKit/537.36 (KHTML, like Gecko) Chrome/121.0.0.0 Safari/537.36',NULL,'2024-02-01 07:01:34','2024-02-01 07:01:34'),(397,'Modules\\User\\Entities\\User',1,'created','App\\Models\\AmbulanceShift',81,'[]','{\"ambulance_mapping_id\":16,\"user_type\":\"Driver\",\"type\":\"Permanent\",\"service_area_id\":\"5\",\"station_area\":\"ujjain\",\"date\":\"2024-02-16\",\"created_by\":1,\"id\":81}','https://parivaar.siplsolutions.com/human-resource/employees/add-shift','49.249.2.122','Mozilla/5.0 (Windows NT 10.0; Win64; x64) AppleWebKit/537.36 (KHTML, like Gecko) Chrome/121.0.0.0 Safari/537.36',NULL,'2024-02-01 07:01:34','2024-02-01 07:01:34'),(398,'Modules\\User\\Entities\\User',1,'created','App\\Models\\AmbulanceShift',82,'[]','{\"ambulance_mapping_id\":16,\"user_type\":\"Driver\",\"type\":\"Permanent\",\"service_area_id\":\"5\",\"station_area\":\"ujjain\",\"date\":\"2024-02-17\",\"created_by\":1,\"id\":82}','https://parivaar.siplsolutions.com/human-resource/employees/add-shift','49.249.2.122','Mozilla/5.0 (Windows NT 10.0; Win64; x64) AppleWebKit/537.36 (KHTML, like Gecko) Chrome/121.0.0.0 Safari/537.36',NULL,'2024-02-01 07:01:34','2024-02-01 07:01:34'),(399,'Modules\\User\\Entities\\User',1,'created','App\\Models\\AmbulanceShift',83,'[]','{\"ambulance_mapping_id\":16,\"user_type\":\"Driver\",\"type\":\"Permanent\",\"service_area_id\":\"5\",\"station_area\":\"ujjain\",\"date\":\"2024-02-18\",\"created_by\":1,\"id\":83}','https://parivaar.siplsolutions.com/human-resource/employees/add-shift','49.249.2.122','Mozilla/5.0 (Windows NT 10.0; Win64; x64) AppleWebKit/537.36 (KHTML, like Gecko) Chrome/121.0.0.0 Safari/537.36',NULL,'2024-02-01 07:01:34','2024-02-01 07:01:34'),(400,'Modules\\User\\Entities\\User',1,'created','App\\Models\\AmbulanceShift',84,'[]','{\"ambulance_mapping_id\":16,\"user_type\":\"Driver\",\"type\":\"Permanent\",\"service_area_id\":\"5\",\"station_area\":\"ujjain\",\"date\":\"2024-02-19\",\"created_by\":1,\"id\":84}','https://parivaar.siplsolutions.com/human-resource/employees/add-shift','49.249.2.122','Mozilla/5.0 (Windows NT 10.0; Win64; x64) AppleWebKit/537.36 (KHTML, like Gecko) Chrome/121.0.0.0 Safari/537.36',NULL,'2024-02-01 07:01:34','2024-02-01 07:01:34'),(401,'Modules\\User\\Entities\\User',1,'created','App\\Models\\AmbulanceShift',85,'[]','{\"ambulance_mapping_id\":16,\"user_type\":\"Driver\",\"type\":\"Permanent\",\"service_area_id\":\"5\",\"station_area\":\"ujjain\",\"date\":\"2024-02-20\",\"created_by\":1,\"id\":85}','https://parivaar.siplsolutions.com/human-resource/employees/add-shift','49.249.2.122','Mozilla/5.0 (Windows NT 10.0; Win64; x64) AppleWebKit/537.36 (KHTML, like Gecko) Chrome/121.0.0.0 Safari/537.36',NULL,'2024-02-01 07:01:34','2024-02-01 07:01:34'),(402,'Modules\\User\\Entities\\User',1,'created','App\\Models\\AmbulanceShift',86,'[]','{\"ambulance_mapping_id\":16,\"user_type\":\"Driver\",\"type\":\"Permanent\",\"service_area_id\":\"5\",\"station_area\":\"ujjain\",\"date\":\"2024-02-21\",\"created_by\":1,\"id\":86}','https://parivaar.siplsolutions.com/human-resource/employees/add-shift','49.249.2.122','Mozilla/5.0 (Windows NT 10.0; Win64; x64) AppleWebKit/537.36 (KHTML, like Gecko) Chrome/121.0.0.0 Safari/537.36',NULL,'2024-02-01 07:01:34','2024-02-01 07:01:34'),(403,'Modules\\User\\Entities\\User',1,'created','App\\Models\\AmbulanceShift',87,'[]','{\"ambulance_mapping_id\":16,\"user_type\":\"Driver\",\"type\":\"Permanent\",\"service_area_id\":\"5\",\"station_area\":\"ujjain\",\"date\":\"2024-02-22\",\"created_by\":1,\"id\":87}','https://parivaar.siplsolutions.com/human-resource/employees/add-shift','49.249.2.122','Mozilla/5.0 (Windows NT 10.0; Win64; x64) AppleWebKit/537.36 (KHTML, like Gecko) Chrome/121.0.0.0 Safari/537.36',NULL,'2024-02-01 07:01:34','2024-02-01 07:01:34'),(404,'Modules\\User\\Entities\\User',1,'created','App\\Models\\AmbulanceShift',88,'[]','{\"ambulance_mapping_id\":16,\"user_type\":\"Driver\",\"type\":\"Permanent\",\"service_area_id\":\"5\",\"station_area\":\"ujjain\",\"date\":\"2024-02-23\",\"created_by\":1,\"id\":88}','https://parivaar.siplsolutions.com/human-resource/employees/add-shift','49.249.2.122','Mozilla/5.0 (Windows NT 10.0; Win64; x64) AppleWebKit/537.36 (KHTML, like Gecko) Chrome/121.0.0.0 Safari/537.36',NULL,'2024-02-01 07:01:34','2024-02-01 07:01:34'),(405,'Modules\\User\\Entities\\User',1,'created','App\\Models\\AmbulanceShift',89,'[]','{\"ambulance_mapping_id\":16,\"user_type\":\"Driver\",\"type\":\"Permanent\",\"service_area_id\":\"5\",\"station_area\":\"ujjain\",\"date\":\"2024-02-24\",\"created_by\":1,\"id\":89}','https://parivaar.siplsolutions.com/human-resource/employees/add-shift','49.249.2.122','Mozilla/5.0 (Windows NT 10.0; Win64; x64) AppleWebKit/537.36 (KHTML, like Gecko) Chrome/121.0.0.0 Safari/537.36',NULL,'2024-02-01 07:01:34','2024-02-01 07:01:34'),(406,'Modules\\User\\Entities\\User',1,'created','App\\Models\\AmbulanceShift',90,'[]','{\"ambulance_mapping_id\":16,\"user_type\":\"Driver\",\"type\":\"Permanent\",\"service_area_id\":\"5\",\"station_area\":\"ujjain\",\"date\":\"2024-02-25\",\"created_by\":1,\"id\":90}','https://parivaar.siplsolutions.com/human-resource/employees/add-shift','49.249.2.122','Mozilla/5.0 (Windows NT 10.0; Win64; x64) AppleWebKit/537.36 (KHTML, like Gecko) Chrome/121.0.0.0 Safari/537.36',NULL,'2024-02-01 07:01:34','2024-02-01 07:01:34'),(407,'Modules\\User\\Entities\\User',1,'created','App\\Models\\AmbulanceShift',91,'[]','{\"ambulance_mapping_id\":16,\"user_type\":\"Driver\",\"type\":\"Permanent\",\"service_area_id\":\"5\",\"station_area\":\"ujjain\",\"date\":\"2024-02-26\",\"created_by\":1,\"id\":91}','https://parivaar.siplsolutions.com/human-resource/employees/add-shift','49.249.2.122','Mozilla/5.0 (Windows NT 10.0; Win64; x64) AppleWebKit/537.36 (KHTML, like Gecko) Chrome/121.0.0.0 Safari/537.36',NULL,'2024-02-01 07:01:34','2024-02-01 07:01:34'),(408,'Modules\\User\\Entities\\User',1,'created','App\\Models\\AmbulanceShift',92,'[]','{\"ambulance_mapping_id\":16,\"user_type\":\"Driver\",\"type\":\"Permanent\",\"service_area_id\":\"5\",\"station_area\":\"ujjain\",\"date\":\"2024-02-27\",\"created_by\":1,\"id\":92}','https://parivaar.siplsolutions.com/human-resource/employees/add-shift','49.249.2.122','Mozilla/5.0 (Windows NT 10.0; Win64; x64) AppleWebKit/537.36 (KHTML, like Gecko) Chrome/121.0.0.0 Safari/537.36',NULL,'2024-02-01 07:01:34','2024-02-01 07:01:34'),(409,'Modules\\User\\Entities\\User',1,'created','App\\Models\\AmbulanceShift',93,'[]','{\"ambulance_mapping_id\":16,\"user_type\":\"Driver\",\"type\":\"Permanent\",\"service_area_id\":\"5\",\"station_area\":\"ujjain\",\"date\":\"2024-02-28\",\"created_by\":1,\"id\":93}','https://parivaar.siplsolutions.com/human-resource/employees/add-shift','49.249.2.122','Mozilla/5.0 (Windows NT 10.0; Win64; x64) AppleWebKit/537.36 (KHTML, like Gecko) Chrome/121.0.0.0 Safari/537.36',NULL,'2024-02-01 07:01:34','2024-02-01 07:01:34'),(410,'Modules\\User\\Entities\\User',1,'created','App\\Models\\AmbulanceShift',94,'[]','{\"ambulance_mapping_id\":16,\"user_type\":\"Driver\",\"type\":\"Permanent\",\"service_area_id\":\"5\",\"station_area\":\"ujjain\",\"date\":\"2024-02-29\",\"created_by\":1,\"id\":94}','https://parivaar.siplsolutions.com/human-resource/employees/add-shift','49.249.2.122','Mozilla/5.0 (Windows NT 10.0; Win64; x64) AppleWebKit/537.36 (KHTML, like Gecko) Chrome/121.0.0.0 Safari/537.36',NULL,'2024-02-01 07:01:34','2024-02-01 07:01:34'),(411,'Modules\\User\\Entities\\User',1,'created','App\\Models\\AmbulanceShift',95,'[]','{\"ambulance_mapping_id\":17,\"user_type\":\"Driver\",\"type\":\"Permanent\",\"service_area_id\":\"1\",\"station_area\":\"Indore\",\"date\":\"2024-02-01\",\"created_by\":1,\"id\":95}','https://parivaar.siplsolutions.com/human-resource/employees/add-shift','49.249.2.122','Mozilla/5.0 (Windows NT 10.0; Win64; x64) AppleWebKit/537.36 (KHTML, like Gecko) Chrome/121.0.0.0 Safari/537.36',NULL,'2024-02-01 07:02:12','2024-02-01 07:02:12'),(412,'Modules\\User\\Entities\\User',1,'created','App\\Models\\AmbulanceShift',96,'[]','{\"ambulance_mapping_id\":17,\"user_type\":\"Driver\",\"type\":\"Permanent\",\"service_area_id\":\"1\",\"station_area\":\"Indore\",\"date\":\"2024-02-02\",\"created_by\":1,\"id\":96}','https://parivaar.siplsolutions.com/human-resource/employees/add-shift','49.249.2.122','Mozilla/5.0 (Windows NT 10.0; Win64; x64) AppleWebKit/537.36 (KHTML, like Gecko) Chrome/121.0.0.0 Safari/537.36',NULL,'2024-02-01 07:02:12','2024-02-01 07:02:12'),(413,'Modules\\User\\Entities\\User',1,'created','App\\Models\\AmbulanceShift',97,'[]','{\"ambulance_mapping_id\":17,\"user_type\":\"Driver\",\"type\":\"Permanent\",\"service_area_id\":\"1\",\"station_area\":\"Indore\",\"date\":\"2024-02-03\",\"created_by\":1,\"id\":97}','https://parivaar.siplsolutions.com/human-resource/employees/add-shift','49.249.2.122','Mozilla/5.0 (Windows NT 10.0; Win64; x64) AppleWebKit/537.36 (KHTML, like Gecko) Chrome/121.0.0.0 Safari/537.36',NULL,'2024-02-01 07:02:12','2024-02-01 07:02:12'),(414,'Modules\\User\\Entities\\User',1,'created','App\\Models\\AmbulanceShift',98,'[]','{\"ambulance_mapping_id\":17,\"user_type\":\"Driver\",\"type\":\"Permanent\",\"service_area_id\":\"1\",\"station_area\":\"Indore\",\"date\":\"2024-02-04\",\"created_by\":1,\"id\":98}','https://parivaar.siplsolutions.com/human-resource/employees/add-shift','49.249.2.122','Mozilla/5.0 (Windows NT 10.0; Win64; x64) AppleWebKit/537.36 (KHTML, like Gecko) Chrome/121.0.0.0 Safari/537.36',NULL,'2024-02-01 07:02:12','2024-02-01 07:02:12'),(415,'Modules\\User\\Entities\\User',1,'created','App\\Models\\AmbulanceShift',99,'[]','{\"ambulance_mapping_id\":17,\"user_type\":\"Driver\",\"type\":\"Permanent\",\"service_area_id\":\"1\",\"station_area\":\"Indore\",\"date\":\"2024-02-05\",\"created_by\":1,\"id\":99}','https://parivaar.siplsolutions.com/human-resource/employees/add-shift','49.249.2.122','Mozilla/5.0 (Windows NT 10.0; Win64; x64) AppleWebKit/537.36 (KHTML, like Gecko) Chrome/121.0.0.0 Safari/537.36',NULL,'2024-02-01 07:02:12','2024-02-01 07:02:12'),(416,'Modules\\User\\Entities\\User',1,'created','App\\Models\\AmbulanceShift',100,'[]','{\"ambulance_mapping_id\":17,\"user_type\":\"Driver\",\"type\":\"Permanent\",\"service_area_id\":\"1\",\"station_area\":\"Indore\",\"date\":\"2024-02-06\",\"created_by\":1,\"id\":100}','https://parivaar.siplsolutions.com/human-resource/employees/add-shift','49.249.2.122','Mozilla/5.0 (Windows NT 10.0; Win64; x64) AppleWebKit/537.36 (KHTML, like Gecko) Chrome/121.0.0.0 Safari/537.36',NULL,'2024-02-01 07:02:12','2024-02-01 07:02:12'),(417,'Modules\\User\\Entities\\User',1,'created','App\\Models\\AmbulanceShift',101,'[]','{\"ambulance_mapping_id\":17,\"user_type\":\"Driver\",\"type\":\"Permanent\",\"service_area_id\":\"1\",\"station_area\":\"Indore\",\"date\":\"2024-02-07\",\"created_by\":1,\"id\":101}','https://parivaar.siplsolutions.com/human-resource/employees/add-shift','49.249.2.122','Mozilla/5.0 (Windows NT 10.0; Win64; x64) AppleWebKit/537.36 (KHTML, like Gecko) Chrome/121.0.0.0 Safari/537.36',NULL,'2024-02-01 07:02:12','2024-02-01 07:02:12'),(418,'Modules\\User\\Entities\\User',1,'created','App\\Models\\AmbulanceShift',102,'[]','{\"ambulance_mapping_id\":17,\"user_type\":\"Driver\",\"type\":\"Permanent\",\"service_area_id\":\"1\",\"station_area\":\"Indore\",\"date\":\"2024-02-08\",\"created_by\":1,\"id\":102}','https://parivaar.siplsolutions.com/human-resource/employees/add-shift','49.249.2.122','Mozilla/5.0 (Windows NT 10.0; Win64; x64) AppleWebKit/537.36 (KHTML, like Gecko) Chrome/121.0.0.0 Safari/537.36',NULL,'2024-02-01 07:02:12','2024-02-01 07:02:12'),(419,'Modules\\User\\Entities\\User',1,'created','App\\Models\\AmbulanceShift',103,'[]','{\"ambulance_mapping_id\":17,\"user_type\":\"Driver\",\"type\":\"Permanent\",\"service_area_id\":\"1\",\"station_area\":\"Indore\",\"date\":\"2024-02-09\",\"created_by\":1,\"id\":103}','https://parivaar.siplsolutions.com/human-resource/employees/add-shift','49.249.2.122','Mozilla/5.0 (Windows NT 10.0; Win64; x64) AppleWebKit/537.36 (KHTML, like Gecko) Chrome/121.0.0.0 Safari/537.36',NULL,'2024-02-01 07:02:12','2024-02-01 07:02:12'),(420,'Modules\\User\\Entities\\User',1,'created','App\\Models\\AmbulanceShift',104,'[]','{\"ambulance_mapping_id\":17,\"user_type\":\"Driver\",\"type\":\"Permanent\",\"service_area_id\":\"1\",\"station_area\":\"Indore\",\"date\":\"2024-02-10\",\"created_by\":1,\"id\":104}','https://parivaar.siplsolutions.com/human-resource/employees/add-shift','49.249.2.122','Mozilla/5.0 (Windows NT 10.0; Win64; x64) AppleWebKit/537.36 (KHTML, like Gecko) Chrome/121.0.0.0 Safari/537.36',NULL,'2024-02-01 07:02:12','2024-02-01 07:02:12'),(421,'Modules\\User\\Entities\\User',1,'created','App\\Models\\AmbulanceShift',105,'[]','{\"ambulance_mapping_id\":17,\"user_type\":\"Driver\",\"type\":\"Permanent\",\"service_area_id\":\"1\",\"station_area\":\"Indore\",\"date\":\"2024-02-11\",\"created_by\":1,\"id\":105}','https://parivaar.siplsolutions.com/human-resource/employees/add-shift','49.249.2.122','Mozilla/5.0 (Windows NT 10.0; Win64; x64) AppleWebKit/537.36 (KHTML, like Gecko) Chrome/121.0.0.0 Safari/537.36',NULL,'2024-02-01 07:02:12','2024-02-01 07:02:12'),(422,'Modules\\User\\Entities\\User',1,'created','App\\Models\\AmbulanceShift',106,'[]','{\"ambulance_mapping_id\":17,\"user_type\":\"Driver\",\"type\":\"Permanent\",\"service_area_id\":\"1\",\"station_area\":\"Indore\",\"date\":\"2024-02-12\",\"created_by\":1,\"id\":106}','https://parivaar.siplsolutions.com/human-resource/employees/add-shift','49.249.2.122','Mozilla/5.0 (Windows NT 10.0; Win64; x64) AppleWebKit/537.36 (KHTML, like Gecko) Chrome/121.0.0.0 Safari/537.36',NULL,'2024-02-01 07:02:12','2024-02-01 07:02:12'),(423,'Modules\\User\\Entities\\User',1,'created','App\\Models\\AmbulanceShift',107,'[]','{\"ambulance_mapping_id\":17,\"user_type\":\"Driver\",\"type\":\"Permanent\",\"service_area_id\":\"1\",\"station_area\":\"Indore\",\"date\":\"2024-02-13\",\"created_by\":1,\"id\":107}','https://parivaar.siplsolutions.com/human-resource/employees/add-shift','49.249.2.122','Mozilla/5.0 (Windows NT 10.0; Win64; x64) AppleWebKit/537.36 (KHTML, like Gecko) Chrome/121.0.0.0 Safari/537.36',NULL,'2024-02-01 07:02:12','2024-02-01 07:02:12'),(424,'Modules\\User\\Entities\\User',1,'created','App\\Models\\AmbulanceShift',108,'[]','{\"ambulance_mapping_id\":17,\"user_type\":\"Driver\",\"type\":\"Permanent\",\"service_area_id\":\"1\",\"station_area\":\"Indore\",\"date\":\"2024-02-14\",\"created_by\":1,\"id\":108}','https://parivaar.siplsolutions.com/human-resource/employees/add-shift','49.249.2.122','Mozilla/5.0 (Windows NT 10.0; Win64; x64) AppleWebKit/537.36 (KHTML, like Gecko) Chrome/121.0.0.0 Safari/537.36',NULL,'2024-02-01 07:02:12','2024-02-01 07:02:12'),(425,'Modules\\User\\Entities\\User',1,'created','App\\Models\\AmbulanceShift',109,'[]','{\"ambulance_mapping_id\":17,\"user_type\":\"Driver\",\"type\":\"Permanent\",\"service_area_id\":\"1\",\"station_area\":\"Indore\",\"date\":\"2024-02-15\",\"created_by\":1,\"id\":109}','https://parivaar.siplsolutions.com/human-resource/employees/add-shift','49.249.2.122','Mozilla/5.0 (Windows NT 10.0; Win64; x64) AppleWebKit/537.36 (KHTML, like Gecko) Chrome/121.0.0.0 Safari/537.36',NULL,'2024-02-01 07:02:12','2024-02-01 07:02:12'),(426,'Modules\\User\\Entities\\User',1,'created','App\\Models\\AmbulanceShift',110,'[]','{\"ambulance_mapping_id\":17,\"user_type\":\"Driver\",\"type\":\"Permanent\",\"service_area_id\":\"1\",\"station_area\":\"Indore\",\"date\":\"2024-02-16\",\"created_by\":1,\"id\":110}','https://parivaar.siplsolutions.com/human-resource/employees/add-shift','49.249.2.122','Mozilla/5.0 (Windows NT 10.0; Win64; x64) AppleWebKit/537.36 (KHTML, like Gecko) Chrome/121.0.0.0 Safari/537.36',NULL,'2024-02-01 07:02:12','2024-02-01 07:02:12'),(427,'Modules\\User\\Entities\\User',1,'created','App\\Models\\AmbulanceShift',111,'[]','{\"ambulance_mapping_id\":17,\"user_type\":\"Driver\",\"type\":\"Permanent\",\"service_area_id\":\"1\",\"station_area\":\"Indore\",\"date\":\"2024-02-17\",\"created_by\":1,\"id\":111}','https://parivaar.siplsolutions.com/human-resource/employees/add-shift','49.249.2.122','Mozilla/5.0 (Windows NT 10.0; Win64; x64) AppleWebKit/537.36 (KHTML, like Gecko) Chrome/121.0.0.0 Safari/537.36',NULL,'2024-02-01 07:02:12','2024-02-01 07:02:12'),(428,'Modules\\User\\Entities\\User',1,'created','App\\Models\\AmbulanceShift',112,'[]','{\"ambulance_mapping_id\":17,\"user_type\":\"Driver\",\"type\":\"Permanent\",\"service_area_id\":\"1\",\"station_area\":\"Indore\",\"date\":\"2024-02-18\",\"created_by\":1,\"id\":112}','https://parivaar.siplsolutions.com/human-resource/employees/add-shift','49.249.2.122','Mozilla/5.0 (Windows NT 10.0; Win64; x64) AppleWebKit/537.36 (KHTML, like Gecko) Chrome/121.0.0.0 Safari/537.36',NULL,'2024-02-01 07:02:12','2024-02-01 07:02:12'),(429,'Modules\\User\\Entities\\User',1,'created','App\\Models\\AmbulanceShift',113,'[]','{\"ambulance_mapping_id\":17,\"user_type\":\"Driver\",\"type\":\"Permanent\",\"service_area_id\":\"1\",\"station_area\":\"Indore\",\"date\":\"2024-02-19\",\"created_by\":1,\"id\":113}','https://parivaar.siplsolutions.com/human-resource/employees/add-shift','49.249.2.122','Mozilla/5.0 (Windows NT 10.0; Win64; x64) AppleWebKit/537.36 (KHTML, like Gecko) Chrome/121.0.0.0 Safari/537.36',NULL,'2024-02-01 07:02:12','2024-02-01 07:02:12'),(430,'Modules\\User\\Entities\\User',1,'created','App\\Models\\AmbulanceShift',114,'[]','{\"ambulance_mapping_id\":17,\"user_type\":\"Driver\",\"type\":\"Permanent\",\"service_area_id\":\"1\",\"station_area\":\"Indore\",\"date\":\"2024-02-20\",\"created_by\":1,\"id\":114}','https://parivaar.siplsolutions.com/human-resource/employees/add-shift','49.249.2.122','Mozilla/5.0 (Windows NT 10.0; Win64; x64) AppleWebKit/537.36 (KHTML, like Gecko) Chrome/121.0.0.0 Safari/537.36',NULL,'2024-02-01 07:02:12','2024-02-01 07:02:12'),(431,'Modules\\User\\Entities\\User',1,'created','App\\Models\\AmbulanceShift',115,'[]','{\"ambulance_mapping_id\":17,\"user_type\":\"Driver\",\"type\":\"Permanent\",\"service_area_id\":\"1\",\"station_area\":\"Indore\",\"date\":\"2024-02-21\",\"created_by\":1,\"id\":115}','https://parivaar.siplsolutions.com/human-resource/employees/add-shift','49.249.2.122','Mozilla/5.0 (Windows NT 10.0; Win64; x64) AppleWebKit/537.36 (KHTML, like Gecko) Chrome/121.0.0.0 Safari/537.36',NULL,'2024-02-01 07:02:12','2024-02-01 07:02:12'),(432,'Modules\\User\\Entities\\User',1,'created','App\\Models\\AmbulanceShift',116,'[]','{\"ambulance_mapping_id\":17,\"user_type\":\"Driver\",\"type\":\"Permanent\",\"service_area_id\":\"1\",\"station_area\":\"Indore\",\"date\":\"2024-02-22\",\"created_by\":1,\"id\":116}','https://parivaar.siplsolutions.com/human-resource/employees/add-shift','49.249.2.122','Mozilla/5.0 (Windows NT 10.0; Win64; x64) AppleWebKit/537.36 (KHTML, like Gecko) Chrome/121.0.0.0 Safari/537.36',NULL,'2024-02-01 07:02:12','2024-02-01 07:02:12'),(433,'Modules\\User\\Entities\\User',1,'created','App\\Models\\AmbulanceShift',117,'[]','{\"ambulance_mapping_id\":17,\"user_type\":\"Driver\",\"type\":\"Permanent\",\"service_area_id\":\"1\",\"station_area\":\"Indore\",\"date\":\"2024-02-23\",\"created_by\":1,\"id\":117}','https://parivaar.siplsolutions.com/human-resource/employees/add-shift','49.249.2.122','Mozilla/5.0 (Windows NT 10.0; Win64; x64) AppleWebKit/537.36 (KHTML, like Gecko) Chrome/121.0.0.0 Safari/537.36',NULL,'2024-02-01 07:02:12','2024-02-01 07:02:12'),(434,'Modules\\User\\Entities\\User',1,'created','App\\Models\\AmbulanceShift',118,'[]','{\"ambulance_mapping_id\":17,\"user_type\":\"Driver\",\"type\":\"Permanent\",\"service_area_id\":\"1\",\"station_area\":\"Indore\",\"date\":\"2024-02-24\",\"created_by\":1,\"id\":118}','https://parivaar.siplsolutions.com/human-resource/employees/add-shift','49.249.2.122','Mozilla/5.0 (Windows NT 10.0; Win64; x64) AppleWebKit/537.36 (KHTML, like Gecko) Chrome/121.0.0.0 Safari/537.36',NULL,'2024-02-01 07:02:12','2024-02-01 07:02:12'),(435,'Modules\\User\\Entities\\User',1,'created','App\\Models\\AmbulanceShift',119,'[]','{\"ambulance_mapping_id\":17,\"user_type\":\"Driver\",\"type\":\"Permanent\",\"service_area_id\":\"1\",\"station_area\":\"Indore\",\"date\":\"2024-02-25\",\"created_by\":1,\"id\":119}','https://parivaar.siplsolutions.com/human-resource/employees/add-shift','49.249.2.122','Mozilla/5.0 (Windows NT 10.0; Win64; x64) AppleWebKit/537.36 (KHTML, like Gecko) Chrome/121.0.0.0 Safari/537.36',NULL,'2024-02-01 07:02:12','2024-02-01 07:02:12'),(436,'Modules\\User\\Entities\\User',1,'created','App\\Models\\AmbulanceShift',120,'[]','{\"ambulance_mapping_id\":17,\"user_type\":\"Driver\",\"type\":\"Permanent\",\"service_area_id\":\"1\",\"station_area\":\"Indore\",\"date\":\"2024-02-26\",\"created_by\":1,\"id\":120}','https://parivaar.siplsolutions.com/human-resource/employees/add-shift','49.249.2.122','Mozilla/5.0 (Windows NT 10.0; Win64; x64) AppleWebKit/537.36 (KHTML, like Gecko) Chrome/121.0.0.0 Safari/537.36',NULL,'2024-02-01 07:02:12','2024-02-01 07:02:12'),(437,'Modules\\User\\Entities\\User',1,'created','App\\Models\\AmbulanceShift',121,'[]','{\"ambulance_mapping_id\":17,\"user_type\":\"Driver\",\"type\":\"Permanent\",\"service_area_id\":\"1\",\"station_area\":\"Indore\",\"date\":\"2024-02-27\",\"created_by\":1,\"id\":121}','https://parivaar.siplsolutions.com/human-resource/employees/add-shift','49.249.2.122','Mozilla/5.0 (Windows NT 10.0; Win64; x64) AppleWebKit/537.36 (KHTML, like Gecko) Chrome/121.0.0.0 Safari/537.36',NULL,'2024-02-01 07:02:13','2024-02-01 07:02:13'),(438,'Modules\\User\\Entities\\User',1,'created','App\\Models\\AmbulanceShift',122,'[]','{\"ambulance_mapping_id\":17,\"user_type\":\"Driver\",\"type\":\"Permanent\",\"service_area_id\":\"1\",\"station_area\":\"Indore\",\"date\":\"2024-02-28\",\"created_by\":1,\"id\":122}','https://parivaar.siplsolutions.com/human-resource/employees/add-shift','49.249.2.122','Mozilla/5.0 (Windows NT 10.0; Win64; x64) AppleWebKit/537.36 (KHTML, like Gecko) Chrome/121.0.0.0 Safari/537.36',NULL,'2024-02-01 07:02:13','2024-02-01 07:02:13'),(439,'Modules\\User\\Entities\\User',1,'created','App\\Models\\AmbulanceShift',123,'[]','{\"ambulance_mapping_id\":17,\"user_type\":\"Driver\",\"type\":\"Permanent\",\"service_area_id\":\"1\",\"station_area\":\"Indore\",\"date\":\"2024-02-29\",\"created_by\":1,\"id\":123}','https://parivaar.siplsolutions.com/human-resource/employees/add-shift','49.249.2.122','Mozilla/5.0 (Windows NT 10.0; Win64; x64) AppleWebKit/537.36 (KHTML, like Gecko) Chrome/121.0.0.0 Safari/537.36',NULL,'2024-02-01 07:02:13','2024-02-01 07:02:13'),(440,'Modules\\User\\Entities\\User',1,'created','App\\Models\\AmbulanceShift',124,'[]','{\"ambulance_mapping_id\":18,\"user_type\":\"Driver\",\"type\":\"Permanent\",\"service_area_id\":\"2\",\"station_area\":\"Indore\",\"date\":\"2024-02-01\",\"created_by\":1,\"id\":124}','https://parivaar.siplsolutions.com/human-resource/employees/add-shift','49.249.2.122','Mozilla/5.0 (Windows NT 10.0; Win64; x64) AppleWebKit/537.36 (KHTML, like Gecko) Chrome/121.0.0.0 Safari/537.36',NULL,'2024-02-01 07:02:45','2024-02-01 07:02:45'),(441,'Modules\\User\\Entities\\User',1,'created','App\\Models\\AmbulanceShift',125,'[]','{\"ambulance_mapping_id\":18,\"user_type\":\"Driver\",\"type\":\"Permanent\",\"service_area_id\":\"2\",\"station_area\":\"Indore\",\"date\":\"2024-02-02\",\"created_by\":1,\"id\":125}','https://parivaar.siplsolutions.com/human-resource/employees/add-shift','49.249.2.122','Mozilla/5.0 (Windows NT 10.0; Win64; x64) AppleWebKit/537.36 (KHTML, like Gecko) Chrome/121.0.0.0 Safari/537.36',NULL,'2024-02-01 07:02:45','2024-02-01 07:02:45'),(442,'Modules\\User\\Entities\\User',1,'created','App\\Models\\AmbulanceShift',126,'[]','{\"ambulance_mapping_id\":18,\"user_type\":\"Driver\",\"type\":\"Permanent\",\"service_area_id\":\"2\",\"station_area\":\"Indore\",\"date\":\"2024-02-03\",\"created_by\":1,\"id\":126}','https://parivaar.siplsolutions.com/human-resource/employees/add-shift','49.249.2.122','Mozilla/5.0 (Windows NT 10.0; Win64; x64) AppleWebKit/537.36 (KHTML, like Gecko) Chrome/121.0.0.0 Safari/537.36',NULL,'2024-02-01 07:02:45','2024-02-01 07:02:45'),(443,'Modules\\User\\Entities\\User',1,'created','App\\Models\\AmbulanceShift',127,'[]','{\"ambulance_mapping_id\":18,\"user_type\":\"Driver\",\"type\":\"Permanent\",\"service_area_id\":\"2\",\"station_area\":\"Indore\",\"date\":\"2024-02-04\",\"created_by\":1,\"id\":127}','https://parivaar.siplsolutions.com/human-resource/employees/add-shift','49.249.2.122','Mozilla/5.0 (Windows NT 10.0; Win64; x64) AppleWebKit/537.36 (KHTML, like Gecko) Chrome/121.0.0.0 Safari/537.36',NULL,'2024-02-01 07:02:45','2024-02-01 07:02:45'),(444,'Modules\\User\\Entities\\User',1,'created','App\\Models\\AmbulanceShift',128,'[]','{\"ambulance_mapping_id\":18,\"user_type\":\"Driver\",\"type\":\"Permanent\",\"service_area_id\":\"2\",\"station_area\":\"Indore\",\"date\":\"2024-02-05\",\"created_by\":1,\"id\":128}','https://parivaar.siplsolutions.com/human-resource/employees/add-shift','49.249.2.122','Mozilla/5.0 (Windows NT 10.0; Win64; x64) AppleWebKit/537.36 (KHTML, like Gecko) Chrome/121.0.0.0 Safari/537.36',NULL,'2024-02-01 07:02:45','2024-02-01 07:02:45'),(445,'Modules\\User\\Entities\\User',1,'created','App\\Models\\AmbulanceShift',129,'[]','{\"ambulance_mapping_id\":18,\"user_type\":\"Driver\",\"type\":\"Permanent\",\"service_area_id\":\"2\",\"station_area\":\"Indore\",\"date\":\"2024-02-06\",\"created_by\":1,\"id\":129}','https://parivaar.siplsolutions.com/human-resource/employees/add-shift','49.249.2.122','Mozilla/5.0 (Windows NT 10.0; Win64; x64) AppleWebKit/537.36 (KHTML, like Gecko) Chrome/121.0.0.0 Safari/537.36',NULL,'2024-02-01 07:02:45','2024-02-01 07:02:45'),(446,'Modules\\User\\Entities\\User',1,'created','App\\Models\\AmbulanceShift',130,'[]','{\"ambulance_mapping_id\":18,\"user_type\":\"Driver\",\"type\":\"Permanent\",\"service_area_id\":\"2\",\"station_area\":\"Indore\",\"date\":\"2024-02-07\",\"created_by\":1,\"id\":130}','https://parivaar.siplsolutions.com/human-resource/employees/add-shift','49.249.2.122','Mozilla/5.0 (Windows NT 10.0; Win64; x64) AppleWebKit/537.36 (KHTML, like Gecko) Chrome/121.0.0.0 Safari/537.36',NULL,'2024-02-01 07:02:45','2024-02-01 07:02:45'),(447,'Modules\\User\\Entities\\User',1,'created','App\\Models\\AmbulanceShift',131,'[]','{\"ambulance_mapping_id\":18,\"user_type\":\"Driver\",\"type\":\"Permanent\",\"service_area_id\":\"2\",\"station_area\":\"Indore\",\"date\":\"2024-02-08\",\"created_by\":1,\"id\":131}','https://parivaar.siplsolutions.com/human-resource/employees/add-shift','49.249.2.122','Mozilla/5.0 (Windows NT 10.0; Win64; x64) AppleWebKit/537.36 (KHTML, like Gecko) Chrome/121.0.0.0 Safari/537.36',NULL,'2024-02-01 07:02:45','2024-02-01 07:02:45'),(448,'Modules\\User\\Entities\\User',1,'created','App\\Models\\AmbulanceShift',132,'[]','{\"ambulance_mapping_id\":18,\"user_type\":\"Driver\",\"type\":\"Permanent\",\"service_area_id\":\"2\",\"station_area\":\"Indore\",\"date\":\"2024-02-09\",\"created_by\":1,\"id\":132}','https://parivaar.siplsolutions.com/human-resource/employees/add-shift','49.249.2.122','Mozilla/5.0 (Windows NT 10.0; Win64; x64) AppleWebKit/537.36 (KHTML, like Gecko) Chrome/121.0.0.0 Safari/537.36',NULL,'2024-02-01 07:02:45','2024-02-01 07:02:45'),(449,'Modules\\User\\Entities\\User',1,'created','App\\Models\\AmbulanceShift',133,'[]','{\"ambulance_mapping_id\":18,\"user_type\":\"Driver\",\"type\":\"Permanent\",\"service_area_id\":\"2\",\"station_area\":\"Indore\",\"date\":\"2024-02-10\",\"created_by\":1,\"id\":133}','https://parivaar.siplsolutions.com/human-resource/employees/add-shift','49.249.2.122','Mozilla/5.0 (Windows NT 10.0; Win64; x64) AppleWebKit/537.36 (KHTML, like Gecko) Chrome/121.0.0.0 Safari/537.36',NULL,'2024-02-01 07:02:45','2024-02-01 07:02:45'),(450,'Modules\\User\\Entities\\User',1,'created','App\\Models\\AmbulanceShift',134,'[]','{\"ambulance_mapping_id\":18,\"user_type\":\"Driver\",\"type\":\"Permanent\",\"service_area_id\":\"2\",\"station_area\":\"Indore\",\"date\":\"2024-02-11\",\"created_by\":1,\"id\":134}','https://parivaar.siplsolutions.com/human-resource/employees/add-shift','49.249.2.122','Mozilla/5.0 (Windows NT 10.0; Win64; x64) AppleWebKit/537.36 (KHTML, like Gecko) Chrome/121.0.0.0 Safari/537.36',NULL,'2024-02-01 07:02:45','2024-02-01 07:02:45'),(451,'Modules\\User\\Entities\\User',1,'created','App\\Models\\AmbulanceShift',135,'[]','{\"ambulance_mapping_id\":18,\"user_type\":\"Driver\",\"type\":\"Permanent\",\"service_area_id\":\"2\",\"station_area\":\"Indore\",\"date\":\"2024-02-12\",\"created_by\":1,\"id\":135}','https://parivaar.siplsolutions.com/human-resource/employees/add-shift','49.249.2.122','Mozilla/5.0 (Windows NT 10.0; Win64; x64) AppleWebKit/537.36 (KHTML, like Gecko) Chrome/121.0.0.0 Safari/537.36',NULL,'2024-02-01 07:02:45','2024-02-01 07:02:45'),(452,'Modules\\User\\Entities\\User',1,'created','App\\Models\\AmbulanceShift',136,'[]','{\"ambulance_mapping_id\":18,\"user_type\":\"Driver\",\"type\":\"Permanent\",\"service_area_id\":\"2\",\"station_area\":\"Indore\",\"date\":\"2024-02-13\",\"created_by\":1,\"id\":136}','https://parivaar.siplsolutions.com/human-resource/employees/add-shift','49.249.2.122','Mozilla/5.0 (Windows NT 10.0; Win64; x64) AppleWebKit/537.36 (KHTML, like Gecko) Chrome/121.0.0.0 Safari/537.36',NULL,'2024-02-01 07:02:45','2024-02-01 07:02:45'),(453,'Modules\\User\\Entities\\User',1,'created','App\\Models\\AmbulanceShift',137,'[]','{\"ambulance_mapping_id\":18,\"user_type\":\"Driver\",\"type\":\"Permanent\",\"service_area_id\":\"2\",\"station_area\":\"Indore\",\"date\":\"2024-02-14\",\"created_by\":1,\"id\":137}','https://parivaar.siplsolutions.com/human-resource/employees/add-shift','49.249.2.122','Mozilla/5.0 (Windows NT 10.0; Win64; x64) AppleWebKit/537.36 (KHTML, like Gecko) Chrome/121.0.0.0 Safari/537.36',NULL,'2024-02-01 07:02:45','2024-02-01 07:02:45'),(454,'Modules\\User\\Entities\\User',1,'created','App\\Models\\AmbulanceShift',138,'[]','{\"ambulance_mapping_id\":18,\"user_type\":\"Driver\",\"type\":\"Permanent\",\"service_area_id\":\"2\",\"station_area\":\"Indore\",\"date\":\"2024-02-15\",\"created_by\":1,\"id\":138}','https://parivaar.siplsolutions.com/human-resource/employees/add-shift','49.249.2.122','Mozilla/5.0 (Windows NT 10.0; Win64; x64) AppleWebKit/537.36 (KHTML, like Gecko) Chrome/121.0.0.0 Safari/537.36',NULL,'2024-02-01 07:02:45','2024-02-01 07:02:45'),(455,'Modules\\User\\Entities\\User',1,'created','App\\Models\\AmbulanceShift',139,'[]','{\"ambulance_mapping_id\":18,\"user_type\":\"Driver\",\"type\":\"Permanent\",\"service_area_id\":\"2\",\"station_area\":\"Indore\",\"date\":\"2024-02-16\",\"created_by\":1,\"id\":139}','https://parivaar.siplsolutions.com/human-resource/employees/add-shift','49.249.2.122','Mozilla/5.0 (Windows NT 10.0; Win64; x64) AppleWebKit/537.36 (KHTML, like Gecko) Chrome/121.0.0.0 Safari/537.36',NULL,'2024-02-01 07:02:45','2024-02-01 07:02:45'),(456,'Modules\\User\\Entities\\User',1,'created','App\\Models\\AmbulanceShift',140,'[]','{\"ambulance_mapping_id\":18,\"user_type\":\"Driver\",\"type\":\"Permanent\",\"service_area_id\":\"2\",\"station_area\":\"Indore\",\"date\":\"2024-02-17\",\"created_by\":1,\"id\":140}','https://parivaar.siplsolutions.com/human-resource/employees/add-shift','49.249.2.122','Mozilla/5.0 (Windows NT 10.0; Win64; x64) AppleWebKit/537.36 (KHTML, like Gecko) Chrome/121.0.0.0 Safari/537.36',NULL,'2024-02-01 07:02:45','2024-02-01 07:02:45'),(457,'Modules\\User\\Entities\\User',1,'created','App\\Models\\AmbulanceShift',141,'[]','{\"ambulance_mapping_id\":18,\"user_type\":\"Driver\",\"type\":\"Permanent\",\"service_area_id\":\"2\",\"station_area\":\"Indore\",\"date\":\"2024-02-18\",\"created_by\":1,\"id\":141}','https://parivaar.siplsolutions.com/human-resource/employees/add-shift','49.249.2.122','Mozilla/5.0 (Windows NT 10.0; Win64; x64) AppleWebKit/537.36 (KHTML, like Gecko) Chrome/121.0.0.0 Safari/537.36',NULL,'2024-02-01 07:02:45','2024-02-01 07:02:45'),(458,'Modules\\User\\Entities\\User',1,'created','App\\Models\\AmbulanceShift',142,'[]','{\"ambulance_mapping_id\":18,\"user_type\":\"Driver\",\"type\":\"Permanent\",\"service_area_id\":\"2\",\"station_area\":\"Indore\",\"date\":\"2024-02-19\",\"created_by\":1,\"id\":142}','https://parivaar.siplsolutions.com/human-resource/employees/add-shift','49.249.2.122','Mozilla/5.0 (Windows NT 10.0; Win64; x64) AppleWebKit/537.36 (KHTML, like Gecko) Chrome/121.0.0.0 Safari/537.36',NULL,'2024-02-01 07:02:45','2024-02-01 07:02:45'),(459,'Modules\\User\\Entities\\User',1,'created','App\\Models\\AmbulanceShift',143,'[]','{\"ambulance_mapping_id\":18,\"user_type\":\"Driver\",\"type\":\"Permanent\",\"service_area_id\":\"2\",\"station_area\":\"Indore\",\"date\":\"2024-02-20\",\"created_by\":1,\"id\":143}','https://parivaar.siplsolutions.com/human-resource/employees/add-shift','49.249.2.122','Mozilla/5.0 (Windows NT 10.0; Win64; x64) AppleWebKit/537.36 (KHTML, like Gecko) Chrome/121.0.0.0 Safari/537.36',NULL,'2024-02-01 07:02:45','2024-02-01 07:02:45'),(460,'Modules\\User\\Entities\\User',1,'created','App\\Models\\AmbulanceShift',144,'[]','{\"ambulance_mapping_id\":18,\"user_type\":\"Driver\",\"type\":\"Permanent\",\"service_area_id\":\"2\",\"station_area\":\"Indore\",\"date\":\"2024-02-21\",\"created_by\":1,\"id\":144}','https://parivaar.siplsolutions.com/human-resource/employees/add-shift','49.249.2.122','Mozilla/5.0 (Windows NT 10.0; Win64; x64) AppleWebKit/537.36 (KHTML, like Gecko) Chrome/121.0.0.0 Safari/537.36',NULL,'2024-02-01 07:02:45','2024-02-01 07:02:45'),(461,'Modules\\User\\Entities\\User',1,'created','App\\Models\\AmbulanceShift',145,'[]','{\"ambulance_mapping_id\":18,\"user_type\":\"Driver\",\"type\":\"Permanent\",\"service_area_id\":\"2\",\"station_area\":\"Indore\",\"date\":\"2024-02-22\",\"created_by\":1,\"id\":145}','https://parivaar.siplsolutions.com/human-resource/employees/add-shift','49.249.2.122','Mozilla/5.0 (Windows NT 10.0; Win64; x64) AppleWebKit/537.36 (KHTML, like Gecko) Chrome/121.0.0.0 Safari/537.36',NULL,'2024-02-01 07:02:45','2024-02-01 07:02:45'),(462,'Modules\\User\\Entities\\User',1,'created','App\\Models\\AmbulanceShift',146,'[]','{\"ambulance_mapping_id\":18,\"user_type\":\"Driver\",\"type\":\"Permanent\",\"service_area_id\":\"2\",\"station_area\":\"Indore\",\"date\":\"2024-02-23\",\"created_by\":1,\"id\":146}','https://parivaar.siplsolutions.com/human-resource/employees/add-shift','49.249.2.122','Mozilla/5.0 (Windows NT 10.0; Win64; x64) AppleWebKit/537.36 (KHTML, like Gecko) Chrome/121.0.0.0 Safari/537.36',NULL,'2024-02-01 07:02:45','2024-02-01 07:02:45'),(463,'Modules\\User\\Entities\\User',1,'created','App\\Models\\AmbulanceShift',147,'[]','{\"ambulance_mapping_id\":18,\"user_type\":\"Driver\",\"type\":\"Permanent\",\"service_area_id\":\"2\",\"station_area\":\"Indore\",\"date\":\"2024-02-24\",\"created_by\":1,\"id\":147}','https://parivaar.siplsolutions.com/human-resource/employees/add-shift','49.249.2.122','Mozilla/5.0 (Windows NT 10.0; Win64; x64) AppleWebKit/537.36 (KHTML, like Gecko) Chrome/121.0.0.0 Safari/537.36',NULL,'2024-02-01 07:02:45','2024-02-01 07:02:45'),(464,'Modules\\User\\Entities\\User',1,'created','App\\Models\\AmbulanceShift',148,'[]','{\"ambulance_mapping_id\":18,\"user_type\":\"Driver\",\"type\":\"Permanent\",\"service_area_id\":\"2\",\"station_area\":\"Indore\",\"date\":\"2024-02-25\",\"created_by\":1,\"id\":148}','https://parivaar.siplsolutions.com/human-resource/employees/add-shift','49.249.2.122','Mozilla/5.0 (Windows NT 10.0; Win64; x64) AppleWebKit/537.36 (KHTML, like Gecko) Chrome/121.0.0.0 Safari/537.36',NULL,'2024-02-01 07:02:45','2024-02-01 07:02:45'),(465,'Modules\\User\\Entities\\User',1,'created','App\\Models\\AmbulanceShift',149,'[]','{\"ambulance_mapping_id\":18,\"user_type\":\"Driver\",\"type\":\"Permanent\",\"service_area_id\":\"2\",\"station_area\":\"Indore\",\"date\":\"2024-02-26\",\"created_by\":1,\"id\":149}','https://parivaar.siplsolutions.com/human-resource/employees/add-shift','49.249.2.122','Mozilla/5.0 (Windows NT 10.0; Win64; x64) AppleWebKit/537.36 (KHTML, like Gecko) Chrome/121.0.0.0 Safari/537.36',NULL,'2024-02-01 07:02:45','2024-02-01 07:02:45'),(466,'Modules\\User\\Entities\\User',1,'created','App\\Models\\AmbulanceShift',150,'[]','{\"ambulance_mapping_id\":18,\"user_type\":\"Driver\",\"type\":\"Permanent\",\"service_area_id\":\"2\",\"station_area\":\"Indore\",\"date\":\"2024-02-27\",\"created_by\":1,\"id\":150}','https://parivaar.siplsolutions.com/human-resource/employees/add-shift','49.249.2.122','Mozilla/5.0 (Windows NT 10.0; Win64; x64) AppleWebKit/537.36 (KHTML, like Gecko) Chrome/121.0.0.0 Safari/537.36',NULL,'2024-02-01 07:02:45','2024-02-01 07:02:45'),(467,'Modules\\User\\Entities\\User',1,'created','App\\Models\\AmbulanceShift',151,'[]','{\"ambulance_mapping_id\":18,\"user_type\":\"Driver\",\"type\":\"Permanent\",\"service_area_id\":\"2\",\"station_area\":\"Indore\",\"date\":\"2024-02-28\",\"created_by\":1,\"id\":151}','https://parivaar.siplsolutions.com/human-resource/employees/add-shift','49.249.2.122','Mozilla/5.0 (Windows NT 10.0; Win64; x64) AppleWebKit/537.36 (KHTML, like Gecko) Chrome/121.0.0.0 Safari/537.36',NULL,'2024-02-01 07:02:45','2024-02-01 07:02:45'),(468,'Modules\\User\\Entities\\User',1,'created','App\\Models\\AmbulanceShift',152,'[]','{\"ambulance_mapping_id\":18,\"user_type\":\"Driver\",\"type\":\"Permanent\",\"service_area_id\":\"2\",\"station_area\":\"Indore\",\"date\":\"2024-02-29\",\"created_by\":1,\"id\":152}','https://parivaar.siplsolutions.com/human-resource/employees/add-shift','49.249.2.122','Mozilla/5.0 (Windows NT 10.0; Win64; x64) AppleWebKit/537.36 (KHTML, like Gecko) Chrome/121.0.0.0 Safari/537.36',NULL,'2024-02-01 07:02:45','2024-02-01 07:02:45'),(469,'Modules\\User\\Entities\\User',1,'created','App\\Models\\User',20,'[]','{\"role_id\":\"6\",\"email\":\"\",\"first_name\":\"Abhishek\",\"last_name\":\"Gupta\",\"middle_name\":\"\",\"gender\":\"male\",\"dob\":\"2006-01-01\",\"phone_no\":\"8751423560\",\"created_by\":1,\"is_verified\":1,\"district_id\":\"3\",\"state_id\":\"1\",\"profile_path\":\"https:\\/\\/parivaar.s3.ap-south-1.amazonaws.com\\/profile_pic\\/170678028739611\\/65bb667f8da5e.png\",\"reporting_manager_id\":\"16\",\"joining_date\":\"2024-01-23\",\"address\":\"C-17, Basant Vihar, Nanakheda, Madhya Pradesh\",\"adhar_number\":\"565711794210\",\"pan_card_number\":\"CQUPG2456E\",\"aadhar_image_path\":\"https:\\/\\/parivaar.s3.ap-south-1.amazonaws.com\\/aadhar_doc\\/170678028743249\\/65bb667fb39b0.png\",\"pan_image_path\":\"https:\\/\\/parivaar.s3.ap-south-1.amazonaws.com\\/pan_doc\\/170678028748770\\/65bb667fcc367.png\",\"id\":20}','https://parivaar.siplsolutions.com/human-resource/employees/add-user','49.249.2.122','Mozilla/5.0 (Windows NT 10.0; Win64; x64) AppleWebKit/537.36 (KHTML, like Gecko) Chrome/121.0.0.0 Safari/537.36',NULL,'2024-02-01 09:38:07','2024-02-01 09:38:07'),(470,'Modules\\User\\Entities\\User',1,'updated','App\\Models\\User',20,'{\"employee_id\":\"\"}','{\"employee_id\":\"EMP20\"}','https://parivaar.siplsolutions.com/human-resource/employees/add-user','49.249.2.122','Mozilla/5.0 (Windows NT 10.0; Win64; x64) AppleWebKit/537.36 (KHTML, like Gecko) Chrome/121.0.0.0 Safari/537.36',NULL,'2024-02-01 09:38:07','2024-02-01 09:38:07'),(471,'Modules\\User\\Entities\\User',1,'created','App\\Models\\AmbulanceShift',153,'[]','{\"ambulance_mapping_id\":19,\"user_type\":\"Attendant\",\"type\":\"Permanent\",\"service_area_id\":\"6\",\"station_area\":\"Ujjain\",\"date\":\"2024-02-01\",\"created_by\":1,\"id\":153}','https://parivaar.siplsolutions.com/human-resource/employees/add-user','49.249.2.122','Mozilla/5.0 (Windows NT 10.0; Win64; x64) AppleWebKit/537.36 (KHTML, like Gecko) Chrome/121.0.0.0 Safari/537.36',NULL,'2024-02-01 09:38:08','2024-02-01 09:38:08'),(472,'Modules\\User\\Entities\\User',1,'updated','App\\Models\\Ambulance',7,'{\"status\":\"Not Running\"}','{\"status\":\"Running\"}','https://parivaar.siplsolutions.com/ambulance/update-ambulance-status?_=1706865950601&id=7&status=Running','49.249.2.122','Mozilla/5.0 (Windows NT 10.0; Win64; x64) AppleWebKit/537.36 (KHTML, like Gecko) Chrome/121.0.0.0 Safari/537.36',NULL,'2024-02-02 09:26:22','2024-02-02 09:26:22'),(473,'Modules\\User\\Entities\\User',1,'updated','App\\Models\\Ambulance',7,'{\"status\":\"Running\"}','{\"status\":\"Not Running\"}','https://parivaar.siplsolutions.com/ambulance/update-ambulance-status?_=1706868715976&id=7&status=Not%20Running','49.249.2.122','Mozilla/5.0 (Windows NT 10.0; Win64; x64) AppleWebKit/537.36 (KHTML, like Gecko) Chrome/121.0.0.0 Safari/537.36',NULL,'2024-02-02 10:13:15','2024-02-02 10:13:15'),(474,'Modules\\User\\Entities\\User',1,'created','App\\Models\\AmbulanceShift',154,'[]','{\"ambulance_mapping_id\":20,\"user_type\":\"Driver\",\"type\":\"Permanent\",\"service_area_id\":\"3\",\"station_area\":\"as\",\"date\":\"2024-02-02\",\"created_by\":1,\"id\":154}','https://parivaar.siplsolutions.com/ambulance/assign-shift','49.249.2.122','Mozilla/5.0 (Windows NT 10.0; Win64; x64) AppleWebKit/537.36 (KHTML, like Gecko) Chrome/121.0.0.0 Safari/537.36',NULL,'2024-02-02 10:13:37','2024-02-02 10:13:37'),(475,'Modules\\User\\Entities\\User',1,'created','App\\Models\\Notification',3,'[]','{\"related_resource_id\":\"12\",\"notification_title\":\"New Task Assignment\",\"notification_description\":\"New Task has been assigned to you.\",\"created_by\":1,\"id\":3}','https://parivaar.siplsolutions.com/task/store-task','49.249.2.122','Mozilla/5.0 (Windows NT 10.0; Win64; x64) AppleWebKit/537.36 (KHTML, like Gecko) Chrome/121.0.0.0 Safari/537.36',NULL,'2024-02-05 21:00:00','2024-02-05 21:00:00'),(476,'Modules\\User\\Entities\\User',1,'created','App\\Models\\Notification',4,'[]','{\"related_resource_id\":\"20\",\"notification_title\":\"New Task Assignment\",\"notification_description\":\"New Task has been assigned to you.\",\"created_by\":1,\"id\":4}','https://parivaar.siplsolutions.com/task/store-task','49.249.2.122','Mozilla/5.0 (Windows NT 10.0; Win64; x64) AppleWebKit/537.36 (KHTML, like Gecko) Chrome/121.0.0.0 Safari/537.36',NULL,'2024-02-06 06:15:34','2024-02-06 06:15:34'),(477,'Modules\\User\\Entities\\User',1,'created','App\\Models\\Notification',5,'[]','{\"related_resource_id\":\"31\",\"related_resource_user_id\":20,\"related_resource_type\":\"task\\/get-task-details\\/31\",\"notification_title\":\"Task Cancelled\",\"notification_description\":\"Your Task has been cancelled.\",\"created_by\":1,\"id\":5}','https://parivaar.siplsolutions.com/task/cancel-task','49.249.2.122','Mozilla/5.0 (Windows NT 10.0; Win64; x64) AppleWebKit/537.36 (KHTML, like Gecko) Chrome/121.0.0.0 Safari/537.36',NULL,'2024-02-06 06:17:45','2024-02-06 06:17:45'),(478,'Modules\\User\\Entities\\User',1,'created','App\\Models\\AmbulanceShift',155,'[]','{\"ambulance_mapping_id\":22,\"user_type\":\"Driver\",\"type\":\"Permanent\",\"service_area_id\":\"1\",\"station_area\":\"as\",\"date\":\"2024-02-15\",\"created_by\":1,\"id\":155}','https://parivaar.siplsolutions.com/ambulance/assign-shift','49.249.2.122','Mozilla/5.0 (Windows NT 10.0; Win64; x64) AppleWebKit/537.36 (KHTML, like Gecko) Chrome/121.0.0.0 Safari/537.36',NULL,'2024-02-14 06:21:34','2024-02-14 06:21:34'),(479,'Modules\\User\\Entities\\User',1,'updated','App\\Models\\User',1,'{\"middle_name\":null,\"gender\":\"\"}','{\"middle_name\":\"\",\"gender\":\"male\"}','https://parivaar.siplsolutions.com/human-resource/employees/update-user','49.249.2.122','Mozilla/5.0 (Windows NT 10.0; Win64; x64) AppleWebKit/537.36 (KHTML, like Gecko) Chrome/121.0.0.0 Safari/537.36',NULL,'2024-02-14 08:35:13','2024-02-14 08:35:13'),(480,'Modules\\User\\Entities\\User',1,'created','App\\Models\\User',21,'[]','{\"role_id\":\"2\",\"email\":\"\",\"first_name\":\"Rishabh\",\"last_name\":\"Meena\",\"middle_name\":\"\",\"gender\":\"male\",\"dob\":\"2006-02-01\",\"phone_no\":\"6563435412\",\"created_by\":1,\"is_verified\":1,\"district_id\":\"4\",\"state_id\":\"1\",\"profile_path\":\"https:\\/\\/parivaar.s3.ap-south-1.amazonaws.com\\/profile_pic\\/170790021615400\\/65cc7d38539d5.png\",\"reporting_manager_id\":\"1\",\"joining_date\":\"2024-02-04\",\"address\":\"khandwa Madhya pradesh, India\",\"adhar_number\":\"243464343213\",\"pan_card_number\":\"VDJKHD3822\",\"aadhar_image_path\":\"https:\\/\\/parivaar.s3.ap-south-1.amazonaws.com\\/aadhar_doc\\/170790021644140\\/65cc7d38d398e.png\",\"pan_image_path\":\"https:\\/\\/parivaar.s3.ap-south-1.amazonaws.com\\/pan_doc\\/170790021644797\\/65cc7d38de164.png\",\"id\":21}','https://parivaar.siplsolutions.com/human-resource/employees/add-user','49.249.2.122','Mozilla/5.0 (Windows NT 10.0; Win64; x64) AppleWebKit/537.36 (KHTML, like Gecko) Chrome/121.0.0.0 Safari/537.36',NULL,'2024-02-14 08:43:36','2024-02-14 08:43:36'),(481,'Modules\\User\\Entities\\User',1,'updated','App\\Models\\User',21,'{\"employee_id\":\"\"}','{\"employee_id\":\"EMP21\"}','https://parivaar.siplsolutions.com/human-resource/employees/add-user','49.249.2.122','Mozilla/5.0 (Windows NT 10.0; Win64; x64) AppleWebKit/537.36 (KHTML, like Gecko) Chrome/121.0.0.0 Safari/537.36',NULL,'2024-02-14 08:43:36','2024-02-14 08:43:36'),(482,'Modules\\User\\Entities\\User',1,'updated','App\\Models\\User',14,'{\"updated_by\":null,\"reporting_manager_id\":1}','{\"updated_by\":1,\"reporting_manager_id\":null}','https://parivaar.siplsolutions.com/human-resource/employees/update-user','49.249.2.122','Mozilla/5.0 (Windows NT 10.0; Win64; x64) AppleWebKit/537.36 (KHTML, like Gecko) Chrome/121.0.0.0 Safari/537.36',NULL,'2024-02-14 08:51:22','2024-02-14 08:51:22'),(483,'Modules\\User\\Entities\\User',1,'created','App\\Models\\AmbulanceShift',156,'[]','{\"ambulance_mapping_id\":24,\"user_type\":\"Driver\",\"type\":\"Permanent\",\"service_area_id\":\"1\",\"station_area\":\"Indore\",\"date\":\"2024-02-13\",\"created_by\":1,\"id\":156}','https://parivaar.siplsolutions.com/human-resource/employees/add-shift','49.249.2.122','Mozilla/5.0 (Windows NT 10.0; Win64; x64) AppleWebKit/537.36 (KHTML, like Gecko) Chrome/121.0.0.0 Safari/537.36',NULL,'2024-02-14 10:15:38','2024-02-14 10:15:38'),(484,'Modules\\User\\Entities\\User',1,'created','App\\Models\\AmbulanceShift',157,'[]','{\"ambulance_mapping_id\":24,\"user_type\":\"Driver\",\"type\":\"Permanent\",\"service_area_id\":\"1\",\"station_area\":\"Indore\",\"date\":\"2024-02-16\",\"created_by\":1,\"id\":157}','https://parivaar.siplsolutions.com/human-resource/employees/add-shift','49.249.2.122','Mozilla/5.0 (Windows NT 10.0; Win64; x64) AppleWebKit/537.36 (KHTML, like Gecko) Chrome/121.0.0.0 Safari/537.36',NULL,'2024-02-14 10:16:22','2024-02-14 10:16:22'),(512,'Modules\\User\\Entities\\User',1,'created','App\\Models\\Notification',6,'[]','{\"related_resource_id\":\"30\",\"related_resource_user_id\":12,\"related_resource_type\":\"task\\/get-task-details\\/30\",\"notification_title\":\"Task Cancelled\",\"notification_description\":\"Your Task has been cancelled.\",\"created_by\":1,\"id\":6}','https://parivaar.siplsolutions.com/task/cancel-task','49.249.2.122','Mozilla/5.0 (Windows NT 10.0; Win64; x64) AppleWebKit/537.36 (KHTML, like Gecko) Chrome/121.0.0.0 Safari/537.36',NULL,'2024-02-15 05:33:52','2024-02-15 05:33:52'),(513,'Modules\\User\\Entities\\User',1,'created','App\\Models\\Notification',7,'[]','{\"related_resource_id\":\"22\",\"related_resource_user_id\":1,\"related_resource_type\":\"expenses\\/expense-details\\/22\",\"notification_title\":\"Reimbursement Approved\",\"notification_description\":\"Your Reimbursement has been approved.\",\"created_by\":1,\"id\":7}','https://parivaar.siplsolutions.com/human-resource/expenses/approve-reimbursement?_=1708012306179&expense_id=22&request_status=approved','49.249.2.122','Mozilla/5.0 (Windows NT 10.0; Win64; x64) AppleWebKit/537.36 (KHTML, like Gecko) Chrome/121.0.0.0 Safari/537.36',NULL,'2024-02-15 15:52:12','2024-02-15 15:52:12'),(514,'Modules\\User\\Entities\\User',1,'created','App\\Models\\Notification',8,'[]','{\"related_resource_id\":\"22\",\"related_resource_user_id\":1,\"related_resource_type\":\"expenses\\/expense-details\\/22\",\"notification_title\":\"Reimbursement Completed\",\"notification_description\":\"Your Reimbursement has been completed.\",\"created_by\":1,\"id\":8}','https://parivaar.siplsolutions.com/human-resource/expenses/approve-reimbursement?_=1708012306180&expense_id=22&request_status=complete','49.249.2.122','Mozilla/5.0 (Windows NT 10.0; Win64; x64) AppleWebKit/537.36 (KHTML, like Gecko) Chrome/121.0.0.0 Safari/537.36',NULL,'2024-02-15 15:52:20','2024-02-15 15:52:20'),(521,'Modules\\User\\Entities\\User',1,'created','App\\Models\\User',33,'[]','{\"role_id\":\"5\",\"email\":\"\",\"first_name\":\"Mayank\",\"last_name\":\"Soni\",\"middle_name\":\"\",\"gender\":\"male\",\"dob\":\"2006-01-01\",\"phone_no\":\"9876543200\",\"created_by\":1,\"is_verified\":1,\"district_id\":\"2\",\"state_id\":\"1\",\"profile_path\":\"https:\\/\\/parivaar.s3.ap-south-1.amazonaws.com\\/profile_pic\\/170801735760149\\/65ce46cd6b3b0.png\",\"reporting_manager_id\":null,\"joining_date\":\"2024-02-13\",\"address\":\"\",\"adhar_number\":\"314654654654\",\"pan_card_number\":\"CQUPG97987\",\"aadhar_image_path\":\"https:\\/\\/parivaar.s3.ap-south-1.amazonaws.com\\/aadhar_doc\\/170801735721320\\/65ce46cd7e85b.png\",\"pan_image_path\":\"https:\\/\\/parivaar.s3.ap-south-1.amazonaws.com\\/pan_doc\\/17080173576665\\/65ce46cd8af10.png\",\"id\":33}','https://parivaar.siplsolutions.com/human-resource/employees/add-user','49.249.2.122','Mozilla/5.0 (Windows NT 10.0; Win64; x64) AppleWebKit/537.36 (KHTML, like Gecko) Chrome/121.0.0.0 Safari/537.36',NULL,'2024-02-15 17:15:57','2024-02-15 17:15:57'),(522,'Modules\\User\\Entities\\User',1,'updated','App\\Models\\User',33,'{\"employee_id\":\"\"}','{\"employee_id\":\"EMP33\"}','https://parivaar.siplsolutions.com/human-resource/employees/add-user','49.249.2.122','Mozilla/5.0 (Windows NT 10.0; Win64; x64) AppleWebKit/537.36 (KHTML, like Gecko) Chrome/121.0.0.0 Safari/537.36',NULL,'2024-02-15 17:15:57','2024-02-15 17:15:57'),(523,'Modules\\User\\Entities\\User',1,'created','App\\Models\\AmbulanceShift',169,'[]','{\"ambulance_mapping_id\":32,\"user_type\":\"Driver\",\"type\":\"Permanent\",\"service_area_id\":\"8\",\"station_area\":\"sehore\",\"date\":\"2024-02-01\",\"created_by\":1,\"id\":169}','https://parivaar.siplsolutions.com/human-resource/employees/add-user','49.249.2.122','Mozilla/5.0 (Windows NT 10.0; Win64; x64) AppleWebKit/537.36 (KHTML, like Gecko) Chrome/121.0.0.0 Safari/537.36',NULL,'2024-02-15 17:15:57','2024-02-15 17:15:57'),(524,'Modules\\User\\Entities\\User',1,'created','App\\Models\\Notification',9,'[]','{\"related_resource_id\":33,\"related_resource_user_id\":null,\"related_resource_type\":\"driver\\/view-user\\/33\",\"notification_title\":\"New Driver Assignment\",\"notification_description\":\"New Driver has been assigned to your district.\",\"created_by\":1,\"id\":9}','https://parivaar.siplsolutions.com/human-resource/employees/add-user','49.249.2.122','Mozilla/5.0 (Windows NT 10.0; Win64; x64) AppleWebKit/537.36 (KHTML, like Gecko) Chrome/121.0.0.0 Safari/537.36',NULL,'2024-02-15 17:15:57','2024-02-15 17:15:57'),(525,'Modules\\User\\Entities\\User',1,'created','App\\Models\\User',34,'[]','{\"role_id\":\"5\",\"email\":\"\",\"first_name\":\"Adesh\",\"last_name\":\"chandel\",\"middle_name\":\"singh\",\"gender\":\"male\",\"dob\":\"2006-02-15\",\"phone_no\":\"8765453455\",\"created_by\":1,\"is_verified\":1,\"district_id\":\"2\",\"state_id\":\"1\",\"profile_path\":\"https:\\/\\/parivaar.s3.ap-south-1.amazonaws.com\\/profile_pic\\/170801954194915\\/65ce4f5504ca9.png\",\"reporting_manager_id\":null,\"joining_date\":\"2024-02-13\",\"address\":\"\",\"adhar_number\":\"324567890666\",\"pan_card_number\":\"SFGHJK4567\",\"aadhar_image_path\":\"https:\\/\\/parivaar.s3.ap-south-1.amazonaws.com\\/aadhar_doc\\/170801954168611\\/65ce4f551c7be.jpg\",\"pan_image_path\":\"https:\\/\\/parivaar.s3.ap-south-1.amazonaws.com\\/pan_doc\\/17080195417984\\/65ce4f5530fbe.png\",\"id\":34}','https://parivaar.siplsolutions.com/human-resource/employees/add-user','49.249.2.122','Mozilla/5.0 (Windows NT 10.0; Win64; x64) AppleWebKit/537.36 (KHTML, like Gecko) Chrome/121.0.0.0 Safari/537.36',NULL,'2024-02-15 17:52:21','2024-02-15 17:52:21'),(526,'Modules\\User\\Entities\\User',1,'updated','App\\Models\\User',34,'{\"employee_id\":\"\"}','{\"employee_id\":\"EMP34\"}','https://parivaar.siplsolutions.com/human-resource/employees/add-user','49.249.2.122','Mozilla/5.0 (Windows NT 10.0; Win64; x64) AppleWebKit/537.36 (KHTML, like Gecko) Chrome/121.0.0.0 Safari/537.36',NULL,'2024-02-15 17:52:21','2024-02-15 17:52:21'),(527,'Modules\\User\\Entities\\User',1,'created','App\\Models\\Notification',10,'[]','{\"related_resource_id\":34,\"related_resource_user_id\":null,\"related_resource_type\":\"driver\\/view-user\\/34\",\"notification_title\":\"New Driver Assignment\",\"notification_description\":\"New Driver has been assigned to your district.\",\"created_by\":1,\"id\":10}','https://parivaar.siplsolutions.com/human-resource/employees/add-user','49.249.2.122','Mozilla/5.0 (Windows NT 10.0; Win64; x64) AppleWebKit/537.36 (KHTML, like Gecko) Chrome/121.0.0.0 Safari/537.36',NULL,'2024-02-15 17:52:21','2024-02-15 17:52:21'),(528,'Modules\\User\\Entities\\User',1,'created','App\\Models\\User',35,'[]','{\"role_id\":\"5\",\"email\":\"\",\"first_name\":\"Sumit\",\"last_name\":\"Bhawsar\",\"middle_name\":\"\",\"gender\":\"male\",\"dob\":\"2005-09-07\",\"phone_no\":\"7566499966\",\"created_by\":1,\"is_verified\":1,\"district_id\":\"4\",\"state_id\":\"1\",\"profile_path\":\"https:\\/\\/parivaar.s3.ap-south-1.amazonaws.com\\/profile_pic\\/170806219310039\\/65cef5f1d0b5c.png\",\"reporting_manager_id\":null,\"joining_date\":\"2024-02-14\",\"address\":\"\",\"adhar_number\":\"123478905555\",\"pan_card_number\":\"FGLJ873584\",\"aadhar_image_path\":\"https:\\/\\/parivaar.s3.ap-south-1.amazonaws.com\\/aadhar_doc\\/170806219363744\\/65cef5f1e29fa.png\",\"pan_image_path\":\"https:\\/\\/parivaar.s3.ap-south-1.amazonaws.com\\/pan_doc\\/170806219331292\\/65cef5f1ebe32.png\",\"id\":35}','https://parivaar.siplsolutions.com/human-resource/employees/add-user','49.249.2.122','Mozilla/5.0 (Windows NT 10.0; Win64; x64) AppleWebKit/537.36 (KHTML, like Gecko) Chrome/121.0.0.0 Safari/537.36',NULL,'2024-02-16 05:43:13','2024-02-16 05:43:13'),(529,'Modules\\User\\Entities\\User',1,'updated','App\\Models\\User',35,'{\"employee_id\":\"\"}','{\"employee_id\":\"EMP35\"}','https://parivaar.siplsolutions.com/human-resource/employees/add-user','49.249.2.122','Mozilla/5.0 (Windows NT 10.0; Win64; x64) AppleWebKit/537.36 (KHTML, like Gecko) Chrome/121.0.0.0 Safari/537.36',NULL,'2024-02-16 05:43:14','2024-02-16 05:43:14'),(530,'Modules\\User\\Entities\\User',1,'created','App\\Models\\Notification',11,'[]','{\"related_resource_id\":35,\"related_resource_user_id\":null,\"related_resource_type\":\"driver\\/view-user\\/35\",\"notification_title\":\"New Driver Assignment\",\"notification_description\":\"New Driver has been assigned to your district.\",\"created_by\":1,\"id\":11}','https://parivaar.siplsolutions.com/human-resource/employees/add-user','49.249.2.122','Mozilla/5.0 (Windows NT 10.0; Win64; x64) AppleWebKit/537.36 (KHTML, like Gecko) Chrome/121.0.0.0 Safari/537.36',NULL,'2024-02-16 05:43:14','2024-02-16 05:43:14'),(531,'Modules\\User\\Entities\\User',1,'created','App\\Models\\Notification',12,'[]','{\"related_resource_id\":\"34\",\"related_resource_user_id\":\"34\",\"related_resource_type\":\"\",\"notification_title\":\"Profile Verified\",\"notification_description\":\"Your profile has been verified.\",\"created_by\":1,\"id\":12}','https://parivaar.siplsolutions.com/human-resource/employees/approve-user?_=1708062304917&id=34','49.249.2.122','Mozilla/5.0 (Windows NT 10.0; Win64; x64) AppleWebKit/537.36 (KHTML, like Gecko) Chrome/121.0.0.0 Safari/537.36',NULL,'2024-02-16 05:45:27','2024-02-16 05:45:27'),(532,'Modules\\User\\Entities\\User',1,'created','App\\Models\\User',36,'[]','{\"role_id\":\"6\",\"email\":\"raj@yopmail.com\",\"first_name\":\"Raj\",\"last_name\":\"Mishra\",\"middle_name\":\"\",\"gender\":\"male\",\"dob\":\"2006-02-01\",\"phone_no\":\"8567678788\",\"created_by\":1,\"is_verified\":1,\"district_id\":\"4\",\"state_id\":\"1\",\"profile_path\":\"https:\\/\\/parivaar.s3.ap-south-1.amazonaws.com\\/profile_pic\\/170806352462329\\/65cefb2413a52.png\",\"reporting_manager_id\":null,\"joining_date\":\"2024-02-12\",\"address\":\"\",\"adhar_number\":\"456789045656\",\"pan_card_number\":\"DFGHJKL788\",\"aadhar_image_path\":\"https:\\/\\/parivaar.s3.ap-south-1.amazonaws.com\\/aadhar_doc\\/170806352461173\\/65cefb2424999.pdf\",\"pan_image_path\":\"https:\\/\\/parivaar.s3.ap-south-1.amazonaws.com\\/pan_doc\\/170806352473327\\/65cefb2431325.png\",\"id\":36}','https://parivaar.siplsolutions.com/human-resource/employees/add-user','49.249.2.122','Mozilla/5.0 (Windows NT 10.0; Win64; x64) AppleWebKit/537.36 (KHTML, like Gecko) Chrome/121.0.0.0 Safari/537.36',NULL,'2024-02-16 06:05:24','2024-02-16 06:05:24'),(533,'Modules\\User\\Entities\\User',1,'updated','App\\Models\\User',36,'{\"employee_id\":\"\"}','{\"employee_id\":\"EMP36\"}','https://parivaar.siplsolutions.com/human-resource/employees/add-user','49.249.2.122','Mozilla/5.0 (Windows NT 10.0; Win64; x64) AppleWebKit/537.36 (KHTML, like Gecko) Chrome/121.0.0.0 Safari/537.36',NULL,'2024-02-16 06:05:24','2024-02-16 06:05:24'),(534,'Modules\\User\\Entities\\User',1,'created','App\\Models\\Notification',13,'[]','{\"related_resource_id\":36,\"related_resource_user_id\":null,\"related_resource_type\":\"attendant\\/view-user\\/36\",\"notification_title\":\"New Attendant Assignment\",\"notification_description\":\"New Attendant has been assigned to your district.\",\"created_by\":1,\"id\":13}','https://parivaar.siplsolutions.com/human-resource/employees/add-user','49.249.2.122','Mozilla/5.0 (Windows NT 10.0; Win64; x64) AppleWebKit/537.36 (KHTML, like Gecko) Chrome/121.0.0.0 Safari/537.36',NULL,'2024-02-16 06:05:24','2024-02-16 06:05:24'),(535,'Modules\\User\\Entities\\User',1,'created','App\\Models\\User',37,'[]','{\"role_id\":\"4\",\"email\":\"aakash@yopmail.com\",\"first_name\":\"Aakash\",\"last_name\":\"Bansal\",\"middle_name\":\"\",\"gender\":\"male\",\"dob\":\"2006-02-14\",\"phone_no\":\"8547535655\",\"created_by\":1,\"is_verified\":1,\"district_id\":1,\"state_id\":1,\"profile_path\":\"https:\\/\\/parivaar.s3.ap-south-1.amazonaws.com\\/profile_pic\\/170840976440953\\/65d443a474e5a.png\",\"id\":37}','https://parivaar.siplsolutions.com/human-resource/employees/add-user','49.249.2.122','Mozilla/5.0 (Windows NT 10.0; Win64; x64) AppleWebKit/537.36 (KHTML, like Gecko) Chrome/121.0.0.0 Safari/537.36',NULL,'2024-02-20 06:16:04','2024-02-20 06:16:04'),(536,'Modules\\User\\Entities\\User',1,'updated','App\\Models\\User',37,'{\"employee_id\":\"\"}','{\"employee_id\":\"EMP37\"}','https://parivaar.siplsolutions.com/human-resource/employees/add-user','49.249.2.122','Mozilla/5.0 (Windows NT 10.0; Win64; x64) AppleWebKit/537.36 (KHTML, like Gecko) Chrome/121.0.0.0 Safari/537.36',NULL,'2024-02-20 06:16:04','2024-02-20 06:16:04'),(537,'Modules\\User\\Entities\\User',1,'created','App\\Models\\State',3,'[]','{\"state_name\":\"karnataka\",\"created_by\":1,\"updated_by\":1,\"id\":3}','https://parivaar.siplsolutions.com/master/state/add','49.249.2.122','Mozilla/5.0 (Windows NT 10.0; Win64; x64) AppleWebKit/537.36 (KHTML, like Gecko) Chrome/121.0.0.0 Safari/537.36',NULL,'2024-02-20 06:16:37','2024-02-20 06:16:37'),(538,'Modules\\User\\Entities\\User',1,'created','App\\Models\\District',5,'[]','{\"district_name\":\"Bagalkote\",\"state_id\":\"3\",\"created_by\":1,\"updated_by\":1,\"id\":5}','https://parivaar.siplsolutions.com/master/district/add','49.249.2.122','Mozilla/5.0 (Windows NT 10.0; Win64; x64) AppleWebKit/537.36 (KHTML, like Gecko) Chrome/121.0.0.0 Safari/537.36',NULL,'2024-02-20 06:17:47','2024-02-20 06:17:47'),(539,'Modules\\User\\Entities\\User',1,'created','App\\Models\\User',38,'[]','{\"role_id\":\"2\",\"email\":\"\",\"first_name\":\"Prakhar\",\"last_name\":\"Patidar\",\"middle_name\":\"\",\"gender\":\"male\",\"dob\":\"2006-02-13\",\"phone_no\":\"6674878888\",\"created_by\":1,\"is_verified\":1,\"district_id\":\"5\",\"state_id\":\"3\",\"profile_path\":\"https:\\/\\/parivaar.s3.ap-south-1.amazonaws.com\\/profile_pic\\/170841006451257\\/65d444d0449d7.png\",\"reporting_manager_id\":\"1\",\"joining_date\":\"2024-02-14\",\"address\":\"\",\"adhar_number\":\"243657898989\",\"pan_card_number\":\"YNHKEQ4567\",\"aadhar_image_path\":\"https:\\/\\/parivaar.s3.ap-south-1.amazonaws.com\\/aadhar_doc\\/170841006471985\\/65d444d055ec3.gif\",\"pan_image_path\":\"https:\\/\\/parivaar.s3.ap-south-1.amazonaws.com\\/pan_doc\\/170841006454632\\/65d444d065161.gif\",\"id\":38}','https://parivaar.siplsolutions.com/human-resource/employees/add-user','49.249.2.122','Mozilla/5.0 (Windows NT 10.0; Win64; x64) AppleWebKit/537.36 (KHTML, like Gecko) Chrome/121.0.0.0 Safari/537.36',NULL,'2024-02-20 06:21:04','2024-02-20 06:21:04'),(540,'Modules\\User\\Entities\\User',1,'updated','App\\Models\\User',38,'{\"employee_id\":\"\"}','{\"employee_id\":\"EMP38\"}','https://parivaar.siplsolutions.com/human-resource/employees/add-user','49.249.2.122','Mozilla/5.0 (Windows NT 10.0; Win64; x64) AppleWebKit/537.36 (KHTML, like Gecko) Chrome/121.0.0.0 Safari/537.36',NULL,'2024-02-20 06:21:04','2024-02-20 06:21:04'),(541,'Modules\\User\\Entities\\User',1,'created','App\\Models\\User',39,'[]','{\"role_id\":\"5\",\"email\":\"\",\"first_name\":\"Utkarsh\",\"last_name\":\"sharma\",\"middle_name\":\"\",\"gender\":\"male\",\"dob\":\"2006-02-13\",\"phone_no\":\"7635498999\",\"created_by\":1,\"is_verified\":1,\"district_id\":\"5\",\"state_id\":\"3\",\"profile_path\":\"https:\\/\\/parivaar.s3.ap-south-1.amazonaws.com\\/profile_pic\\/170841024078628\\/65d44580a14ca.jpg\",\"reporting_manager_id\":\"38\",\"joining_date\":\"2024-02-08\",\"address\":\"\",\"adhar_number\":\"786879935466\",\"pan_card_number\":\"HGGHFJK676\",\"aadhar_image_path\":\"https:\\/\\/parivaar.s3.ap-south-1.amazonaws.com\\/aadhar_doc\\/170841024061102\\/65d44580b680b.png\",\"pan_image_path\":\"https:\\/\\/parivaar.s3.ap-south-1.amazonaws.com\\/pan_doc\\/170841024077626\\/65d44580c8c44.jpg\",\"id\":39}','https://parivaar.siplsolutions.com/human-resource/employees/add-user','49.249.2.122','Mozilla/5.0 (Windows NT 10.0; Win64; x64) AppleWebKit/537.36 (KHTML, like Gecko) Chrome/121.0.0.0 Safari/537.36',NULL,'2024-02-20 06:24:00','2024-02-20 06:24:00'),(542,'Modules\\User\\Entities\\User',1,'updated','App\\Models\\User',39,'{\"employee_id\":\"\"}','{\"employee_id\":\"EMP39\"}','https://parivaar.siplsolutions.com/human-resource/employees/add-user','49.249.2.122','Mozilla/5.0 (Windows NT 10.0; Win64; x64) AppleWebKit/537.36 (KHTML, like Gecko) Chrome/121.0.0.0 Safari/537.36',NULL,'2024-02-20 06:24:00','2024-02-20 06:24:00'),(543,'Modules\\User\\Entities\\User',1,'created','App\\Models\\Notification',14,'[]','{\"related_resource_id\":39,\"related_resource_user_id\":\"38\",\"related_resource_type\":\"driver\\/view-user\\/39\",\"notification_title\":\"New Driver Assignment\",\"notification_description\":\"New Driver has been assigned to your district.\",\"created_by\":1,\"id\":14}','https://parivaar.siplsolutions.com/human-resource/employees/add-user','49.249.2.122','Mozilla/5.0 (Windows NT 10.0; Win64; x64) AppleWebKit/537.36 (KHTML, like Gecko) Chrome/121.0.0.0 Safari/537.36',NULL,'2024-02-20 06:24:00','2024-02-20 06:24:00'),(544,'Modules\\User\\Entities\\User',1,'created','App\\Models\\Ambulance',9,'[]','{\"registration_number_available\":\"Yes\",\"make\":\"TATA\",\"inauguration_date\":\"2024-02-18\",\"status\":\"Running\",\"number_plate_available\":\"Yes\",\"chassis_no\":\"JH4CU2F65AC031890\",\"district_id\":\"5\",\"ambulance_no\":\"KA 29 5860\",\"registration_certificate_available\":\"Yes\",\"purchase_paper_available\":\"Yes\",\"fastags_available\":\"Yes\",\"sponsor_name\":null,\"invoice_no\":null,\"invoice_date\":null,\"date_of_delivery\":null,\"registration_date\":null,\"entry_date\":null,\"additional_notes\":null,\"created_by\":1,\"number_plate_image_path\":\"https:\\/\\/parivaar.s3.ap-south-1.amazonaws.com\\/number_plate_doc\\/170841037935038\\/65d4460bc2337.png\",\"id\":9}','https://parivaar.siplsolutions.com/ambulance/store-ambulance','49.249.2.122','Mozilla/5.0 (Windows NT 10.0; Win64; x64) AppleWebKit/537.36 (KHTML, like Gecko) Chrome/121.0.0.0 Safari/537.36',NULL,'2024-02-20 06:26:19','2024-02-20 06:26:19');
/*!40000 ALTER TABLE `audits` ENABLE KEYS */;
UNLOCK TABLES;

--
-- Table structure for table `bank_lists`
--

DROP TABLE IF EXISTS `bank_lists`;
/*!40101 SET @saved_cs_client     = @@character_set_client */;
/*!50503 SET character_set_client = utf8mb4 */;
CREATE TABLE `bank_lists` (
  `id` bigint(20) unsigned NOT NULL AUTO_INCREMENT,
  `bank_name` varchar(250) COLLATE utf8mb4_unicode_ci NOT NULL,
  `created_at` timestamp NOT NULL DEFAULT CURRENT_TIMESTAMP,
  `updated_at` timestamp NOT NULL DEFAULT CURRENT_TIMESTAMP,
  PRIMARY KEY (`id`)
) ENGINE=InnoDB AUTO_INCREMENT=5 DEFAULT CHARSET=utf8mb4 COLLATE=utf8mb4_unicode_ci;
/*!40101 SET character_set_client = @saved_cs_client */;

--
-- Dumping data for table `bank_lists`
--

LOCK TABLES `bank_lists` WRITE;
/*!40000 ALTER TABLE `bank_lists` DISABLE KEYS */;
INSERT INTO `bank_lists` VALUES (1,'Central Bank of India','2023-12-07 08:44:20','2023-12-07 08:44:20'),(2,'State Bank of India','2023-12-07 08:44:20','2023-12-07 08:44:20'),(3,'HDFC','2023-12-07 08:44:20','2023-12-07 08:44:20'),(4,'Punjab National Bank','2023-12-07 08:44:20','2023-12-07 08:44:20');
/*!40000 ALTER TABLE `bank_lists` ENABLE KEYS */;
UNLOCK TABLES;

--
-- Table structure for table `call_centers`
--

DROP TABLE IF EXISTS `call_centers`;
/*!40101 SET @saved_cs_client     = @@character_set_client */;
/*!50503 SET character_set_client = utf8mb4 */;
CREATE TABLE `call_centers` (
  `id` bigint(20) unsigned NOT NULL AUTO_INCREMENT,
  `name` varchar(255) COLLATE utf8mb4_unicode_ci NOT NULL,
  `village_id` bigint(20) unsigned NOT NULL,
  `district_id` bigint(20) unsigned NOT NULL,
  `state_id` bigint(20) unsigned NOT NULL,
  `office_address` varchar(255) COLLATE utf8mb4_unicode_ci NOT NULL,
  `district_anchor_id` bigint(20) unsigned DEFAULT NULL,
  `cluster_coordinator_id` bigint(20) unsigned DEFAULT NULL,
  `teacher_id` bigint(20) unsigned DEFAULT NULL,
  `photo_path` varchar(255) COLLATE utf8mb4_unicode_ci DEFAULT NULL,
  `legal_document_path` varchar(255) COLLATE utf8mb4_unicode_ci DEFAULT NULL,
  `created_by` bigint(20) unsigned DEFAULT NULL,
  `updated_by` bigint(20) unsigned DEFAULT NULL,
  `created_at` timestamp NULL DEFAULT NULL,
  `updated_at` timestamp NULL DEFAULT NULL,
  `deleted_at` timestamp NULL DEFAULT NULL,
  PRIMARY KEY (`id`),
  KEY `call_centers_district_id_foreign` (`district_id`),
  KEY `call_centers_state_id_foreign` (`state_id`),
  KEY `call_centers_district_anchor_id_foreign` (`district_anchor_id`),
  KEY `call_centers_cluster_coordinator_id_foreign` (`cluster_coordinator_id`),
  KEY `call_centers_teacher_id_foreign` (`teacher_id`),
  CONSTRAINT `call_centers_cluster_coordinator_id_foreign` FOREIGN KEY (`cluster_coordinator_id`) REFERENCES `users` (`id`) ON DELETE CASCADE,
  CONSTRAINT `call_centers_district_anchor_id_foreign` FOREIGN KEY (`district_anchor_id`) REFERENCES `users` (`id`) ON DELETE CASCADE,
  CONSTRAINT `call_centers_district_id_foreign` FOREIGN KEY (`district_id`) REFERENCES `districts` (`id`) ON DELETE CASCADE,
  CONSTRAINT `call_centers_state_id_foreign` FOREIGN KEY (`state_id`) REFERENCES `states` (`id`) ON DELETE CASCADE,
  CONSTRAINT `call_centers_teacher_id_foreign` FOREIGN KEY (`teacher_id`) REFERENCES `users` (`id`) ON DELETE CASCADE
) ENGINE=InnoDB DEFAULT CHARSET=utf8mb4 COLLATE=utf8mb4_unicode_ci;
/*!40101 SET character_set_client = @saved_cs_client */;

--
-- Dumping data for table `call_centers`
--

LOCK TABLES `call_centers` WRITE;
/*!40000 ALTER TABLE `call_centers` DISABLE KEYS */;
/*!40000 ALTER TABLE `call_centers` ENABLE KEYS */;
UNLOCK TABLES;

--
-- Table structure for table `departments`
--

DROP TABLE IF EXISTS `departments`;
/*!40101 SET @saved_cs_client     = @@character_set_client */;
/*!50503 SET character_set_client = utf8mb4 */;
CREATE TABLE `departments` (
  `id` bigint(20) unsigned NOT NULL AUTO_INCREMENT,
  `department_name` varchar(250) COLLATE utf8mb4_unicode_ci NOT NULL,
  `created_at` datetime NOT NULL DEFAULT CURRENT_TIMESTAMP,
  `created_by` int(11) DEFAULT NULL,
  `updated_at` datetime NOT NULL DEFAULT CURRENT_TIMESTAMP,
  `updated_by` int(11) DEFAULT NULL,
  PRIMARY KEY (`id`)
) ENGINE=InnoDB AUTO_INCREMENT=3 DEFAULT CHARSET=utf8mb4 COLLATE=utf8mb4_unicode_ci;
/*!40101 SET character_set_client = @saved_cs_client */;

--
-- Dumping data for table `departments`
--

LOCK TABLES `departments` WRITE;
/*!40000 ALTER TABLE `departments` DISABLE KEYS */;
INSERT INTO `departments` VALUES (1,'Administration','2023-12-07 14:14:20',1,'2023-12-07 14:14:20',1),(2,'Ambulance','2023-12-07 14:14:20',1,'2023-12-07 14:14:20',1);
/*!40000 ALTER TABLE `departments` ENABLE KEYS */;
UNLOCK TABLES;

--
-- Table structure for table `districts`
--

DROP TABLE IF EXISTS `districts`;
/*!40101 SET @saved_cs_client     = @@character_set_client */;
/*!50503 SET character_set_client = utf8mb4 */;
CREATE TABLE `districts` (
  `id` bigint(20) unsigned NOT NULL AUTO_INCREMENT,
  `district_name` varchar(255) COLLATE utf8mb4_unicode_ci NOT NULL,
  `state_id` bigint(20) unsigned NOT NULL,
  `created_by` int(11) NOT NULL,
  `updated_by` int(11) DEFAULT NULL,
  `created_at` timestamp NOT NULL DEFAULT CURRENT_TIMESTAMP,
  `updated_at` timestamp NOT NULL DEFAULT CURRENT_TIMESTAMP,
  `deleted_at` timestamp NULL DEFAULT NULL,
  PRIMARY KEY (`id`),
  KEY `state_id` (`state_id`),
  CONSTRAINT `districts_state_id_foreign` FOREIGN KEY (`state_id`) REFERENCES `states` (`id`)
) ENGINE=InnoDB AUTO_INCREMENT=6 DEFAULT CHARSET=utf8mb4 COLLATE=utf8mb4_unicode_ci;
/*!40101 SET character_set_client = @saved_cs_client */;

--
-- Dumping data for table `districts`
--

LOCK TABLES `districts` WRITE;
/*!40000 ALTER TABLE `districts` DISABLE KEYS */;
INSERT INTO `districts` VALUES (1,'Indore',1,1,1,'2023-12-07 08:44:20','2023-12-07 08:44:20',NULL),(2,'Sehore',1,1,1,'2023-12-15 06:37:46','2023-12-15 06:37:46',NULL),(3,'Ujjain',1,1,1,'2024-01-05 05:46:23','2024-01-05 05:46:23',NULL),(4,'Khandwa',1,1,1,'2024-01-05 05:46:38','2024-01-05 05:46:38',NULL),(5,'Bagalkote',3,1,1,'2024-02-20 06:17:47','2024-02-20 06:17:47',NULL);
/*!40000 ALTER TABLE `districts` ENABLE KEYS */;
UNLOCK TABLES;

--
-- Table structure for table `dl_types`
--

DROP TABLE IF EXISTS `dl_types`;
/*!40101 SET @saved_cs_client     = @@character_set_client */;
/*!50503 SET character_set_client = utf8mb4 */;
CREATE TABLE `dl_types` (
  `id` bigint(20) unsigned NOT NULL AUTO_INCREMENT,
  `type` varchar(250) COLLATE utf8mb4_unicode_ci NOT NULL,
  `created_at` timestamp NOT NULL DEFAULT CURRENT_TIMESTAMP,
  `updated_at` timestamp NOT NULL DEFAULT CURRENT_TIMESTAMP,
  PRIMARY KEY (`id`)
) ENGINE=InnoDB AUTO_INCREMENT=5 DEFAULT CHARSET=utf8mb4 COLLATE=utf8mb4_unicode_ci;
/*!40101 SET character_set_client = @saved_cs_client */;

--
-- Dumping data for table `dl_types`
--

LOCK TABLES `dl_types` WRITE;
/*!40000 ALTER TABLE `dl_types` DISABLE KEYS */;
INSERT INTO `dl_types` VALUES (1,'Learners licence','2023-10-03 04:01:57','2023-10-03 04:01:57'),(2,'Permanent licence','2023-10-03 04:01:57','2023-10-03 04:01:57'),(3,'Commercial Driving licence','2023-10-03 04:01:57','2023-10-03 04:01:57'),(4,'International Driving Permit','2023-10-03 04:01:57','2023-10-03 04:01:57');
/*!40000 ALTER TABLE `dl_types` ENABLE KEYS */;
UNLOCK TABLES;

--
-- Table structure for table `documents`
--

DROP TABLE IF EXISTS `documents`;
/*!40101 SET @saved_cs_client     = @@character_set_client */;
/*!50503 SET character_set_client = utf8mb4 */;
CREATE TABLE `documents` (
  `id` bigint(20) unsigned NOT NULL AUTO_INCREMENT,
  `name` varchar(255) COLLATE utf8mb4_unicode_ci NOT NULL,
  `path` varchar(255) COLLATE utf8mb4_unicode_ci NOT NULL,
  `folder_id` bigint(20) unsigned NOT NULL,
  `user_id` bigint(20) unsigned DEFAULT NULL,
  `created_by` bigint(20) unsigned DEFAULT NULL,
  `updated_by` bigint(20) unsigned DEFAULT NULL,
  `created_at` timestamp NULL DEFAULT NULL,
  `updated_at` timestamp NULL DEFAULT NULL,
  `deleted_at` timestamp NULL DEFAULT NULL,
  PRIMARY KEY (`id`),
  KEY `documents_folder_id_foreign` (`folder_id`),
  KEY `documents_user_id_foreign` (`user_id`),
  CONSTRAINT `documents_folder_id_foreign` FOREIGN KEY (`folder_id`) REFERENCES `folders` (`id`) ON DELETE CASCADE,
  CONSTRAINT `documents_user_id_foreign` FOREIGN KEY (`user_id`) REFERENCES `users` (`id`) ON DELETE CASCADE
) ENGINE=InnoDB AUTO_INCREMENT=4 DEFAULT CHARSET=utf8mb4 COLLATE=utf8mb4_unicode_ci;
/*!40101 SET character_set_client = @saved_cs_client */;

--
-- Dumping data for table `documents`
--

LOCK TABLES `documents` WRITE;
/*!40000 ALTER TABLE `documents` DISABLE KEYS */;
INSERT INTO `documents` VALUES (1,'User Guide','https://parivaar.s3.ap-south-1.amazonaws.com/leave_attachments/25/658522308ec8e.pdf',1,NULL,1,NULL,NULL,NULL,NULL),(2,'campaigns.xlsx','https://parivaar.s3.ap-south-1.amazonaws.com/Documents/1/65c07cd8001f5.xlsx',1,NULL,1,NULL,'2024-02-05 06:14:48','2024-02-05 06:14:48',NULL);
/*!40000 ALTER TABLE `documents` ENABLE KEYS */;
UNLOCK TABLES;

--
-- Table structure for table `expense_attachments`
--

DROP TABLE IF EXISTS `expense_attachments`;
/*!40101 SET @saved_cs_client     = @@character_set_client */;
/*!50503 SET character_set_client = utf8mb4 */;
CREATE TABLE `expense_attachments` (
  `id` bigint(20) NOT NULL AUTO_INCREMENT,
  `expense_id` bigint(20) NOT NULL,
  `attachment_path` text,
  `created_at` timestamp NOT NULL DEFAULT CURRENT_TIMESTAMP,
  `updated_at` timestamp NOT NULL DEFAULT CURRENT_TIMESTAMP ON UPDATE CURRENT_TIMESTAMP,
  PRIMARY KEY (`id`)
) ENGINE=InnoDB DEFAULT CHARSET=utf8mb4;
/*!40101 SET character_set_client = @saved_cs_client */;

--
-- Dumping data for table `expense_attachments`
--

LOCK TABLES `expense_attachments` WRITE;
/*!40000 ALTER TABLE `expense_attachments` DISABLE KEYS */;
/*!40000 ALTER TABLE `expense_attachments` ENABLE KEYS */;
UNLOCK TABLES;

--
-- Table structure for table `expense_entries`
--

DROP TABLE IF EXISTS `expense_entries`;
/*!40101 SET @saved_cs_client     = @@character_set_client */;
/*!50503 SET character_set_client = utf8mb4 */;
CREATE TABLE `expense_entries` (
  `id` bigint(20) unsigned NOT NULL AUTO_INCREMENT,
  `user_id` bigint(20) unsigned NOT NULL,
  `ambulance_id` bigint(20) unsigned DEFAULT NULL,
  `expense_date` date DEFAULT NULL,
  `expense_type_id` bigint(20) unsigned DEFAULT NULL,
  `entry_type` varchar(255) COLLATE utf8mb4_unicode_ci DEFAULT NULL,
  `vendor_id` bigint(20) unsigned DEFAULT NULL,
  `bill_photo_path` varchar(255) COLLATE utf8mb4_unicode_ci DEFAULT NULL,
  `amount` decimal(10,2) DEFAULT NULL,
  `description` text COLLATE utf8mb4_unicode_ci,
  `km_reading` double(8,2) DEFAULT NULL,
  `claim_status` enum('Pending','Approved','Rejected') COLLATE utf8mb4_unicode_ci DEFAULT 'Pending',
  `claim_date` date DEFAULT NULL,
  `non_vendor` varchar(255) COLLATE utf8mb4_unicode_ci DEFAULT NULL,
  `fuel_type` varchar(255) COLLATE utf8mb4_unicode_ci DEFAULT NULL,
  `quantity` int(11) DEFAULT NULL,
  `rate` decimal(10,2) DEFAULT NULL,
  `reimbursement_status` enum('Pending','Approved','Rejected','Completed') COLLATE utf8mb4_unicode_ci DEFAULT 'Pending',
  `approved_by` bigint(20) unsigned DEFAULT NULL,
  `rejection_reason` varchar(255) COLLATE utf8mb4_unicode_ci DEFAULT NULL,
  `created_by` bigint(20) DEFAULT NULL,
  `updated_by` bigint(20) DEFAULT NULL,
  `created_at` timestamp NULL DEFAULT NULL,
  `updated_at` timestamp NULL DEFAULT NULL,
  `deleted_at` timestamp NULL DEFAULT NULL,
  PRIMARY KEY (`id`),
  KEY `expense_entries_user_id_foreign` (`user_id`),
  KEY `expense_entries_ambulance_id_foreign` (`ambulance_id`),
  KEY `expense_entries_expense_type_id_foreign` (`expense_type_id`),
  KEY `expense_entries_vendor_id_foreign` (`vendor_id`),
  CONSTRAINT `expense_entries_ambulance_id_foreign` FOREIGN KEY (`ambulance_id`) REFERENCES `ambulances` (`id`) ON DELETE CASCADE,
  CONSTRAINT `expense_entries_expense_type_id_foreign` FOREIGN KEY (`expense_type_id`) REFERENCES `expense_types` (`id`) ON DELETE CASCADE,
  CONSTRAINT `expense_entries_user_id_foreign` FOREIGN KEY (`user_id`) REFERENCES `users` (`id`) ON DELETE CASCADE,
  CONSTRAINT `expense_entries_vendor_id_foreign` FOREIGN KEY (`vendor_id`) REFERENCES `vendors` (`id`) ON DELETE CASCADE
) ENGINE=InnoDB AUTO_INCREMENT=35 DEFAULT CHARSET=utf8mb4 COLLATE=utf8mb4_unicode_ci;
/*!40101 SET character_set_client = @saved_cs_client */;

--
-- Dumping data for table `expense_entries`
--

LOCK TABLES `expense_entries` WRITE;
/*!40000 ALTER TABLE `expense_entries` DISABLE KEYS */;
INSERT INTO `expense_entries` VALUES (1,2,NULL,'2023-12-13',1,'Claim',1,NULL,100.00,NULL,NULL,'Approved','2023-12-14','AmbuPetrol Express',NULL,NULL,NULL,'Approved',2,'Attchment Not Available',NULL,NULL,'2023-12-14 09:07:31','2024-01-10 11:16:55',NULL),(2,1,NULL,'2023-12-13',1,'Claim',1,NULL,100.00,NULL,NULL,'Pending','2023-12-19','AmbuPetrol Express',NULL,NULL,NULL,'Pending',NULL,NULL,NULL,NULL,'2023-12-19 04:59:36','2023-12-19 04:59:36',NULL),(3,1,NULL,'2023-12-13',1,'Claim',1,NULL,100.00,NULL,NULL,'Pending','2023-12-19','AmbuPetrol Express',NULL,NULL,NULL,'Pending',NULL,NULL,NULL,NULL,'2023-12-19 07:22:21','2023-12-19 07:22:21',NULL),(4,2,1,'2023-12-13',1,'Claim',NULL,NULL,100.00,NULL,NULL,'Approved','2023-12-19','AmbuPetrol Express',NULL,NULL,NULL,'Approved',NULL,NULL,NULL,NULL,'2023-12-19 07:29:09','2024-01-10 05:42:28',NULL),(5,1,NULL,'2023-12-13',1,'Claim',1,NULL,100.00,NULL,NULL,'Pending','2023-12-19','AmbuPetrol Express',NULL,NULL,NULL,'Pending',NULL,NULL,NULL,NULL,'2023-12-19 08:56:47','2023-12-19 08:56:47',NULL),(6,1,NULL,'2023-12-13',1,'Claim',1,NULL,100.00,NULL,NULL,'Pending','2023-12-19','AmbuPetrol Express',NULL,NULL,NULL,'Pending',NULL,NULL,NULL,NULL,'2023-12-19 08:59:43','2023-12-19 08:59:43',NULL),(7,2,NULL,'2023-12-14',1,'Claim',1,NULL,100.00,NULL,NULL,'Pending','2023-12-20','AmbuPetrol Express',NULL,NULL,NULL,'Pending',NULL,NULL,NULL,NULL,'2023-12-20 12:45:06','2023-12-20 12:45:06',NULL),(8,13,1,'2023-12-13',1,'Record',1,NULL,200.00,NULL,NULL,'Pending',NULL,NULL,NULL,NULL,NULL,'Pending',NULL,NULL,NULL,NULL,'2023-12-21 09:05:49','2023-12-21 09:05:49',NULL),(9,1,1,'2023-12-13',1,'Claim',1,NULL,100.00,NULL,NULL,'Pending','2023-12-21',NULL,NULL,NULL,NULL,'Pending',NULL,NULL,NULL,NULL,'2023-12-21 11:59:47','2023-12-21 11:59:47',NULL),(10,1,1,'2023-12-13',1,'Claim',1,NULL,100.00,NULL,NULL,'Pending','2023-12-28',NULL,NULL,NULL,NULL,'Pending',NULL,NULL,NULL,NULL,'2023-12-28 09:57:44','2023-12-28 09:57:44',NULL),(11,1,1,'2023-12-13',1,'Claim',1,NULL,100.00,NULL,NULL,'Pending','2023-12-28',NULL,NULL,NULL,NULL,'Pending',NULL,NULL,NULL,NULL,'2023-12-28 11:29:44','2023-12-28 11:29:44',NULL),(18,1,1,'2023-12-13',1,'Claim',1,'https://parivaar.s3.ap-south-1.amazonaws.com/expense_attachments/18/658e6afc52f88.png',100.00,'Testing',50.00,'Pending','2023-12-29',NULL,NULL,NULL,NULL,'Pending',NULL,NULL,NULL,NULL,'2023-12-29 06:45:16','2023-12-29 06:45:16',NULL),(19,1,3,'2023-12-29',3,'Record',4,NULL,40000.00,'Hello-1',999999.99,'Pending',NULL,NULL,NULL,NULL,NULL,'Pending',NULL,NULL,NULL,NULL,'2023-12-29 07:19:58','2023-12-29 07:19:58',NULL),(20,1,3,'2023-12-29',3,'Record',4,NULL,40000.00,'Hello-1',999999.99,'Pending',NULL,NULL,NULL,NULL,NULL,'Pending',NULL,NULL,NULL,NULL,'2023-12-29 07:20:11','2023-12-29 07:20:11',NULL),(21,1,3,'2023-12-29',3,'Record',4,NULL,40000.00,'Hello-1',999999.99,'Pending',NULL,NULL,NULL,NULL,NULL,'Pending',NULL,NULL,NULL,NULL,'2023-12-29 07:20:12','2023-12-29 07:20:12',NULL),(22,1,1,'2023-12-13',1,'Record',1,NULL,5000.00,'Testing',50.00,'Approved',NULL,NULL,NULL,NULL,NULL,'Completed',NULL,NULL,NULL,NULL,'2023-12-29 07:23:27','2024-02-15 15:52:20',NULL),(23,1,2,'2023-12-30',2,'Record',3,NULL,1000.00,'Hello_3',200.00,'Pending',NULL,NULL,NULL,NULL,NULL,'Pending',NULL,NULL,NULL,NULL,'2023-12-29 08:39:34','2023-12-29 08:39:34',NULL),(24,1,2,'2023-12-29',2,'Record',2,NULL,100.00,'Helo_4',100.00,'Pending',NULL,NULL,NULL,NULL,NULL,'Pending',NULL,NULL,NULL,NULL,'2023-12-29 08:46:26','2023-12-29 08:46:26',NULL),(25,1,3,'2023-12-30',3,'Record',2,NULL,101.00,'Hello_5',10.00,'Pending',NULL,NULL,NULL,NULL,NULL,'Pending',NULL,NULL,NULL,NULL,'2023-12-29 09:24:20','2023-12-29 09:24:20',NULL),(26,1,2,'2023-12-30',3,'Claim',3,NULL,500.00,'Hello_7',103.00,'Pending','2023-12-29',NULL,NULL,NULL,NULL,'Pending',NULL,NULL,NULL,NULL,'2023-12-29 09:36:02','2023-12-29 09:36:02',NULL),(27,1,2,'2023-12-31',3,'Claim',4,NULL,1001.00,'Hello_8',20.00,'Pending','2023-12-29',NULL,NULL,NULL,NULL,'Pending',NULL,NULL,NULL,NULL,'2023-12-29 09:40:20','2023-12-29 09:40:20',NULL),(28,1,1,'2023-12-13',1,'Record',1,NULL,500.00,'Testing',50.00,'Approved',NULL,NULL,NULL,NULL,NULL,'Approved',NULL,NULL,NULL,NULL,'2024-01-02 05:51:31','2024-01-30 13:38:58',NULL),(29,1,2,'2024-01-03',3,'Record',3,NULL,10.00,'Hello',2.00,'Pending',NULL,NULL,NULL,NULL,NULL,'Pending',NULL,NULL,NULL,NULL,'2024-01-02 15:08:21','2024-01-02 15:08:21',NULL),(30,1,2,'2024-01-02',2,'Claim',1,NULL,10.00,'hello_8',2.00,'Pending','2024-01-02',NULL,NULL,NULL,NULL,'Pending',NULL,NULL,NULL,NULL,'2024-01-02 15:19:37','2024-01-02 15:19:37',NULL),(31,1,1,'2023-12-04',1,'Record',1,NULL,500.00,'Testing',50.00,'Approved',NULL,NULL,NULL,NULL,NULL,'Approved',NULL,NULL,NULL,NULL,'2024-01-03 06:12:06','2024-01-29 10:03:38',NULL),(32,1,1,'2023-12-04',1,'Record',1,NULL,500.00,'Testing',50.00,'Pending',NULL,NULL,NULL,NULL,NULL,'Approved',NULL,NULL,NULL,NULL,'2024-01-03 06:52:14','2024-01-17 12:20:00',NULL),(33,1,2,'2024-01-03',2,'Record',3,NULL,10.00,'Hello_03/01/2024',1000.00,'Pending',NULL,NULL,NULL,NULL,NULL,'Pending',NULL,NULL,NULL,NULL,'2024-01-03 06:57:19','2024-01-03 06:57:19',NULL),(34,1,2,'2024-01-04',1,'Claim',1,NULL,500.00,'Desc',1235.00,'Pending','2024-01-04',NULL,NULL,NULL,NULL,'Pending',NULL,NULL,NULL,NULL,'2024-01-04 13:10:23','2024-01-04 13:10:23',NULL);
/*!40000 ALTER TABLE `expense_entries` ENABLE KEYS */;
UNLOCK TABLES;

--
-- Table structure for table `expense_types`
--

DROP TABLE IF EXISTS `expense_types`;
/*!40101 SET @saved_cs_client     = @@character_set_client */;
/*!50503 SET character_set_client = utf8mb4 */;
CREATE TABLE `expense_types` (
  `id` bigint(20) unsigned NOT NULL AUTO_INCREMENT,
  `name` varchar(255) COLLATE utf8mb4_unicode_ci NOT NULL,
  `description` text COLLATE utf8mb4_unicode_ci,
  `created_by` bigint(20) unsigned DEFAULT NULL,
  `updated_by` bigint(20) unsigned DEFAULT NULL,
  `created_at` timestamp NULL DEFAULT NULL,
  `updated_at` timestamp NULL DEFAULT NULL,
  `deleted_at` timestamp NULL DEFAULT NULL,
  PRIMARY KEY (`id`)
) ENGINE=InnoDB AUTO_INCREMENT=4 DEFAULT CHARSET=utf8mb4 COLLATE=utf8mb4_unicode_ci;
/*!40101 SET character_set_client = @saved_cs_client */;

--
-- Dumping data for table `expense_types`
--

LOCK TABLES `expense_types` WRITE;
/*!40000 ALTER TABLE `expense_types` DISABLE KEYS */;
INSERT INTO `expense_types` VALUES (1,'Fuel','Fuel expenses for the ambulance',1,NULL,NULL,NULL,NULL),(2,'Maintenance','Maintenance expenses for the ambulance',1,NULL,NULL,NULL,NULL),(3,'Insurance','Insurance expenses for the ambulance',1,NULL,NULL,NULL,NULL);
/*!40000 ALTER TABLE `expense_types` ENABLE KEYS */;
UNLOCK TABLES;

--
-- Table structure for table `field_of_study_types`
--

DROP TABLE IF EXISTS `field_of_study_types`;
/*!40101 SET @saved_cs_client     = @@character_set_client */;
/*!50503 SET character_set_client = utf8mb4 */;
CREATE TABLE `field_of_study_types` (
  `id` bigint(20) unsigned NOT NULL AUTO_INCREMENT,
  `type` varchar(250) COLLATE utf8mb4_unicode_ci NOT NULL,
  `created_at` timestamp NOT NULL DEFAULT CURRENT_TIMESTAMP,
  `updated_at` timestamp NOT NULL DEFAULT CURRENT_TIMESTAMP,
  PRIMARY KEY (`id`)
) ENGINE=InnoDB AUTO_INCREMENT=5 DEFAULT CHARSET=utf8mb4 COLLATE=utf8mb4_unicode_ci;
/*!40101 SET character_set_client = @saved_cs_client */;

--
-- Dumping data for table `field_of_study_types`
--

LOCK TABLES `field_of_study_types` WRITE;
/*!40000 ALTER TABLE `field_of_study_types` DISABLE KEYS */;
INSERT INTO `field_of_study_types` VALUES (2,'Engineering','2023-12-11 06:56:01','2023-12-11 06:56:01'),(3,'Computer Science','2023-12-11 06:56:01','2023-12-11 06:56:01'),(4,'Business','2023-12-11 06:56:01','2023-12-11 06:56:01');
/*!40000 ALTER TABLE `field_of_study_types` ENABLE KEYS */;
UNLOCK TABLES;

--
-- Table structure for table `folder_permission_categories`
--

DROP TABLE IF EXISTS `folder_permission_categories`;
/*!40101 SET @saved_cs_client     = @@character_set_client */;
/*!50503 SET character_set_client = utf8mb4 */;
CREATE TABLE `folder_permission_categories` (
  `id` bigint(20) NOT NULL AUTO_INCREMENT,
  `category_name` varchar(100) NOT NULL,
  `created_by` bigint(20) DEFAULT NULL,
  `updated_by` bigint(20) DEFAULT NULL,
  `created_at` timestamp NOT NULL DEFAULT CURRENT_TIMESTAMP,
  `updated_at` timestamp NOT NULL DEFAULT CURRENT_TIMESTAMP ON UPDATE CURRENT_TIMESTAMP,
  PRIMARY KEY (`id`)
) ENGINE=InnoDB AUTO_INCREMENT=11 DEFAULT CHARSET=latin1;
/*!40101 SET character_set_client = @saved_cs_client */;

--
-- Dumping data for table `folder_permission_categories`
--

LOCK TABLES `folder_permission_categories` WRITE;
/*!40000 ALTER TABLE `folder_permission_categories` DISABLE KEYS */;
INSERT INTO `folder_permission_categories` VALUES (6,'View Folder',1,NULL,'2024-02-16 12:35:12','2024-02-16 12:35:12'),(7,'Rename Folder',1,NULL,'2024-02-16 12:35:12','2024-02-16 12:35:12'),(8,'Delete Folder',1,NULL,'2024-02-16 12:35:12','2024-02-16 12:35:12'),(9,'Upload Document',1,NULL,'2024-02-16 12:35:12','2024-02-16 12:35:12'),(10,'Delete Document',1,NULL,'2024-02-16 12:35:12','2024-02-16 12:35:12');
/*!40000 ALTER TABLE `folder_permission_categories` ENABLE KEYS */;
UNLOCK TABLES;

--
-- Table structure for table `folder_role_permissions`
--

DROP TABLE IF EXISTS `folder_role_permissions`;
/*!40101 SET @saved_cs_client     = @@character_set_client */;
/*!50503 SET character_set_client = utf8mb4 */;
CREATE TABLE `folder_role_permissions` (
  `id` bigint(20) NOT NULL AUTO_INCREMENT,
  `role_id` bigint(20) NOT NULL,
  `folder_id` bigint(20) NOT NULL,
  `permission_category_id` bigint(20) NOT NULL,
  `created_by` bigint(20) DEFAULT NULL,
  `updated_by` int(20) DEFAULT NULL,
  `created_at` timestamp NOT NULL DEFAULT CURRENT_TIMESTAMP,
  `updated_at` timestamp NOT NULL DEFAULT CURRENT_TIMESTAMP ON UPDATE CURRENT_TIMESTAMP,
  PRIMARY KEY (`id`)
) ENGINE=InnoDB DEFAULT CHARSET=latin1;
/*!40101 SET character_set_client = @saved_cs_client */;

--
-- Dumping data for table `folder_role_permissions`
--

LOCK TABLES `folder_role_permissions` WRITE;
/*!40000 ALTER TABLE `folder_role_permissions` DISABLE KEYS */;
/*!40000 ALTER TABLE `folder_role_permissions` ENABLE KEYS */;
UNLOCK TABLES;

--
-- Table structure for table `folders`
--

DROP TABLE IF EXISTS `folders`;
/*!40101 SET @saved_cs_client     = @@character_set_client */;
/*!50503 SET character_set_client = utf8mb4 */;
CREATE TABLE `folders` (
  `id` bigint(20) unsigned NOT NULL AUTO_INCREMENT,
  `name` varchar(255) COLLATE utf8mb4_unicode_ci NOT NULL,
  `user_id` bigint(20) unsigned DEFAULT NULL,
  `parent_folder_id` bigint(20) unsigned DEFAULT NULL,
  `created_by` bigint(20) unsigned DEFAULT NULL,
  `updated_by` bigint(20) unsigned DEFAULT NULL,
  `created_at` timestamp NULL DEFAULT NULL,
  `updated_at` timestamp NULL DEFAULT NULL,
  `deleted_at` timestamp NULL DEFAULT NULL,
  PRIMARY KEY (`id`),
  KEY `folders_user_id_foreign` (`user_id`),
  CONSTRAINT `folders_user_id_foreign` FOREIGN KEY (`user_id`) REFERENCES `users` (`id`) ON DELETE CASCADE
) ENGINE=InnoDB AUTO_INCREMENT=2 DEFAULT CHARSET=utf8mb4 COLLATE=utf8mb4_unicode_ci;
/*!40101 SET character_set_client = @saved_cs_client */;

--
-- Dumping data for table `folders`
--

LOCK TABLES `folders` WRITE;
/*!40000 ALTER TABLE `folders` DISABLE KEYS */;
INSERT INTO `folders` VALUES (1,'Ambulance MP 09  9876',NULL,NULL,1,NULL,NULL,'2024-02-14 20:17:42',NULL);
/*!40000 ALTER TABLE `folders` ENABLE KEYS */;
UNLOCK TABLES;

--
-- Table structure for table `highest_qualification_types`
--

DROP TABLE IF EXISTS `highest_qualification_types`;
/*!40101 SET @saved_cs_client     = @@character_set_client */;
/*!50503 SET character_set_client = utf8mb4 */;
CREATE TABLE `highest_qualification_types` (
  `id` bigint(20) unsigned NOT NULL AUTO_INCREMENT,
  `type` varchar(250) COLLATE utf8mb4_unicode_ci NOT NULL,
  `created_at` timestamp NOT NULL DEFAULT CURRENT_TIMESTAMP,
  `updated_at` timestamp NOT NULL DEFAULT CURRENT_TIMESTAMP,
  PRIMARY KEY (`id`)
) ENGINE=InnoDB AUTO_INCREMENT=4 DEFAULT CHARSET=utf8mb4 COLLATE=utf8mb4_unicode_ci;
/*!40101 SET character_set_client = @saved_cs_client */;

--
-- Dumping data for table `highest_qualification_types`
--

LOCK TABLES `highest_qualification_types` WRITE;
/*!40000 ALTER TABLE `highest_qualification_types` DISABLE KEYS */;
INSERT INTO `highest_qualification_types` VALUES (1,'10th Grade','2023-12-11 06:58:36','2023-12-11 06:58:36'),(2,'12th Grade','2023-12-11 06:58:36','2023-12-11 06:58:36'),(3,'Graduation','2023-12-11 06:58:36','2023-12-11 06:58:36');
/*!40000 ALTER TABLE `highest_qualification_types` ENABLE KEYS */;
UNLOCK TABLES;

--
-- Table structure for table `holidays`
--

DROP TABLE IF EXISTS `holidays`;
/*!40101 SET @saved_cs_client     = @@character_set_client */;
/*!50503 SET character_set_client = utf8mb4 */;
CREATE TABLE `holidays` (
  `id` bigint(20) unsigned NOT NULL AUTO_INCREMENT,
  `name` varchar(255) COLLATE utf8mb4_unicode_ci NOT NULL,
  `date` date NOT NULL,
  `description` text COLLATE utf8mb4_unicode_ci,
  `created_by` bigint(20) unsigned DEFAULT NULL,
  `updated_by` bigint(20) unsigned DEFAULT NULL,
  `created_at` timestamp NULL DEFAULT CURRENT_TIMESTAMP,
  `updated_at` timestamp NULL DEFAULT CURRENT_TIMESTAMP ON UPDATE CURRENT_TIMESTAMP,
  `deleted_at` timestamp NULL DEFAULT NULL,
  PRIMARY KEY (`id`)
) ENGINE=InnoDB AUTO_INCREMENT=30 DEFAULT CHARSET=utf8mb4 COLLATE=utf8mb4_unicode_ci;
/*!40101 SET character_set_client = @saved_cs_client */;

--
-- Dumping data for table `holidays`
--

LOCK TABLES `holidays` WRITE;
/*!40000 ALTER TABLE `holidays` DISABLE KEYS */;
INSERT INTO `holidays` VALUES (19,'name','0000-00-00','description',1,NULL,'2024-01-03 05:38:20','2024-01-03 05:38:20',NULL),(20,'Makar sakranti','2024-01-14','',1,NULL,'2024-01-03 05:38:20','2024-01-03 05:38:20',NULL),(21,'holi','2024-03-28','',1,NULL,'2024-01-03 05:38:20','2024-01-03 05:38:20',NULL),(22,'raksha bandhan','2024-08-10','',1,NULL,'2024-01-03 05:38:20','2024-01-03 05:38:20',NULL),(23,'Independence day','2024-08-15','halfday',1,NULL,'2024-01-03 05:38:20','2024-01-03 05:38:20',NULL),(24,'Diwali','2024-11-14','',1,NULL,'2024-01-03 05:38:20','2024-01-03 05:38:20',NULL),(25,'name','0000-00-00','description',1,NULL,'2024-01-03 08:43:10','2024-01-03 08:43:10',NULL),(28,'test3 holiday','2024-02-20','description',1,NULL,'2024-01-03 08:43:10','2024-01-03 08:43:10',NULL),(29,'makar sakranti','2023-01-14','',1,NULL,'2024-01-10 05:45:58','2024-01-10 05:45:58',NULL);
/*!40000 ALTER TABLE `holidays` ENABLE KEYS */;
UNLOCK TABLES;

--
-- Table structure for table `inventory_managements`
--

DROP TABLE IF EXISTS `inventory_managements`;
/*!40101 SET @saved_cs_client     = @@character_set_client */;
/*!50503 SET character_set_client = utf8mb4 */;
CREATE TABLE `inventory_managements` (
  `id` bigint(20) NOT NULL AUTO_INCREMENT,
  `inventory_id` bigint(20) NOT NULL,
  `type` enum('Added','Consumed') NOT NULL DEFAULT 'Added',
  `quantity` int(20) NOT NULL,
  `unit_of_measurement` varchar(100) NOT NULL,
  `date` date DEFAULT NULL,
  `created_by` bigint(20) NOT NULL,
  `created_at` timestamp NOT NULL DEFAULT CURRENT_TIMESTAMP,
  `updated_at` timestamp NOT NULL DEFAULT CURRENT_TIMESTAMP ON UPDATE CURRENT_TIMESTAMP,
  `deleted_at` timestamp NULL DEFAULT NULL,
  PRIMARY KEY (`id`)
) ENGINE=InnoDB AUTO_INCREMENT=19 DEFAULT CHARSET=utf8mb4;
/*!40101 SET character_set_client = @saved_cs_client */;

--
-- Dumping data for table `inventory_managements`
--

LOCK TABLES `inventory_managements` WRITE;
/*!40000 ALTER TABLE `inventory_managements` DISABLE KEYS */;
INSERT INTO `inventory_managements` VALUES (12,7,'Added',1,'units',NULL,1,'2024-01-09 16:00:54','2024-01-09 16:00:54',NULL),(13,7,'Consumed',1,'units',NULL,1,'2024-01-09 16:01:13','2024-01-09 16:01:13',NULL),(14,5,'Consumed',4,'Litre',NULL,1,'2024-01-10 05:26:46','2024-01-10 05:26:46',NULL),(15,5,'Consumed',2,'Litre',NULL,1,'2024-01-10 05:44:15','2024-01-10 05:44:15',NULL),(16,7,'Added',1,'units','2024-01-10',1,'2024-01-10 13:19:11','2024-01-10 13:19:11',NULL),(17,8,'Added',5,'Each','2023-12-12',8,'2024-01-10 13:54:27','2024-01-10 13:54:27',NULL),(18,8,'Consumed',1,'Each','2023-12-12',8,'2024-01-10 13:55:42','2024-01-10 13:55:42',NULL);
/*!40000 ALTER TABLE `inventory_managements` ENABLE KEYS */;
UNLOCK TABLES;

--
-- Table structure for table `leave_types`
--

DROP TABLE IF EXISTS `leave_types`;
/*!40101 SET @saved_cs_client     = @@character_set_client */;
/*!50503 SET character_set_client = utf8mb4 */;
CREATE TABLE `leave_types` (
  `id` bigint(20) unsigned NOT NULL AUTO_INCREMENT,
  `name` varchar(255) COLLATE utf8mb4_unicode_ci NOT NULL,
  `description` text COLLATE utf8mb4_unicode_ci,
  `created_by` bigint(20) unsigned DEFAULT NULL,
  `updated_by` bigint(20) unsigned DEFAULT NULL,
  `created_at` timestamp NULL DEFAULT NULL,
  `updated_at` timestamp NULL DEFAULT NULL,
  `deleted_at` timestamp NULL DEFAULT NULL,
  PRIMARY KEY (`id`)
) ENGINE=InnoDB AUTO_INCREMENT=3 DEFAULT CHARSET=utf8mb4 COLLATE=utf8mb4_unicode_ci;
/*!40101 SET character_set_client = @saved_cs_client */;

--
-- Dumping data for table `leave_types`
--

LOCK TABLES `leave_types` WRITE;
/*!40000 ALTER TABLE `leave_types` DISABLE KEYS */;
INSERT INTO `leave_types` VALUES (2,'Sick Leave',NULL,NULL,NULL,NULL,NULL,NULL);
/*!40000 ALTER TABLE `leave_types` ENABLE KEYS */;
UNLOCK TABLES;

--
-- Table structure for table `leaves`
--

DROP TABLE IF EXISTS `leaves`;
/*!40101 SET @saved_cs_client     = @@character_set_client */;
/*!50503 SET character_set_client = utf8mb4 */;
CREATE TABLE `leaves` (
  `id` bigint(20) unsigned NOT NULL AUTO_INCREMENT,
  `user_id` bigint(20) unsigned NOT NULL,
  `leave_type_id` bigint(20) unsigned NOT NULL,
  `from_date` date NOT NULL,
  `to_date` date NOT NULL,
  `applying_to` bigint(20) unsigned NOT NULL,
  `leave_reason` text COLLATE utf8mb4_unicode_ci NOT NULL,
  `reject_reason` text COLLATE utf8mb4_unicode_ci,
  `attachment` varchar(255) COLLATE utf8mb4_unicode_ci DEFAULT NULL,
  `status` enum('pending','approved','rejected') COLLATE utf8mb4_unicode_ci NOT NULL DEFAULT 'pending',
  `approved_by` bigint(20) unsigned DEFAULT NULL,
  `approved_on` date DEFAULT NULL,
  `created_by` bigint(20) unsigned DEFAULT NULL,
  `updated_by` bigint(20) unsigned DEFAULT NULL,
  `created_at` timestamp NULL DEFAULT NULL,
  `updated_at` timestamp NULL DEFAULT NULL,
  `deleted_at` timestamp NULL DEFAULT NULL,
  PRIMARY KEY (`id`),
  KEY `leaves_user_id_foreign` (`user_id`),
  KEY `leaves_leave_type_id_foreign` (`leave_type_id`),
  CONSTRAINT `leaves_leave_type_id_foreign` FOREIGN KEY (`leave_type_id`) REFERENCES `leave_types` (`id`) ON DELETE CASCADE,
  CONSTRAINT `leaves_user_id_foreign` FOREIGN KEY (`user_id`) REFERENCES `users` (`id`) ON DELETE CASCADE
) ENGINE=InnoDB AUTO_INCREMENT=22 DEFAULT CHARSET=utf8mb4 COLLATE=utf8mb4_unicode_ci;
/*!40101 SET character_set_client = @saved_cs_client */;

--
-- Dumping data for table `leaves`
--

LOCK TABLES `leaves` WRITE;
/*!40000 ALTER TABLE `leaves` DISABLE KEYS */;
INSERT INTO `leaves` VALUES (1,2,2,'2023-12-20','2023-12-20',1,'',NULL,'https://parivaar.s3.ap-south-1.amazonaws.com/leave_attachments/1/65793f97367d7.PNG','approved',NULL,NULL,NULL,NULL,'2023-12-13 05:22:31','2023-12-13 05:22:31',NULL),(16,6,2,'2023-12-20','2023-12-20',1,'',NULL,NULL,'approved',1,'2024-01-10',NULL,1,'2023-12-15 10:33:44','2024-01-10 05:40:29',NULL),(17,2,2,'2023-12-20','2023-12-20',1,'',NULL,NULL,'approved',1,'2024-01-02',NULL,1,'2023-12-15 10:43:26','2024-01-02 06:08:18',NULL),(19,6,2,'2023-12-25','2023-12-25',1,'Due to urgent work','dgfchvjjb',NULL,'rejected',NULL,NULL,NULL,1,'2023-12-18 09:18:55','2024-01-10 05:40:45',NULL),(20,6,2,'2023-12-15','2023-12-15',1,'Due to urgent work',NULL,NULL,'approved',1,'2024-01-06',NULL,1,'2023-12-18 09:20:02','2024-01-06 09:00:53',NULL),(21,8,2,'2024-02-14','2024-02-14',2,'Due to headache taken leave',NULL,NULL,'approved',1,'2024-02-14',1,1,'2024-02-14 13:27:41','2024-02-14 13:29:32',NULL);
/*!40000 ALTER TABLE `leaves` ENABLE KEYS */;
UNLOCK TABLES;

--
-- Table structure for table `migrations`
--

DROP TABLE IF EXISTS `migrations`;
/*!40101 SET @saved_cs_client     = @@character_set_client */;
/*!50503 SET character_set_client = utf8mb4 */;
CREATE TABLE `migrations` (
  `id` int(10) unsigned NOT NULL AUTO_INCREMENT,
  `migration` varchar(255) COLLATE utf8mb4_unicode_ci NOT NULL,
  `batch` int(11) NOT NULL,
  PRIMARY KEY (`id`)
) ENGINE=InnoDB AUTO_INCREMENT=44 DEFAULT CHARSET=utf8mb4 COLLATE=utf8mb4_unicode_ci;
/*!40101 SET character_set_client = @saved_cs_client */;

--
-- Dumping data for table `migrations`
--

LOCK TABLES `migrations` WRITE;
/*!40000 ALTER TABLE `migrations` DISABLE KEYS */;
INSERT INTO `migrations` VALUES (1,'2023_12_06_162919_create_audits_table',1),(2,'2023_12_06_162919_create_bank_lists_table',1),(3,'2023_12_06_162919_create_departments_table',1),(4,'2023_12_06_162919_create_districts_table',1),(5,'2023_12_06_162919_create_dl_types_table',1),(6,'2023_12_06_162919_create_field_of_study_types_table',1),(7,'2023_12_06_162919_create_highest_qualification_types_table',1),(8,'2023_12_06_162919_create_notifications_table',1),(9,'2023_12_06_162919_create_password_resets_table',1),(10,'2023_12_06_162919_create_permission_categories_table',1),(11,'2023_12_06_162919_create_permissions_table',1),(12,'2023_12_06_162919_create_role_permissions_table',1),(13,'2023_12_06_162919_create_roles_table',1),(14,'2023_12_06_162919_create_shift_types_table',1),(15,'2023_12_06_162919_create_states_table',1),(16,'2023_12_06_162919_create_user_notifications_table',1),(17,'2023_12_06_162919_create_users_table',1),(18,'2023_12_06_162921_add_foreign_keys_to_districts_table',1),(19,'2023_12_06_162921_add_foreign_keys_to_permissions_table',1),(20,'2023_12_06_162941_create_user_academic_details',1),(21,'2023_12_06_163618_create_user_work_experiences',1),(22,'2023_12_06_163937_create_user_bank_details',1),(23,'2023_12_06_164016_create_user_license_details',1),(24,'2023_12_06_164120_add_columns_to_users_table',1),(25,'2023_12_06_164655_create_leave_types',1),(26,'2023_12_06_164801_create_resignation_reasons',1),(27,'2023_12_06_164906_create_leaves',1),(28,'2023_12_06_164937_create_resignations',1),(29,'2023_12_06_165041_create_holidays',1),(30,'2023_12_06_165120_create_expense_types',1),(31,'2023_12_06_165240_create_salary_slips',1),(32,'2023_12_06_165452_create_tasks',1),(33,'2023_12_07_105224_create_ambulances_table',1),(34,'2023_12_07_110023_create_ambulance_details_table',1),(35,'2023_12_07_110855_create_ambulance_shifts_table',1),(36,'2023_12_08_165643_create_ambulance_inventories_table',2),(37,'2023_12_08_170256_create_villages_table',3),(38,'2023_12_08_170341_create_call_centers_table',4),(39,'2023_12_08_171013_create_attendances_table',5),(40,'2023_12_08_173129_create_vendors_table',6),(41,'2023_12_08_173232_create_expense_entries_table',7),(42,'2023_12_08_174057_create_patient_registrations_table',8),(43,'2023_12_08_185710_create_students_table',9);
/*!40000 ALTER TABLE `migrations` ENABLE KEYS */;
UNLOCK TABLES;

--
-- Table structure for table `notifications`
--

DROP TABLE IF EXISTS `notifications`;
/*!40101 SET @saved_cs_client     = @@character_set_client */;
/*!50503 SET character_set_client = utf8mb4 */;
CREATE TABLE `notifications` (
  `id` bigint(20) NOT NULL AUTO_INCREMENT,
  `related_resource_user_id` bigint(20) DEFAULT NULL,
  `related_resource_id` bigint(20) NOT NULL,
  `related_resource_type` text COLLATE utf8mb4_unicode_ci,
  `notification_title` varchar(250) COLLATE utf8mb4_unicode_ci DEFAULT NULL,
  `notification_description` varchar(250) COLLATE utf8mb4_unicode_ci DEFAULT NULL,
  `created_by` bigint(20) DEFAULT NULL,
  `read_at` timestamp NULL DEFAULT NULL,
  `created_at` timestamp NOT NULL DEFAULT CURRENT_TIMESTAMP,
  `updated_at` timestamp NOT NULL DEFAULT CURRENT_TIMESTAMP ON UPDATE CURRENT_TIMESTAMP,
  PRIMARY KEY (`id`)
) ENGINE=InnoDB AUTO_INCREMENT=15 DEFAULT CHARSET=utf8mb4 COLLATE=utf8mb4_unicode_ci;
/*!40101 SET character_set_client = @saved_cs_client */;

--
-- Dumping data for table `notifications`
--

LOCK TABLES `notifications` WRITE;
/*!40000 ALTER TABLE `notifications` DISABLE KEYS */;
INSERT INTO `notifications` VALUES (3,12,0,'','New Task Assignment','New Task has been assigned to you.',1,NULL,'2024-02-05 21:00:00','2024-02-05 21:00:00'),(4,20,31,'task/get-task-details/20','New Task Assignment','New Task has been assigned to you.',1,NULL,'2024-02-06 06:15:34','2024-02-06 06:18:22'),(5,20,31,'task/get-task-details/31','Task Cancelled','Your Task has been cancelled.',1,NULL,'2024-02-06 06:17:45','2024-02-06 06:17:45'),(6,12,30,'task/get-task-details/30','Task Cancelled','Your Task has been cancelled.',1,NULL,'2024-02-15 05:33:52','2024-02-15 05:33:52'),(7,1,22,'expenses/expense-details/22','Reimbursement Approved','Your Reimbursement has been approved.',1,NULL,'2024-02-15 15:52:12','2024-02-15 15:52:12'),(8,1,22,'expenses/expense-details/22','Reimbursement Completed','Your Reimbursement has been completed.',1,NULL,'2024-02-15 15:52:20','2024-02-15 15:52:20'),(9,NULL,33,'driver/view-user/33','New Driver Assignment','New Driver has been assigned to your district.',1,NULL,'2024-02-15 17:15:57','2024-02-15 17:15:57'),(10,NULL,34,'driver/view-user/34','New Driver Assignment','New Driver has been assigned to your district.',1,NULL,'2024-02-15 17:52:21','2024-02-15 17:52:21'),(11,NULL,35,'driver/view-user/35','New Driver Assignment','New Driver has been assigned to your district.',1,NULL,'2024-02-16 05:43:14','2024-02-16 05:43:14'),(12,34,34,'','Profile Verified','Your profile has been verified.',1,NULL,'2024-02-16 05:45:27','2024-02-16 05:45:27'),(13,NULL,36,'attendant/view-user/36','New Attendant Assignment','New Attendant has been assigned to your district.',1,NULL,'2024-02-16 06:05:24','2024-02-16 06:05:24'),(14,38,39,'driver/view-user/39','New Driver Assignment','New Driver has been assigned to your district.',1,NULL,'2024-02-20 06:24:00','2024-02-20 06:24:00');
/*!40000 ALTER TABLE `notifications` ENABLE KEYS */;
UNLOCK TABLES;

--
-- Table structure for table `oauth_access_tokens`
--

DROP TABLE IF EXISTS `oauth_access_tokens`;
/*!40101 SET @saved_cs_client     = @@character_set_client */;
/*!50503 SET character_set_client = utf8mb4 */;
CREATE TABLE `oauth_access_tokens` (
  `id` varchar(100) COLLATE utf8mb4_unicode_ci NOT NULL,
  `user_id` bigint(20) unsigned DEFAULT NULL,
  `client_id` bigint(20) unsigned NOT NULL,
  `name` varchar(255) COLLATE utf8mb4_unicode_ci DEFAULT NULL,
  `scopes` text COLLATE utf8mb4_unicode_ci,
  `revoked` tinyint(1) NOT NULL,
  `created_at` timestamp NULL DEFAULT NULL,
  `updated_at` timestamp NULL DEFAULT NULL,
  `expires_at` datetime DEFAULT NULL
) ENGINE=InnoDB DEFAULT CHARSET=utf8mb4 COLLATE=utf8mb4_unicode_ci;
/*!40101 SET character_set_client = @saved_cs_client */;

--
-- Dumping data for table `oauth_access_tokens`
--

LOCK TABLES `oauth_access_tokens` WRITE;
/*!40000 ALTER TABLE `oauth_access_tokens` DISABLE KEYS */;
INSERT INTO `oauth_access_tokens` VALUES ('13875969c9fc2ca8b38e2dc8202ab73ad6f26c5199a7931acb07e434eb1c53b42022698e914e4f77',9,0,'MyApp','[]',0,'2023-12-19 09:25:01','2023-12-19 09:25:01','2024-12-19 14:55:01'),('c92b6e90c3c583679e2ab29540b2fed51beeb25f890989207cb17f05662a8c42b82156e4530a6629',13,0,'MyApp','[]',0,'2023-12-21 06:35:37','2023-12-21 06:35:37','2024-12-21 12:05:37'),('6628191631c49192e1cf4cf68fe44dabb925ba37787e148ab8336149abae9e3f256e089b72f95403',13,0,'MyApp','[]',0,'2023-12-21 08:47:28','2023-12-21 08:47:28','2024-12-21 14:17:28'),('56152781099e8d571d7b95970d5e29569a96c4bfd3827454fa62b54642197899291941ba4c14502c',13,0,'MyApp','[]',0,'2023-12-21 09:21:16','2023-12-21 09:21:16','2024-12-21 14:51:16'),('00f8f95faf6ab206ffd94b3b8d066793e80b0323055d326104ba4e58c63d1030b3b1a75d278d3c4c',1,0,'MyApp','[]',0,'2023-12-25 06:35:57','2023-12-25 06:35:57','2024-12-25 12:05:57'),('ab292fa00b76c8260f862ebe34f5575ba7d39262f06d78a04c07c7b9a229c78b46d5e5404d8d2a6a',1,0,'MyApp','[]',0,'2023-12-25 07:36:03','2023-12-25 07:36:03','2024-12-25 13:06:03'),('88205f0b4f20fb16c511ff17613983f01664764d0e9a7084c076aabbf887454a8c8c4c9a3d6e85e2',1,0,'MyApp','[]',0,'2023-12-26 10:53:00','2023-12-26 10:53:00','2024-12-26 16:23:00'),('cf7ca9ff978695fcde1e5617ae0474abaa99e04037291b7c5b88a0d6eae4534255b67c22692ec891',1,0,'MyApp','[]',0,'2023-12-26 11:03:10','2023-12-26 11:03:10','2024-12-26 16:33:10'),('727a3825a0d476e0f5aa468ed0335ba4f0e8eb87fcb6fd159e5cbaf3959b2aa1bec7406a2202dcee',2,0,'MyApp','[]',0,'2023-12-28 14:40:38','2023-12-28 14:40:38','2024-12-28 20:10:38'),('c4b7b4cdccf4011fff4172ee255eeddd49b8f3f475b37f7d079b84f1bff39a52e04351c8843ef6d7',2,0,'MyApp','[]',0,'2023-12-28 18:10:12','2023-12-28 18:10:12','2024-12-28 23:40:12'),('79ca9092adf87b4046ed11eae0c5c6780c8345b3856489242b62d043f1fc9b944ad926e089e923af',2,0,'MyApp','[]',0,'2023-12-28 18:11:52','2023-12-28 18:11:52','2024-12-28 23:41:52'),('ae4518f4b6bea3ece60804b9137cf5480748fa50e6a3f5c411bdb5f57355f64d304ba321c343e40c',2,0,'MyApp','[]',0,'2023-12-29 04:49:25','2023-12-29 04:49:25','2024-12-29 10:19:25'),('85df38ba81fc9022611c16fd36e3e9dcfc7e19738570fb491f343d06e536288fad2ac47277497426',2,0,'MyApp','[]',0,'2023-12-29 04:49:49','2023-12-29 04:49:49','2024-12-29 10:19:49'),('1c8439681950c91e412cfa8159267cbd8b95bec446321c003bec575129fbaa5e1c1ba1cce66b702b',2,0,'MyApp','[]',0,'2023-12-29 05:51:11','2023-12-29 05:51:11','2024-12-29 11:21:11'),('4605f285bfcc9158a636cf78aedca2b523faca8d138c1752947e083a98093f49c79b548886a6d571',2,0,'MyApp','[]',0,'2023-12-29 06:16:45','2023-12-29 06:16:45','2024-12-29 11:46:45'),('29470e43ba40c13dffecbd89e1ddbffd2683077e445cc0b1e343ac8bcf950b8919506fff6ee1cdea',2,0,'MyApp','[]',0,'2024-01-02 07:18:17','2024-01-02 07:18:17','2025-01-02 12:48:17'),('59b2fc9e09e1677b75ec794c1d0c2378d322200d17b860d656247cd7b32911a1934e5a9774ee0bea',2,0,'MyApp','[]',0,'2024-01-02 08:37:46','2024-01-02 08:37:46','2025-01-02 14:07:46'),('ef1443dc26ec0251b67eda47187765312b660282269ceb4d3c8421ba78d5a939ccf7e20e6367631a',2,0,'MyApp','[]',0,'2024-01-02 11:12:17','2024-01-02 11:12:17','2025-01-02 16:42:17'),('7062853308c93945737702e6d55d346a54bb8c2db34b16a52f589a1092296f043391042fa1175491',2,0,'MyApp','[]',0,'2024-01-03 06:12:13','2024-01-03 06:12:13','2025-01-03 11:42:13'),('099a58b92c82d334269b3617db451630127f25dfba636f9b62f6a4d378cef9bb6c93eef75b6fe31d',13,0,'MyApp','[]',0,'2024-01-03 06:34:32','2024-01-03 06:34:32','2025-01-03 12:04:32'),('15f2319650497b44efff072160ff388daca8e3d04d09a6acf8776f30e69f0859738acbc881604d37',14,0,'MyApp','[]',0,'2024-01-03 08:04:34','2024-01-03 08:04:34','2025-01-03 13:34:34'),('3fbd86ae9ffbc13ab69d6a587365779a0c9b6b59e70c7ae078380e6885f8d25e0432290a21d3dd29',14,0,'MyApp','[]',0,'2024-01-03 08:08:16','2024-01-03 08:08:16','2025-01-03 13:38:16'),('e6709bc3093a39c91d1f094b7a95f384d8e9088e8589c204a5a67ab914cddc6a1a7cd5be587b92e3',14,0,'MyApp','[]',0,'2024-01-03 08:20:27','2024-01-03 08:20:27','2025-01-03 13:50:27'),('ce65d78d4b1ed370065a5d6db22b246e74719a46ceea950fbd9317a1ddcb010a3bf1c7435fb7be74',14,0,'MyApp','[]',0,'2024-01-03 08:20:50','2024-01-03 08:20:50','2025-01-03 13:50:50'),('eb04ddc9fa7b2fbdb2e815ce1a54714a1731e7d6f4f9b70b2222117f71273fceca7aa62286b5a49c',14,0,'MyApp','[]',0,'2024-01-03 08:21:01','2024-01-03 08:21:01','2025-01-03 13:51:01'),('0540a61541cd8bf8cde5a638472d6e2f3cc44408b645a5ceaacc5e0f3345154e065663b2d235ac56',14,0,'MyApp','[]',0,'2024-01-03 08:33:07','2024-01-03 08:33:07','2025-01-03 14:03:07'),('ec929d112f4ba8114537ab02de99d4c72b50be69859b0eacb98929dba81cff6d7f20ab5699c8a16e',14,0,'MyApp','[]',1,'2024-01-03 08:33:29','2024-01-03 08:33:29','2025-01-03 14:03:29'),('8af3d643ede8f828e45e6cd408f9d91d2b71cd1248c2e0a5554553ce08ce929f64af7ea09e003386',14,0,'MyApp','[]',0,'2024-01-03 08:38:13','2024-01-03 08:38:13','2025-01-03 14:08:13'),('5d9f894e3f24f697a2ff45255cdc2a86f640e0256eac6e926acd85958f7ff8587689ceaea6cca2e3',2,0,'MyApp','[]',0,'2024-01-03 08:43:46','2024-01-03 08:43:46','2025-01-03 14:13:46'),('98aed20c1a96caeba852803406c21a1dbed36a5353dd561ddde683b63aee9d5992328db7b5d523cf',14,0,'MyApp','[]',0,'2024-01-03 09:12:56','2024-01-03 09:12:56','2025-01-03 14:42:56'),('b225bfda292cc685a33b5cd760b90fb2a7be3e6f7105ffc9bcb60c1694b5968946e409da854b4adb',14,0,'MyApp','[]',0,'2024-01-03 09:33:17','2024-01-03 09:33:17','2025-01-03 15:03:17'),('c1060ea486b16230f39b742bc70a3fa85a4fc76aa8fd3e4cfd80071f83c4665b276af911ae6d04fc',14,0,'MyApp','[]',0,'2024-01-03 09:33:17','2024-01-03 09:33:17','2025-01-03 15:03:17'),('32cd256c75e28e04a4d5525085eaf8e8c5fb071e7443e143191f54542ed26442e052adf264e5d9d7',14,0,'MyApp','[]',0,'2024-01-03 09:38:08','2024-01-03 09:38:08','2025-01-03 15:08:08'),('5e6c61432c129fcd6c0cb33213a13e9511f381eaba928fdd15a42a716845a5a1d3676f8e3ac17896',14,0,'MyApp','[]',0,'2024-01-03 09:39:49','2024-01-03 09:39:49','2025-01-03 15:09:49'),('4a40b7abf5166dbaf3ad1907c8492c1b08b305ce633ee7a34cef073f006ef65b563452d0e56fe957',14,0,'MyApp','[]',0,'2024-01-03 09:40:05','2024-01-03 09:40:05','2025-01-03 15:10:05'),('c70be4b48e031101440761dfca4e304d19ee0bbdcf49b27a30f556e75eb06385443a1c3be49f16a5',14,0,'MyApp','[]',0,'2024-01-03 09:41:15','2024-01-03 09:41:15','2025-01-03 15:11:15'),('7d1633e4dce43454e85d2472395050514d7c80c9d57c5d07a6e8854600bbe69c881cb98b3e2afea7',14,0,'MyApp','[]',0,'2024-01-03 09:41:15','2024-01-03 09:41:15','2025-01-03 15:11:15'),('7d74c3ebfb2e55da29a6db5456ff1f396b4630b6d45176132556c682d761dc415f166a9bf5725c31',14,0,'MyApp','[]',0,'2024-01-03 09:49:13','2024-01-03 09:49:13','2025-01-03 15:19:13'),('0b8c4facc70fbe20efdb191ad082ae03a222ea034f2a1d922a09f4227f689c06eb60248f9314fc24',14,0,'MyApp','[]',0,'2024-01-03 10:03:34','2024-01-03 10:03:34','2025-01-03 15:33:34'),('150573d281a2f7c0424fc7de22f8e3052c7f28ad3fdf93bc5b67e28bf394dcf390eda98fc8510c27',14,0,'MyApp','[]',0,'2024-01-03 10:03:58','2024-01-03 10:03:58','2025-01-03 15:33:58'),('0e3f2648e7d2b516d06d9c4c518eb1316974e06562f26c25576a0781b59af83e94aa0394608ee3ca',14,0,'MyApp','[]',0,'2024-01-03 10:04:09','2024-01-03 10:04:09','2025-01-03 15:34:09'),('30124d07b784f2f9d1e03662d3cff0c4cb9849c1904aecbba08e5aedad48d88912f0372a5e3436e5',14,0,'MyApp','[]',0,'2024-01-03 10:04:26','2024-01-03 10:04:26','2025-01-03 15:34:26'),('3fea920ca4688ab648b230722983484d9864f173e8f5e073cb19edb0b2614076ece8ef8ae8593cd8',14,0,'MyApp','[]',0,'2024-01-03 10:15:09','2024-01-03 10:15:09','2025-01-03 15:45:09'),('fc1fbe380f8de90dc00f79e4699c91547098284f0db9819b969e419e1072cd8dee97b94854705082',14,0,'MyApp','[]',0,'2024-01-03 10:44:25','2024-01-03 10:44:25','2025-01-03 16:14:25'),('fc0f7c1a9c75d78c5cdbe214320fa1e34c3ce49072ea967cb46096f2b6387c097167d81895f699ed',14,0,'MyApp','[]',0,'2024-01-03 11:12:17','2024-01-03 11:12:17','2025-01-03 16:42:17'),('4bd2d442b4d6625042bdfed00d6d4ceb29b200bdb213c242bb15d0349e69f99ff94c374b20cea370',14,0,'MyApp','[]',0,'2024-01-03 11:13:56','2024-01-03 11:13:56','2025-01-03 16:43:56'),('8ede7ee93c71ad7f685d30a04581d251ee8abd5f7d68dc35531f5a17c94713d651334cecee9a1582',14,0,'MyApp','[]',0,'2024-01-03 11:14:33','2024-01-03 11:14:33','2025-01-03 16:44:33'),('f5ea9c39a950dcbc60cdc13a32a9e8109e1da4f80c458b153bdd3ee691c1b08728eae150bbac04a1',14,0,'MyApp','[]',0,'2024-01-03 11:25:34','2024-01-03 11:25:34','2025-01-03 16:55:34'),('b4c1361a73d937668c5b31e9f39ce884c2f45c700c46f1918a872c515dd6d95c314421c876d6654b',14,0,'MyApp','[]',0,'2024-01-03 11:30:23','2024-01-03 11:30:23','2025-01-03 17:00:23'),('a5c3dfaa90fdb8a915860ea5896804b6e2987d5beb66e6730531b4d9dda8afaa01a128ef056e7e13',14,0,'MyApp','[]',0,'2024-01-03 11:31:02','2024-01-03 11:31:02','2025-01-03 17:01:02'),('4eb5a94f4ca6bf157f216571ea14add84f20f690d9be2d705b0fc5690d2c4e477b28a13f1f7e8b8b',14,0,'MyApp','[]',0,'2024-01-03 11:31:15','2024-01-03 11:31:15','2025-01-03 17:01:15'),('926774e8c6d3a2b83cc65b79ee3b52f701ae7da9aae20dfd90758f3f8aecf20e593af4218060119f',14,0,'MyApp','[]',0,'2024-01-03 11:31:57','2024-01-03 11:31:57','2025-01-03 17:01:57'),('cba97161d5a1d85be65968d5d30f03e93a5f6c1b3feb3cbb2ab3a5142a8f8a14f4081bcf76ea8784',14,0,'MyApp','[]',0,'2024-01-03 11:36:08','2024-01-03 11:36:08','2025-01-03 17:06:08'),('892ae3b7f25a935855b840a12e51d633c43cbfbb92eb739e6a49e92ca753f0968af7d58febf2d147',14,0,'MyApp','[]',1,'2024-01-03 12:04:25','2024-01-03 12:04:25','2025-01-03 17:34:25'),('9f6dab372fa6d8453f1f5255dd94801592a82c2e1577b16594945d1ee1a1d39d737b38d792fd0fb5',13,0,'MyApp','[]',0,'2024-01-03 12:12:50','2024-01-03 12:12:50','2025-01-03 17:42:50'),('911f0ee50d5a8d1740f4323a100e7b622289090185fba2f18711ee48a9ffd13685ef172269b6d3c6',2,0,'MyApp','[]',0,'2024-01-03 12:23:14','2024-01-03 12:23:14','2025-01-03 17:53:14'),('ba9eea538ff8788517180a3b28beb697224df950b02827c011ef764b7c0930a44e3064ecffc0d823',14,0,'MyApp','[]',0,'2024-01-04 05:13:59','2024-01-04 05:13:59','2025-01-04 10:43:59'),('f426ed9c7721855d5b7b4075a0c7edf34cc1ac86ad6f77b050d149ea409cdfd48bcf37a51c73e1b7',14,0,'MyApp','[]',1,'2024-01-04 05:14:20','2024-01-04 05:14:20','2025-01-04 10:44:20'),('7565b624ec87b7e822becc13f043886f746878614626644887dea9ec0b0901d4d9fbb31628e07030',14,0,'MyApp','[]',1,'2024-01-04 05:33:06','2024-01-04 05:33:06','2025-01-04 11:03:06'),('61083903cd3fffa291dde8329eab3c148edba3feca2ec621b616dfe87c6f3bfc57629857ba2c6da0',14,0,'MyApp','[]',0,'2024-01-04 05:36:47','2024-01-04 05:36:47','2025-01-04 11:06:47'),('dfa68ec41999303c857ace69a9aca5da1f5b850d0a5ce05785784c88554f93037683d0b86d047943',14,0,'MyApp','[]',0,'2024-01-04 05:37:11','2024-01-04 05:37:11','2025-01-04 11:07:11'),('26aeb857800cdbed4e2a6a2e7ae414f7ff426bca78406689874741f84a4b73b75b5971dd274ce348',14,0,'MyApp','[]',0,'2024-01-04 05:39:20','2024-01-04 05:39:20','2025-01-04 11:09:20'),('b4ef0b1a2502158c457cceec198276a509eb809ec1a049edeb2ec9b6dbf5bfdc78457cf47071461a',6,0,'MyApp','[]',0,'2024-01-04 05:39:36','2024-01-04 05:39:36','2025-01-04 11:09:36'),('42fac7bda5b666f675be48c7c62abf4ae8a830b8930a433dce1fbba6b4dad8e71f9a161d0fb75854',6,0,'MyApp','[]',0,'2024-01-04 05:40:31','2024-01-04 05:40:31','2025-01-04 11:10:31'),('06298b1bd2a20e3e51e026364250e4bd7acaaf8a375fc0af41b24e94b6a771eaa57e09a240bc4abc',14,0,'MyApp','[]',0,'2024-01-04 05:41:26','2024-01-04 05:41:26','2025-01-04 11:11:26'),('1399a5e2faff80bfec558714c960747fa403f869eb39b6b417838bad1242b60b314c5fea787f6a9b',14,0,'MyApp','[]',1,'2024-01-04 05:42:05','2024-01-04 05:42:05','2025-01-04 11:12:05'),('ad64435ca895e72a6b65c81a634969e85a84a4f3e19e4f46d9b8f16bdbe456f99218726b0abd78e9',14,0,'MyApp','[]',1,'2024-01-04 05:44:07','2024-01-04 05:44:07','2025-01-04 11:14:07'),('36030e8cb1b7f0e92064a08cee79809cb5c0e42871c30078a5d24adcaced81d74ee53afbf48f5788',2,0,'MyApp','[]',0,'2024-01-04 05:45:51','2024-01-04 05:45:51','2025-01-04 11:15:51'),('55da5cdc66ba349a748bbcb170f564acc14c502a075fb2d185c9d4dce801dfae12f0b76c108ebdfc',6,0,'MyApp','[]',0,'2024-01-04 05:46:57','2024-01-04 05:46:57','2025-01-04 11:16:57'),('5feedd93d18b60543923c3ce1472e0ed0c641dfcb62a33126c51e75dc11e2df2af49bab81f1f5808',14,0,'MyApp','[]',0,'2024-01-04 05:47:38','2024-01-04 05:47:38','2025-01-04 11:17:38'),('16f37b19fb0e584cd438a80478abf8cba7dfe8acb6bea259133ddf406d6d36f947ef3aa4f0adf252',14,0,'MyApp','[]',0,'2024-01-04 05:48:09','2024-01-04 05:48:09','2025-01-04 11:18:09'),('243147a670da043a9479c7589995b25dbb102d46ef1c761450f16b625f840c0abc26561757a6307e',6,0,'MyApp','[]',0,'2024-01-04 05:48:16','2024-01-04 05:48:16','2025-01-04 11:18:16'),('6cc6987a3eaa69782878a2c0963c1950ba1a5578547c6054773354a6713f0dd255ec507d09d9d57c',14,0,'MyApp','[]',0,'2024-01-04 05:48:39','2024-01-04 05:48:39','2025-01-04 11:18:39'),('081e4c54d1e05725cdab7e456c9c9d24429059d58f3ec806d9fad7fe97b7805dea54529356212983',2,0,'MyApp','[]',0,'2024-01-04 05:56:18','2024-01-04 05:56:18','2025-01-04 11:26:18'),('4ded09a2d4b8fca7c2c85eeae473679b88ff9c87d36bc81b8ed709868675d1d5cdd4184473ad260f',14,0,'MyApp','[]',0,'2024-01-04 06:06:18','2024-01-04 06:06:18','2025-01-04 11:36:18'),('7344cf7d1e467bb7f950eb303798b7538c0dd860b058a7f89ffb375a7a8156f637ceaeaf7fc16fc6',14,0,'MyApp','[]',0,'2024-01-04 06:06:48','2024-01-04 06:06:48','2025-01-04 11:36:48'),('46d14ed2db09176d87391f62f25bcfe9cbe7c76c6a4ebf766ee83a0ef4a9714d483ada74f12a8a8f',14,0,'MyApp','[]',0,'2024-01-04 06:07:33','2024-01-04 06:07:33','2025-01-04 11:37:33'),('cd7c261e9962ffc10f6d55fa6914aa487996b54730e82b9ed1e157a03b67363b1e420e93fdd5c5fd',14,0,'MyApp','[]',0,'2024-01-04 06:10:35','2024-01-04 06:10:35','2025-01-04 11:40:35'),('a62e77edb445017f2aa46ae54b6a0263a21eca390d2df7834543074386f0fb051d36fca82fa4bd67',14,0,'MyApp','[]',0,'2024-01-04 06:26:21','2024-01-04 06:26:21','2025-01-04 11:56:21'),('805a3608b2289821d4bfd93a96e72ce3f4a144ca4b9a377cbb4598d2814a77314014d8aaacffb149',14,0,'MyApp','[]',0,'2024-01-04 06:26:53','2024-01-04 06:26:53','2025-01-04 11:56:53'),('f3adc813558150196d0c26a5aef4dcd706349d99c683ac092afe468a8595c741c4bd3529cceca38b',14,0,'MyApp','[]',0,'2024-01-04 06:27:42','2024-01-04 06:27:42','2025-01-04 11:57:42'),('6c391e08b19bae5403b0648cbf8714d9a72eea6b30936b17014551b06ae8011c91e9fe9f76b73c5c',14,0,'MyApp','[]',0,'2024-01-04 06:50:53','2024-01-04 06:50:53','2025-01-04 12:20:53'),('e7c642b3d20db6d2f355a8d8c460924c3216a55b472c440a3a085dead7f3da38bf2b3705e67d1231',14,0,'MyApp','[]',0,'2024-01-04 07:33:28','2024-01-04 07:33:28','2025-01-04 13:03:28'),('7d26cbf363408e1c43c67e3e3ff00898fc5212db76788e56ce45538da7fb141328c4484f484ccce2',14,0,'MyApp','[]',0,'2024-01-04 07:33:47','2024-01-04 07:33:47','2025-01-04 13:03:47'),('706a38a25ea98c7aa71c254f4ecd9905d722e49b38e03ecca87cdc7d36cc8bc3d91fbf4a5eef1d28',14,0,'MyApp','[]',0,'2024-01-04 07:34:19','2024-01-04 07:34:19','2025-01-04 13:04:19'),('7680571922611ca760c2f00d85d35cb0b82b62e8470fbb218277a2fb6ab0b66a21e7a62717320460',14,0,'MyApp','[]',0,'2024-01-04 08:25:03','2024-01-04 08:25:03','2025-01-04 13:55:03'),('6829d3526da5f0d5d5486d0cf06d56c6c595e0f2a87f0d49643e9d086597e702594d5504f0be2ca7',14,0,'MyApp','[]',0,'2024-01-04 08:26:06','2024-01-04 08:26:06','2025-01-04 13:56:06'),('8c2374a7ab8aaf79878823469722cb37b57edf63918459ab8b3fa051a5cab38058d1f7e79bc55a26',14,0,'MyApp','[]',0,'2024-01-04 08:29:26','2024-01-04 08:29:26','2025-01-04 13:59:26'),('3fb7ff935c4241f9bc4bab077d6fc88a559ea9092d66e2d227ee0b348034f419b4754103e3f4f0b5',14,0,'MyApp','[]',0,'2024-01-04 08:40:06','2024-01-04 08:40:06','2025-01-04 14:10:06'),('0cd531863f7555fc533a637cf9df7f0d727f2a288cba34fa169fa2623adbd137b0a9f7bf1b4e04da',14,0,'MyApp','[]',0,'2024-01-04 09:55:38','2024-01-04 09:55:38','2025-01-04 15:25:38'),('686e044437063b237279595d773a2cf0730477fe627fd43dc12ffbdd279bc979519d96caaacc0808',14,0,'MyApp','[]',0,'2024-01-04 09:56:16','2024-01-04 09:56:16','2025-01-04 15:26:16'),('4d857ee30871500d836d0b8982ed47765ee5201cdd8b8c25ff9b3e5e06fd86c4896a20412849f243',14,0,'MyApp','[]',0,'2024-01-04 09:56:28','2024-01-04 09:56:28','2025-01-04 15:26:28'),('139fd1788be15ce496ea30a0557b29e9b1ac4a67940d0ec9eecd3937072beca8313a5ceccd7fe496',14,0,'MyApp','[]',1,'2024-01-04 09:58:24','2024-01-04 09:58:24','2025-01-04 15:28:24'),('39f3de8aac7e96867ef74b1f7c83cf7e470630cd9588d04b2f523eb720214f073eec7102b5e7a3b8',14,0,'MyApp','[]',0,'2024-01-04 10:12:51','2024-01-04 10:12:51','2025-01-04 15:42:51'),('2db14e5f5130ffc1bd8cd5c19515586a3e17491b2051764b1723d8d9c81721c2585d91d7209abce6',14,0,'MyApp','[]',1,'2024-01-04 10:13:22','2024-01-04 10:13:22','2025-01-04 15:43:22'),('61ba8a237bb968348bf6f0bdf6e5fc140589c696ec298f43d3ca2885b130c83f4342aada7128ca9a',14,0,'MyApp','[]',1,'2024-01-04 10:24:33','2024-01-04 10:24:33','2025-01-04 15:54:33'),('49aad1958df31f67a90ca1c4e4188dcbfe3d4e469661b632b2562decbf3e34d018127c062ed59363',14,0,'MyApp','[]',1,'2024-01-04 10:25:06','2024-01-04 10:25:06','2025-01-04 15:55:06'),('e9f15cd84fe94adf000412fd7d01c4572ef10e5de9eda85f79d3224c565eb8fbb43c86d9ac92c812',14,0,'MyApp','[]',1,'2024-01-04 10:26:30','2024-01-04 10:26:30','2025-01-04 15:56:30'),('68ea175ab7764c213fd1338f0c0a09f4a5441ee367627138ee6c41af7033fd031f26568d502f4078',14,0,'MyApp','[]',0,'2024-01-04 10:27:18','2024-01-04 10:27:18','2025-01-04 15:57:18'),('c79265a3b6f47b205d86b9cb4bdbf976b051d270ac50d22fa89eff9c7b540657f12e88bc68577396',14,0,'MyApp','[]',1,'2024-01-04 10:28:01','2024-01-04 10:28:01','2025-01-04 15:58:01'),('0636adb6d6af369c2eaeb17eb20d085395f260fbd9046693b2189f5b3c7ad4bbca38657a09e8230c',14,0,'MyApp','[]',1,'2024-01-04 10:41:02','2024-01-04 10:41:02','2025-01-04 16:11:02'),('6120a80bc46874d840ac25b2d4cf17f6fcbb15f732820c2dd1ccfd448fa2e52d012e7cdeabd5e8d5',14,0,'MyApp','[]',0,'2024-01-04 10:42:35','2024-01-04 10:42:35','2025-01-04 16:12:35'),('eb3cd562307d4b9ae3d41bd5eac3d4cec2122b8e8f44b91de78972f8a208d73668d993ce28722299',14,0,'MyApp','[]',1,'2024-01-04 10:42:52','2024-01-04 10:42:52','2025-01-04 16:12:52'),('a75dd35e4767b89af09a446718d9db94b45bc388ee047006ccd8ae6389841cd06e87bd4ad5ce41fa',14,0,'MyApp','[]',1,'2024-01-04 10:45:22','2024-01-04 10:45:22','2025-01-04 16:15:22'),('e98891ad95c92376957db70d0bf7453f92ea9621999586dced7fe810bd0e2d785bcb13006ce57985',14,0,'MyApp','[]',1,'2024-01-04 10:46:11','2024-01-04 10:46:11','2025-01-04 16:16:11'),('153536eb3398d036e2c470af1c3a73ab148d15b4a12640d0eb4082dbeecca84142c6fdb6e2335f33',14,0,'MyApp','[]',1,'2024-01-04 10:46:28','2024-01-04 10:46:28','2025-01-04 16:16:28'),('249546f69f59fc1665487910420ab47b6a05e4d732455df50774df2b78ad24c21b04271b5f5eb649',2,0,'MyApp','[]',0,'2024-01-04 11:38:35','2024-01-04 11:38:35','2025-01-04 17:08:35'),('8db888596c5e534d1e3f3eda5fcb93af5f30ec70ae40650566f00dee1d346959f8a30a928ec16cde',6,0,'MyApp','[]',0,'2024-01-04 11:39:17','2024-01-04 11:39:17','2025-01-04 17:09:17'),('134a608ee5ab3e0b19e262371da3bc06c46999bce12c851dfdaa3d7d8a5dc70b7c853d0d1a78f321',14,0,'MyApp','[]',1,'2024-01-04 11:50:48','2024-01-04 11:50:48','2025-01-04 17:20:48'),('1b659f191fd1661fbd156bdfab533431212be9567cb3b4b80217f6b65dc6a8d8d241f4b069e0d65b',14,0,'MyApp','[]',1,'2024-01-04 11:52:44','2024-01-04 11:52:44','2025-01-04 17:22:44'),('cd0895e9915187e314ef35fb69919a88a18b11babca1343a159b879f5ae9f38c477fd3451b92a393',14,0,'MyApp','[]',1,'2024-01-04 11:54:32','2024-01-04 11:54:32','2025-01-04 17:24:32'),('c523aa831258618ea22f8379ad8f447da26316ceb3b2ae6ef1a60533001754c502c4b6f909634a7f',14,0,'MyApp','[]',1,'2024-01-04 11:57:08','2024-01-04 11:57:08','2025-01-04 17:27:08'),('d43471c2a2fe2f219e5d26d1af4be6de0d89969082a7fd1c5a01b3c3f2453dac043ef50431bc2a5f',14,0,'MyApp','[]',0,'2024-01-04 11:59:49','2024-01-04 11:59:49','2025-01-04 17:29:49'),('aaaab9dd2bf06c6006705ad2deef5d0cd2b7f40db5cf69acd8d0d10a47452a60ace6b2c9a5565802',14,0,'MyApp','[]',0,'2024-01-04 12:01:12','2024-01-04 12:01:12','2025-01-04 17:31:12'),('648fa628699e0162e57d2f69f362bca8368f5e33ae08257b8ecd3f6fa380bc7b1784f2c9ddb7323b',14,0,'MyApp','[]',0,'2024-01-04 12:04:52','2024-01-04 12:04:52','2025-01-04 17:34:52'),('7f93a2b5674c7165e351cc0fa7225c0061fb042f83d9f3b354774f2d7bbe61bebc0970329009fa83',6,0,'MyApp','[]',0,'2024-01-04 12:05:03','2024-01-04 12:05:03','2025-01-04 17:35:03'),('667b2e0a1a93ba118d7ddb085b1fa984798d7e3bf5a93d3fa21bac705ee616ecc9fe3969bfd3b7a0',14,0,'MyApp','[]',0,'2024-01-04 12:15:34','2024-01-04 12:15:34','2025-01-04 17:45:34'),('35cc37d106a99100d32b3f74f5cbeed7b8b1805631b00560886b4bdde1e431b5ee1aa76cf39f419f',14,0,'MyApp','[]',0,'2024-01-04 12:49:14','2024-01-04 12:49:14','2025-01-04 18:19:14'),('2fbb9a7f2c0ad01f65ac6857313697e96669484a7a465aaa53b717c37a22b8ad7b2a480d834eb4d2',14,0,'MyApp','[]',0,'2024-01-04 12:58:19','2024-01-04 12:58:19','2025-01-04 18:28:19'),('a57eeda703102e74168097763bc57533171daf380915652818dfe363a3cdba15c32ee3dd44ac85f0',14,0,'MyApp','[]',0,'2024-01-04 12:59:32','2024-01-04 12:59:32','2025-01-04 18:29:32'),('d89fde7fa5fe97711bfc66dcc6f37af2bbcf64a0e1b6e9c35c0f253770a77ddb81e4165387661448',6,0,'MyApp','[]',0,'2024-01-04 13:05:43','2024-01-04 13:05:43','2025-01-04 18:35:43'),('defb5ead528f5fe8ee7697b07836c1ddc5d08e1486e6546d6d72dcc321ce435f68cf5562048ab0eb',6,0,'MyApp','[]',0,'2024-01-04 13:06:29','2024-01-04 13:06:29','2025-01-04 18:36:29'),('547ea720f76ee6f047963ffe0ccb56ddd7e82320c656c59f0259e495ab774928fdf21247b78c3ac3',14,0,'MyApp','[]',0,'2024-01-04 13:10:53','2024-01-04 13:10:53','2025-01-04 18:40:53'),('878f14a0eb1910e36497d7a07265107c5f92a6c6df0c72073536104b93b168ea7903668be566828d',14,0,'MyApp','[]',0,'2024-01-04 13:12:54','2024-01-04 13:12:54','2025-01-04 18:42:54'),('6922ce5a1c566f55caf065255d2a9bf01729dde09d354fa248b924edc19f7e3aae6089556cba5d89',14,0,'MyApp','[]',0,'2024-01-04 13:14:25','2024-01-04 13:14:25','2025-01-04 18:44:25'),('1e835ab512d98d3b34f1964ff28f4a721aa29000db30eaf4841dfc1b130c52db70424b47e73cbbb6',14,0,'MyApp','[]',0,'2024-01-04 13:15:15','2024-01-04 13:15:15','2025-01-04 18:45:15'),('b97a208397ecf40b39651e1bb41cc2f8d9bf951294673574138ebe0f477b0ac489e19aaef69f0c26',14,0,'MyApp','[]',0,'2024-01-04 13:18:13','2024-01-04 13:18:13','2025-01-04 18:48:13'),('1bf3cc84b85e8bb4719f95ab18d666b6d29592636968d2d6cfdc6dcc71f523f96974d97b6f4b7900',14,0,'MyApp','[]',0,'2024-01-04 13:19:22','2024-01-04 13:19:22','2025-01-04 18:49:22'),('347396c8258c22901126d12c7153239f665649a34d8a605a7a39747f929f282e8219b310138b5d35',14,0,'MyApp','[]',0,'2024-01-04 13:21:29','2024-01-04 13:21:29','2025-01-04 18:51:29'),('c0824d0147526afe085bacd92bad2e71952a4735a505094c5bd46ef29e71357c6523485e3b50415f',14,0,'MyApp','[]',0,'2024-01-04 13:23:58','2024-01-04 13:23:58','2025-01-04 18:53:58'),('129b198d0322fe4c70d318b8e9337b92c8043a07f2ff670919e27b5c911a2318070d4d7a2b84d6a3',14,0,'MyApp','[]',0,'2024-01-04 13:25:14','2024-01-04 13:25:14','2025-01-04 18:55:14'),('8f2bb15915670dd3dee2352b2d82b9d20227b89206b04f51c3120065086f6e4aeb0a865ca70ebceb',14,0,'MyApp','[]',0,'2024-01-04 13:26:09','2024-01-04 13:26:09','2025-01-04 18:56:09'),('5541c4ec51c7622c4133a6d0300484a388cc4a6793dc2228f52c6cdc17274450e81a0c41a3b8d127',14,0,'MyApp','[]',0,'2024-01-04 13:33:04','2024-01-04 13:33:04','2025-01-04 19:03:04'),('235704bcf1967097934d4cf1f8600722c65f96d0ab1bf0321b10d3ae0f9f1d733d0d99f0e59f8815',14,0,'MyApp','[]',0,'2024-01-04 14:04:31','2024-01-04 14:04:31','2025-01-04 19:34:31'),('9cb1433e8e4afde0b14b0cc86e03f2d624040868c8d5948f51aa850b508399edae3adb39dd394d2a',14,0,'MyApp','[]',1,'2024-01-04 14:14:28','2024-01-04 14:14:28','2025-01-04 19:44:28'),('4f4e90956a71c5628d48d5856bb1643cab04b8c0da058ada0e276e95286b9dc5b3e20345af3f1f41',6,0,'MyApp','[]',0,'2024-01-04 16:30:15','2024-01-04 16:30:15','2025-01-04 22:00:15'),('a6010ac6c9e1b766e31fbb52d088b95f60fdf51a1e618cb595056c04258a39877ba030c6d5e74719',6,0,'MyApp','[]',0,'2024-01-05 04:40:25','2024-01-05 04:40:25','2025-01-05 10:10:25'),('d7f0a1a390eb5e592d48f8acfc6291684f6a659b58247177421bb20be49fd1759c8c7948394037eb',14,0,'MyApp','[]',1,'2024-01-05 05:03:08','2024-01-05 05:03:08','2025-01-05 10:33:08'),('b6fbfeadb7f372146325809de47d96f16f7c29a5fad7c1373d92734d3cc9aecd1d0acbb0404193ac',14,0,'MyApp','[]',1,'2024-01-05 05:03:32','2024-01-05 05:03:32','2025-01-05 10:33:32'),('933506a5240fcaad3a8a919837d5952f5a9c7ca9a93b6ad35e5c029a09bd430dd3915ae0d32f012f',14,0,'MyApp','[]',1,'2024-01-05 05:07:47','2024-01-05 05:07:47','2025-01-05 10:37:47'),('a3cc2e84a16937cd06617c62f7f6e35e502a0e9cfa9997043d58b76af31cf4ae2ad6245396f32b24',14,0,'MyApp','[]',0,'2024-01-05 05:13:14','2024-01-05 05:13:14','2025-01-05 10:43:14'),('00fcc0aecf8476590a03db5d597cce081b6cab7e6960c8d9c1b16d3f1adb9d605a6c1bb29bf7c762',14,0,'MyApp','[]',0,'2024-01-05 05:22:44','2024-01-05 05:22:44','2025-01-05 10:52:44'),('23f185c60293bb5e7f31472eef0c5f4ef8cf870b0a2c8fe60879760f7ac0374c3faafaa8d6d46f62',14,0,'MyApp','[]',0,'2024-01-05 05:25:56','2024-01-05 05:25:56','2025-01-05 10:55:56'),('fc44db96ecdb0f01b5cc8c07d9a845733a61e6659b5c37f4b8be2ab8f619dd6df290280b47ae378c',14,0,'MyApp','[]',0,'2024-01-05 05:26:47','2024-01-05 05:26:47','2025-01-05 10:56:47'),('f7df045bb1642b29ae873653ec6bb78ecbd2709219ac02a9cdd9b9be2c05391f83c26eff73d2e680',14,0,'MyApp','[]',0,'2024-01-05 05:27:31','2024-01-05 05:27:31','2025-01-05 10:57:31'),('edbe7a499c6a17b4e1ec469bf6440cb3cc6db97e468e1b5bee98eff2cbc3fff0eb40e2f9d7110596',14,0,'MyApp','[]',0,'2024-01-05 05:37:30','2024-01-05 05:37:30','2025-01-05 11:07:30'),('c99f98198c5b405df3777b4ea27dab11dac82949aeebf76335ab0cc9d9bfa8f42253b7cc4eab4251',14,0,'MyApp','[]',0,'2024-01-05 05:41:23','2024-01-05 05:41:23','2025-01-05 11:11:23'),('3efcb464d45eebc7c56dc5ae606d5a0c205c85167c9fe77507194a5211bfd1d48ffb6ce3a7853b1a',14,0,'MyApp','[]',0,'2024-01-05 05:41:47','2024-01-05 05:41:47','2025-01-05 11:11:47'),('629cc1b6f0886a31bbdde506edbbc7439dcea72ca9b2e52ea0f6b29a99a6c25f4b6ad5574d996167',14,0,'MyApp','[]',0,'2024-01-05 05:45:15','2024-01-05 05:45:15','2025-01-05 11:15:15'),('a723330a64334d956b517e4ea4af94fd345cf0b06db3f1865b2ac71c22a67d89423e0f6af495b5b3',14,0,'MyApp','[]',0,'2024-01-05 05:46:16','2024-01-05 05:46:16','2025-01-05 11:16:16'),('082cec12621818d67b398c1022a56d9e0017630b25843e7169ecaa516cb5a0236b18a19788e056d0',14,0,'MyApp','[]',0,'2024-01-05 05:46:38','2024-01-05 05:46:38','2025-01-05 11:16:38'),('d7f500695e5687e460dd51b7da065f9dc826c2a9c129f223673e420a397c077ee765695b970cd579',14,0,'MyApp','[]',0,'2024-01-05 05:47:49','2024-01-05 05:47:49','2025-01-05 11:17:49'),('396ab53606d76fb74e70345e24f02a8e92097940b26b5b785e2341568b70d4191ab78832ee34bcb8',14,0,'MyApp','[]',0,'2024-01-05 05:48:23','2024-01-05 05:48:23','2025-01-05 11:18:23'),('0c683d0b6af085457dc7f0f3a19a5a3032d1517dc8a29fece24a3487e841bb74784885496d7021dd',14,0,'MyApp','[]',0,'2024-01-05 05:49:00','2024-01-05 05:49:00','2025-01-05 11:19:00'),('54780488b42d215f0b9aa2a815fed8a2fab51d2fb9d57d8c9e1585558b286000c94792a42fd7c203',14,0,'MyApp','[]',1,'2024-01-05 05:56:05','2024-01-05 05:56:05','2025-01-05 11:26:05'),('6d034eefb9407b1073a06e851ac52eb22a072f618724d8a104140f1303b88dc5b97c905d26f1adce',14,0,'MyApp','[]',1,'2024-01-05 06:06:42','2024-01-05 06:06:42','2025-01-05 11:36:42'),('9e17156c6d6a079ca068ab437a82097c3017295dea233b859fd4db3dc718dfbe56e65a4a26645f31',14,0,'MyApp','[]',0,'2024-01-05 07:12:57','2024-01-05 07:12:57','2025-01-05 12:42:57'),('e3a91b85f5a09249ce8a33a5aaf76be379a291e5b871a520a5e2eafc7c6742573f50234f222599f1',14,0,'MyApp','[]',1,'2024-01-05 07:14:16','2024-01-05 07:14:16','2025-01-05 12:44:16'),('87eca42bf35c3e83c7b0eee21fc5cc9e55ee78ce23633fcb4ab3497ba6b1b70f7ccb0d7b22f401cb',14,0,'MyApp','[]',1,'2024-01-05 07:24:02','2024-01-05 07:24:02','2025-01-05 12:54:02'),('54e04185094bb1c4aaea7110dbe4a730c5bc183926d770cbabffb6c084a6b0b1530da0f11d94a7f7',14,0,'MyApp','[]',1,'2024-01-05 07:26:00','2024-01-05 07:26:00','2025-01-05 12:56:00'),('8e5040d5bb360274e5c2a5a474a2a6ee2e6ea009adefd6918f5961d386abe09f8169c2d659e04594',14,0,'MyApp','[]',0,'2024-01-05 07:28:08','2024-01-05 07:28:08','2025-01-05 12:58:08'),('907e80d446940298be54fbf47de9558854c97c09ddaca72ed2af57c945b9062eb9cb162627bbab87',14,0,'MyApp','[]',1,'2024-01-05 07:29:44','2024-01-05 07:29:44','2025-01-05 12:59:44'),('34c356afb45143c29a8bc6c8edaaa696d8490b4af3576f321172c9aca0c87535afee8fe8f1dd723b',14,0,'MyApp','[]',1,'2024-01-05 07:30:08','2024-01-05 07:30:08','2025-01-05 13:00:08'),('59d08d5ed90c0e59f049e6160de80589a324c7b0f948e97866ea0c32898c7d7aa21135a08d4bc5e2',14,0,'MyApp','[]',0,'2024-01-05 08:39:10','2024-01-05 08:39:10','2025-01-05 14:09:10'),('b15665d8c7b10a5ce21694300d41fc7fcdeeb9e19ada617760df723e35e8be2de57a67cb597a4742',14,0,'MyApp','[]',1,'2024-01-05 08:39:33','2024-01-05 08:39:33','2025-01-05 14:09:33'),('602b76767f793bf53395658d59a97bee8f16d52735c198c53e7877caf15c0ae77c4e56096a8f04c4',14,0,'MyApp','[]',0,'2024-01-05 08:42:04','2024-01-05 08:42:04','2025-01-05 14:12:04'),('c7f15eed511a9f2c551d14a32af765456562936fd9a1548b551ccd9f83233cd43a4de378f3f9cfe1',14,0,'MyApp','[]',0,'2024-01-05 08:46:47','2024-01-05 08:46:47','2025-01-05 14:16:47'),('fe3c3165a84b2c22f901de2928fe6e94cd9c0ab3bed2533e485266e07b55b2f53d77fb5fa37ed584',14,0,'MyApp','[]',0,'2024-01-05 09:18:05','2024-01-05 09:18:05','2025-01-05 14:48:05'),('7cd7d0a6402eaf0b984f7b20c1cdc5e2bd11c701a8590aa2bbd1e2335f1516e130fbafc7cbe5a839',14,0,'MyApp','[]',1,'2024-01-05 09:22:38','2024-01-05 09:22:38','2025-01-05 14:52:38'),('e41c50edafdde4bb8b5dee7aa2c248ec5890adbe4ea80aaa2e05f6edd69accee2b93432f6afd8e97',14,0,'MyApp','[]',0,'2024-01-05 09:47:14','2024-01-05 09:47:14','2025-01-05 15:17:14'),('dc25c0a5cff3f4d2f1cf2d7469fe2e6042585b722ccf703f749036ee136b1da03ffacbe0ac9e8e41',14,0,'MyApp','[]',1,'2024-01-05 09:48:05','2024-01-05 09:48:05','2025-01-05 15:18:05'),('bd2c573a10bee0769521cc13ec2660a7c1df06f9c3f5b7d1211cb94989cff3ba5cc7ac60a7f19cc2',2,0,'MyApp','[]',0,'2024-01-05 11:44:31','2024-01-05 11:44:31','2025-01-05 17:14:31'),('e701251f072a0e3ffba50a6fa3ce64e7b23692873971d5235da8d7663fce693399905dbf4d77f43a',2,0,'MyApp','[]',0,'2024-01-05 11:45:06','2024-01-05 11:45:06','2025-01-05 17:15:06'),('f0cbc6d6adfee045b3ddff8f35824a0ef73187116429e9fa2a01cae05ed1bee2c040eeb8c98ab7ff',2,0,'MyApp','[]',0,'2024-01-05 11:45:30','2024-01-05 11:45:30','2025-01-05 17:15:30'),('44ee6c6f98a5884854c4b12c104dfc3161e2da3a326beb28ba2385be01b276492ca081ea69edc7af',2,0,'MyApp','[]',1,'2024-01-05 11:50:27','2024-01-05 11:50:27','2025-01-05 17:20:27'),('3b256c9cd33f47e18f178b33c3b1d87d7a112578b313b9bba93b3a5fe20156b4c29e18a20cfe2ff8',2,0,'MyApp','[]',0,'2024-01-05 11:55:47','2024-01-05 11:55:47','2025-01-05 17:25:47'),('8cb4bf010e8e76e84e9670a2cce10c895fd50c0c0094a5684c8606fe63eec450ee728523d578ef0d',2,0,'MyApp','[]',1,'2024-01-05 12:14:05','2024-01-05 12:14:05','2025-01-05 17:44:05'),('d3a5400686d568eecb49b9ad1c167f1c1ac98a46e865f66995259935125e09762460183ddad226c7',2,0,'MyApp','[]',1,'2024-01-05 13:29:04','2024-01-05 13:29:04','2025-01-05 18:59:04'),('ddf572c05ddafa24963343c0aa09a18e0c01961cc088c466e4ab4a072425db08374a342f7e9a7616',2,0,'MyApp','[]',0,'2024-01-06 06:05:48','2024-01-06 06:05:48','2025-01-06 11:35:48'),('1a08a8d74bb3c52a6a4861ce02c298e0f5b142e6c35e2b29dcb7b1ae9d97ccaf12dea554e7bed75c',2,0,'MyApp','[]',0,'2024-01-06 06:07:34','2024-01-06 06:07:34','2025-01-06 11:37:34'),('9e3744f33c466bf7f23b5db601413988d3c139dda7cf619a204fb52144b6e19302c1643c0138ae0c',2,0,'MyApp','[]',0,'2024-01-06 06:14:28','2024-01-06 06:14:28','2025-01-06 11:44:28'),('afc65c4c0efbf5e0feec26c70c9cff5b956e205e4b879ab72b888485a469e06c5f26cd9f09025964',2,0,'MyApp','[]',0,'2024-01-06 06:23:53','2024-01-06 06:23:53','2025-01-06 11:53:53'),('5266797f0568ddc8ea14eaf110da4c1017c0dbc66f23a740706c638ce96b9aaa36f6378f84caa5b1',2,0,'MyApp','[]',0,'2024-01-06 07:43:10','2024-01-06 07:43:10','2025-01-06 13:13:10'),('18870c4170d4e07d1d96d3335b58849f306df0e3e09dedf92cc62c628a66f9f468c35b7d857974ae',2,0,'MyApp','[]',0,'2024-01-06 07:45:13','2024-01-06 07:45:13','2025-01-06 13:15:13'),('85669350fd42d0a0fc5217ace74a566cc6205ddd2965eb299905a7c2cf316b3da6ce67980d8f780e',2,0,'MyApp','[]',0,'2024-01-06 08:17:17','2024-01-06 08:17:17','2025-01-06 13:47:17'),('e7f06ed0bb479e57255e0ea87ced05db11fa1a37e70b5e1fd13fa3d57fb6ff03a325954499f8e283',2,0,'MyApp','[]',0,'2024-01-06 08:18:31','2024-01-06 08:18:31','2025-01-06 13:48:31'),('f79181af3860bea45cea1f7c2ece79691841e2d3020553e6bfdc5a8324c34c6e9d883d574f98ca56',2,0,'MyApp','[]',0,'2024-01-06 08:19:35','2024-01-06 08:19:35','2025-01-06 13:49:35'),('3506fd37fce7dc80528ebb1365c3ef2b8172d08468dc84af9d99bd0d1d3e648e6cd36741c12f3995',2,0,'MyApp','[]',0,'2024-01-06 09:15:00','2024-01-06 09:15:00','2025-01-06 14:45:00'),('96fc336a6021ceeec360ca2a55de6de40460b1f3ea2e28945974850233161e099d2c7a4486ee0ca2',2,0,'MyApp','[]',0,'2024-01-06 09:42:19','2024-01-06 09:42:19','2025-01-06 15:12:19'),('90a2c3f98db7a193dde2dc87f67b3c43bc96d5175cd684b6ed8a704c932988e13c9a0dc64a3d5aa5',2,0,'MyApp','[]',0,'2024-01-06 09:43:36','2024-01-06 09:43:36','2025-01-06 15:13:36'),('0615054b4893f2cdb02288b76109ed0032960a2e1d5f4549297b78ed035daddcc950e500b4dbd5c7',2,0,'MyApp','[]',0,'2024-01-06 10:38:08','2024-01-06 10:38:08','2025-01-06 16:08:08'),('4011d49eecbd70717a68a3867c672f8d5ce50b8dffd144e69aeaa9c9653739bc0dcf4c23bc606555',2,0,'MyApp','[]',0,'2024-01-06 11:17:36','2024-01-06 11:17:36','2025-01-06 16:47:36'),('37608326448dce16de91bf6ee6f2a4a7277716eab3192da7df152a8b2099a847f855f4ac22c4b194',2,0,'MyApp','[]',0,'2024-01-06 11:23:28','2024-01-06 11:23:28','2025-01-06 16:53:28'),('79513bb1399631c18a6e8ea238af557568ecd22227593ce7b3fcaae9195d1c44d5dd8a721ee67e1a',2,0,'MyApp','[]',0,'2024-01-06 11:29:22','2024-01-06 11:29:22','2025-01-06 16:59:22'),('fd671d2ac6cb295d870abdf906730b1b4dff3d9cd09e3bda53eeb7f2500eb4ddeb997495da34df5b',2,0,'MyApp','[]',0,'2024-01-06 11:30:13','2024-01-06 11:30:13','2025-01-06 17:00:13'),('80f03ee8b12beadbe9faa2db653203c8d4ee1e566613cb6efed0bbb505029ba0bb214824edb373ce',2,0,'MyApp','[]',0,'2024-01-06 11:30:48','2024-01-06 11:30:48','2025-01-06 17:00:48'),('0a378aa2a07788ce3a8dbc93499ee3713f8dc6f8de413b6ff24a784ad9c39321872346ca776dcf77',2,0,'MyApp','[]',0,'2024-01-06 11:31:59','2024-01-06 11:31:59','2025-01-06 17:01:59'),('923766ebf252dd5367403d7cc28ab31869764cc486c57b09d0f25a8a25ef8817dcee79edf3b95103',2,0,'MyApp','[]',0,'2024-01-06 11:32:42','2024-01-06 11:32:42','2025-01-06 17:02:42'),('395dc21e2fac53d97b1df9ade90468686f8cf921686576fd70781560b992bd61562bf701df85d7bd',2,0,'MyApp','[]',0,'2024-01-06 11:32:58','2024-01-06 11:32:58','2025-01-06 17:02:58'),('c1e4ec4af6a60ef051b66416ffeb70227c9302b579ae122494ed0726a506ee76a583e2066081b18d',2,0,'MyApp','[]',0,'2024-01-06 11:36:05','2024-01-06 11:36:05','2025-01-06 17:06:05'),('0d63dbaa2845590702022fede780c352b47c9cca901229338307c30cd4d25bc4500e1b04aed62b45',2,0,'MyApp','[]',0,'2024-01-06 11:38:02','2024-01-06 11:38:02','2025-01-06 17:08:02'),('514adfaccb2d373fc2e59d5e59745c71b7ea7a3c63b1072d971bc7fb9ddf15d989eaa811aa427cd1',2,0,'MyApp','[]',0,'2024-01-06 11:41:23','2024-01-06 11:41:23','2025-01-06 17:11:23'),('0a93c167cf7efb8a392f417e3558329e1efdb2e75f08c4c00b353a7673c8c5141fc77638b7fad0d2',2,0,'MyApp','[]',0,'2024-01-06 11:46:52','2024-01-06 11:46:52','2025-01-06 17:16:52'),('2b88f423dd6080fcd65adf57df692526a1305a66419e1425e0f2777381191477be20f3646ebbe9c5',2,0,'MyApp','[]',0,'2024-01-06 11:47:20','2024-01-06 11:47:20','2025-01-06 17:17:20'),('64f8348f49704ffc03b642d2dba41588ce3c34f00328f61403bb694957e5e0ebb385e6dead15a031',2,0,'MyApp','[]',0,'2024-01-06 11:54:25','2024-01-06 11:54:25','2025-01-06 17:24:25'),('d12eb91e26b5d9c2839cd63359069b4ef66c89851766db6d5ad8d8a7fcdf6c2a667d88ec45c31b8f',2,0,'MyApp','[]',0,'2024-01-06 11:58:45','2024-01-06 11:58:45','2025-01-06 17:28:45'),('aec8355faedbfa6a92f48fe4639985fc9eb8f61c9929bc4919ac46799107b427dc154d8d68693f08',2,0,'MyApp','[]',0,'2024-01-08 04:46:58','2024-01-08 04:46:58','2025-01-08 10:16:58'),('a10c182e13465a3243ea0b5bbdf0e0fd96f930dc4aad8ad8480ea51e4e04bf0c3500923fa1312a45',2,0,'MyApp','[]',0,'2024-01-08 05:19:13','2024-01-08 05:19:13','2025-01-08 10:49:13'),('23eb34f031d5cfc55af2b07a509588ed6f3ec6d72e7c2075ca64d9fba6bf61d0a1411e146ca20e5d',2,0,'MyApp','[]',0,'2024-01-08 05:25:25','2024-01-08 05:25:25','2025-01-08 10:55:25'),('608b8284ae4a24facfa0d335374923fbb048ee463ebc17860bfc659c380bb5428f2f0d1c2d631da0',2,0,'MyApp','[]',0,'2024-01-08 05:28:47','2024-01-08 05:28:47','2025-01-08 10:58:47'),('77eaf9adcb83a6daa48bb803a2c853cfedf9ed11316237d8898ac63f59f2b5080b312d144663d12e',2,0,'MyApp','[]',0,'2024-01-08 05:30:05','2024-01-08 05:30:05','2025-01-08 11:00:05'),('1ea740f5857558ce6f3fcd5e03515333c385ca9fd0830d94202035e247c82171010405244bed10ea',2,0,'MyApp','[]',0,'2024-01-08 05:30:38','2024-01-08 05:30:38','2025-01-08 11:00:38'),('5565ac63030b1971001022f0887f99d993d64f010a4bf26cc0ed5b15cd30e796e2c6f544baa0ff6b',2,0,'MyApp','[]',0,'2024-01-08 05:31:02','2024-01-08 05:31:02','2025-01-08 11:01:02'),('7a0fc1d759169927ce8cfb7c0343a6434008c97018ab5adf2f3c5335d0bd48296ebb662634572968',2,0,'MyApp','[]',0,'2024-01-08 05:31:50','2024-01-08 05:31:50','2025-01-08 11:01:50'),('03a95c9fdd522b2080c953065f973905c9ff990faceadf877bddaaccde2a5ba364be1413c1ae5cbb',2,0,'MyApp','[]',0,'2024-01-08 05:37:19','2024-01-08 05:37:19','2025-01-08 11:07:19'),('6f4864eab277c24642af5272ef84e606768757c09d4811ad1c696379494f373ed327160d032921a9',2,0,'MyApp','[]',0,'2024-01-08 05:57:29','2024-01-08 05:57:29','2025-01-08 11:27:29'),('34caf2c461481a7a8cab3802170449d88aed30e10f5587735e090427e6654866a91305b09c4446ba',2,0,'MyApp','[]',0,'2024-01-08 08:45:51','2024-01-08 08:45:51','2025-01-08 14:15:51'),('14890c5f0d7df4eac475cc9d7444b6d5222e6db705e3b66eecb1cfcf1d7ebab0534802ed0b828ec5',2,0,'MyApp','[]',0,'2024-01-08 08:46:21','2024-01-08 08:46:21','2025-01-08 14:16:21'),('30ae58dc283687c1d5d6012baf168087a294349424f3a4a159e0659c14addbbba27d880876726cb7',2,0,'MyApp','[]',0,'2024-01-08 08:47:00','2024-01-08 08:47:00','2025-01-08 14:17:00'),('058d11311c3783075c676ac517158aa08e90ae2598bb4ca0fe92b04ef2d48b16f6e8686d412533e3',2,0,'MyApp','[]',0,'2024-01-08 08:58:51','2024-01-08 08:58:51','2025-01-08 14:28:51'),('d979bd55a5560b7e7ba564d57e90daacbf82f08b089252cd945b83260dbcef2af3f948bf5904f7a6',2,0,'MyApp','[]',0,'2024-01-08 08:59:20','2024-01-08 08:59:20','2025-01-08 14:29:20'),('29d22f29da76b150da145c1983f7d34f68df806e8ea2021cd060cad0fd2244e45be1826d3d2136ac',2,0,'MyApp','[]',0,'2024-01-08 09:01:36','2024-01-08 09:01:36','2025-01-08 14:31:36'),('767228ddaa5a06deb2b1f963d63d549e03b4ca551f6edb0bc91c28fc99fc15f22bffe5ad17a6716e',2,0,'MyApp','[]',0,'2024-01-08 09:02:00','2024-01-08 09:02:00','2025-01-08 14:32:00'),('f1c217d42dab84171ac7db8b288ce93d789cb7c85a002b146d739c9ac6fc6e10d23c85b4e28a8cbe',2,0,'MyApp','[]',0,'2024-01-08 09:02:55','2024-01-08 09:02:55','2025-01-08 14:32:55'),('fc19421f5537e5179938f8676ddb6de4dda6c55b33304fc2fab3aa5beab73cd62b402ea61abce767',2,0,'MyApp','[]',0,'2024-01-08 09:09:30','2024-01-08 09:09:30','2025-01-08 14:39:30'),('9f0632126a8ffca379cb99194cb51fa2098444d6a33f8144e884e54077c5a9ec9470790544d2270c',2,0,'MyApp','[]',0,'2024-01-08 09:14:18','2024-01-08 09:14:18','2025-01-08 14:44:18'),('0db34dc9abd50400dccd25a9bcfb99bf77b3255da147d29068e60d38ccce5e680f9908f5cbe226dc',2,0,'MyApp','[]',0,'2024-01-08 09:16:40','2024-01-08 09:16:40','2025-01-08 14:46:40'),('cd46131fbe39c89aad834f649fc73d07a78a961f5916c5cea639e4ba70e5fbdc2985906378b6e00d',2,0,'MyApp','[]',0,'2024-01-08 09:18:00','2024-01-08 09:18:00','2025-01-08 14:48:00'),('575b9ffa34e8670d52f60c399e3677b268e0c21add3738ceb6cf4363721006d36556eae6a16be2de',2,0,'MyApp','[]',0,'2024-01-08 09:23:00','2024-01-08 09:23:00','2025-01-08 14:53:00'),('52ac5a56caa113aeb1aa646995a38696ccbd64eaaf2312613e758fb6fab69f21c769823046db4411',2,0,'MyApp','[]',0,'2024-01-08 09:35:40','2024-01-08 09:35:40','2025-01-08 15:05:40'),('88707eeefe25cabfbe710f823aafce326f628e3c3d6ebe3e596fc57f9da488f3e452fc6f95e5fde0',2,0,'MyApp','[]',0,'2024-01-08 09:36:51','2024-01-08 09:36:51','2025-01-08 15:06:51'),('0ca66b7677c01a1733abe35f4c57f9a0ac66c432a3b0630a82948fddc4a61d79d5387500a6f8b737',2,0,'MyApp','[]',0,'2024-01-08 09:37:53','2024-01-08 09:37:53','2025-01-08 15:07:53'),('3b6c11812bf340b4e7b1e03c29131ba2f54053541b50485c395d277e4708fc250a98a8ad0cb31a42',2,0,'MyApp','[]',0,'2024-01-08 09:38:38','2024-01-08 09:38:38','2025-01-08 15:08:38'),('bae2e5ea849caa77c433996585b537de4aff03fde823724fb5c24ef6fbc1ec04170d174232353087',2,0,'MyApp','[]',0,'2024-01-08 11:54:33','2024-01-08 11:54:33','2025-01-08 17:24:33'),('7c39e5b9d8bd4cec1d15420311bd0709d2542709f0712a33c2727cd43a5387fd179e62e3da772565',2,0,'MyApp','[]',0,'2024-01-08 11:55:16','2024-01-08 11:55:16','2025-01-08 17:25:16'),('fe7aceed6eee2e40cf632793fb097e3635be623fef318049f4ac5da28096eedeaf6d81e45083c30c',2,0,'MyApp','[]',0,'2024-01-08 12:57:54','2024-01-08 12:57:54','2025-01-08 18:27:54'),('ea29a8bb6298daf616e0a4c242d0eb4f3966a4b6122bb93c97914f9deabff6918f096b10754aa3dc',2,0,'MyApp','[]',0,'2024-01-08 13:04:24','2024-01-08 13:04:24','2025-01-08 18:34:24'),('03fb0d3d902b365e2083dd5ec2c70b6fd862b5071acd7e2b36426a48869c0761cc20d7ae640299fb',2,0,'MyApp','[]',0,'2024-01-11 13:14:00','2024-01-11 13:14:00','2025-01-11 18:44:00'),('eea26aee680b272eb1b1b0eeb70c1b25a9333c3a4c7891127de79a99ea3306a6963afc1b9064de46',14,0,'MyApp','[]',0,'2024-01-11 13:15:54','2024-01-11 13:15:54','2025-01-11 18:45:54'),('9f0cbacf03fd59a061f2f525892fe4715d0cced3e31b9eff8bb368c2a375e8c113525fb81a243ca0',14,0,'MyApp','[]',0,'2024-01-11 13:16:22','2024-01-11 13:16:22','2025-01-11 18:46:22'),('756c3781c34dd74dcb3df5e1e76fb1c33af631508d2957b3212eda6b367ec07223385d6e385f827f',14,0,'MyApp','[]',0,'2024-01-11 13:21:10','2024-01-11 13:21:10','2025-01-11 18:51:10'),('35ff81273f1f0dbe673392a01f76fc3e88f456514e84672f9e586442839140757202a5e24065f333',2,0,'MyApp','[]',0,'2024-01-11 13:24:03','2024-01-11 13:24:03','2025-01-11 18:54:03'),('063603cf24a7afc58cf5a0ead93ad118c45827089ec492f79e7a8020d2dbfeac765dbad2b4253c3e',2,0,'MyApp','[]',0,'2024-01-11 13:43:27','2024-01-11 13:43:27','2025-01-11 19:13:27'),('3ce77cdb8b9d367ddc5d5f0e434123353b133a3b2676687643583b466a29594522e7723131465ecb',14,0,'MyApp','[]',0,'2024-01-11 13:43:55','2024-01-11 13:43:55','2025-01-11 19:13:55'),('217d2033786a0002945aef06be8a7c5fa6a8c6b112a41b84955863e51ef4e728ecf5ea48c9198325',14,0,'MyApp','[]',0,'2024-01-11 13:44:20','2024-01-11 13:44:20','2025-01-11 19:14:20'),('7d984ae6cd4849631ed3e81ea23aa3a0d6788582c7d46f248600e59ef83e5ce4d367196cfaec8268',14,0,'MyApp','[]',0,'2024-01-11 13:49:34','2024-01-11 13:49:34','2025-01-11 19:19:34'),('4912f995d336d70821f60de5d2b852d293566eea9061f99ab3f4ee20e391d569481d50da985703a8',14,0,'MyApp','[]',0,'2024-01-11 13:54:30','2024-01-11 13:54:30','2025-01-11 19:24:30'),('7676b21785cffe50e6fdf537038218e10ed544df542346d937a30bf1f76c9d91f0b168e8217f3359',14,0,'MyApp','[]',0,'2024-01-11 14:01:45','2024-01-11 14:01:45','2025-01-11 19:31:45'),('6d3703a0c0909f246e160f6f5f42a8c835f708d6797cbd09882df6ff97e2e32eea4e6036b6516bed',14,0,'MyApp','[]',0,'2024-01-12 05:47:02','2024-01-12 05:47:02','2025-01-12 11:17:02'),('71b04c97712b46f4bca01922839817ba48782f8feca13111111f2f8129db7507a8d76bad8f166238',14,0,'MyApp','[]',0,'2024-01-12 05:59:58','2024-01-12 05:59:58','2025-01-12 11:29:58'),('4817ab951cb7c541131ae0f3ae47831cfe7a4213ece5bc1aaab6c13fe0b9b4eba435e45e4db821e5',14,0,'MyApp','[]',0,'2024-01-12 06:00:41','2024-01-12 06:00:41','2025-01-12 11:30:41'),('e956ce021c6c8298dc71b5a84a47295bd0687aac92aab1ccf148d83c6eb1676c2be78f8ff3f17ad3',14,0,'MyApp','[]',0,'2024-01-12 06:01:20','2024-01-12 06:01:20','2025-01-12 11:31:20'),('184c7a4a4f00878b804166c67e0e913b181489de232798e25edcd73e92d2fc6ef0e28a41c6edcf3a',14,0,'MyApp','[]',0,'2024-01-12 06:12:02','2024-01-12 06:12:02','2025-01-12 11:42:02'),('333291e43f30e6582f594814b38590123bda7242e0f7a0acf21ed4773a0770026082c415e6b80d6e',14,0,'MyApp','[]',0,'2024-01-12 06:31:11','2024-01-12 06:31:11','2025-01-12 12:01:11'),('16fc0a6ece019740b550a0ef82d6384872d435089181c246e06d7358f35cd81312b19cc5d684d053',14,0,'MyApp','[]',0,'2024-01-12 07:12:51','2024-01-12 07:12:51','2025-01-12 12:42:51'),('4fe09d8dee172ae000b7b8d20d5e36181afee330bb46aa7480949a5908be08875dafc96669dc9962',2,0,'MyApp','[]',0,'2024-01-12 08:35:07','2024-01-12 08:35:07','2025-01-12 14:05:07'),('882dce7f7091bd1a3de1a4a4f295e6297ccc6cb92737b93bf82230c08c1f1be03224991536134941',14,0,'MyApp','[]',0,'2024-01-12 10:26:38','2024-01-12 10:26:38','2025-01-12 15:56:38'),('b59e50aa1bc6fc863f1b38f047fd387a3b52f3c1ea6dae86dedc2b063068518bae98010a72f681bb',14,0,'MyApp','[]',0,'2024-01-12 10:28:43','2024-01-12 10:28:43','2025-01-12 15:58:43'),('e88be0164a4028776b1a9109215d0fa9d0b9129fee6c7d225ab4b82c44dd641ff45a814fb23ced61',2,0,'MyApp','[]',0,'2024-01-12 10:30:48','2024-01-12 10:30:48','2025-01-12 16:00:48'),('da1a04ad94b3c15bf9c82e85c5446eb1fbc45479d92e90c558accae0d3a2726faf57c49b7c1d228b',14,0,'MyApp','[]',0,'2024-01-12 10:41:40','2024-01-12 10:41:40','2025-01-12 16:11:40'),('ed7b0802898d6589edb0b2d88c67cd28a8ac7ddc913fa2ecb2014a127398dcb1e55afb618c24e420',2,0,'MyApp','[]',0,'2024-01-12 10:47:42','2024-01-12 10:47:42','2025-01-12 16:17:42'),('59b88c4a2161c7ccf8052bbb6f53acd2d586a498ba00608cd2e3047a19eda9a9cfe6393d300f6f18',14,0,'MyApp','[]',0,'2024-01-12 10:56:34','2024-01-12 10:56:34','2025-01-12 16:26:34'),('1f3418f297f4c4e7746060d34965d313b654273d49bb78212e77a809f8e15ad8e16fd527c54f22d8',2,0,'MyApp','[]',0,'2024-01-12 11:01:26','2024-01-12 11:01:26','2025-01-12 16:31:26'),('78845a0508bdb0d52729710f4c6c2bdcce29a0a6d3ed05b6db6e29b227ef4db4e6dbda1cfc23c9b1',14,0,'MyApp','[]',0,'2024-01-12 11:37:54','2024-01-12 11:37:54','2025-01-12 17:07:54'),('753e05a3eb067ef1f91cb448ea1e22211d868b40da3711ea5931a720dcb1eedde89f196bf452a83a',2,0,'MyApp','[]',0,'2024-01-12 11:38:35','2024-01-12 11:38:35','2025-01-12 17:08:35'),('619d98a49b410dcdd4aa7c7f7ec3964709219aff3c0b6d031abe26687af26e007f5ed0f0283607de',14,0,'MyApp','[]',0,'2024-01-12 11:52:58','2024-01-12 11:52:58','2025-01-12 17:22:58'),('42ab6a2cc674e116c2dcc93ae6dba67586aec7148f6ffcee313d79d188dd0dc547240e12823ff641',2,0,'MyApp','[]',0,'2024-01-12 11:59:29','2024-01-12 11:59:29','2025-01-12 17:29:29'),('51b0256c4253426678c90bbd1995b34cc896fe1f5ed810beb29ac59cdde290e74b1a9b1dc72c53b2',14,0,'MyApp','[]',0,'2024-01-12 12:46:01','2024-01-12 12:46:01','2025-01-12 18:16:01'),('5d85dd097b1fb639ae4aad83dd171577768ac7c5283f09f33e6760123ce386f6f3fa611f09f61658',2,0,'MyApp','[]',0,'2024-01-12 12:48:31','2024-01-12 12:48:31','2025-01-12 18:18:31'),('c3a4860a648078bb30a61638c552d47941dcfd34a93d8cd8b0466fbbf88e047572d2ffee61f112db',14,0,'MyApp','[]',0,'2024-01-12 13:03:04','2024-01-12 13:03:04','2025-01-12 18:33:04'),('4fb28d2f2fe0ca202c80073394a40709cdb8787d5bdd052cb1c295a97108939299af250d2296a4b6',14,0,'MyApp','[]',0,'2024-01-12 13:10:25','2024-01-12 13:10:25','2025-01-12 18:40:25'),('5c2c861725b1b3cfa839e93999c1750607137369cc7bd64c7424f84f6efa4fc2a7676524796ee506',2,0,'MyApp','[]',0,'2024-01-12 13:18:23','2024-01-12 13:18:23','2025-01-12 18:48:23'),('521e5c9ea3f1bd1fe137947d680993cad4e2185e6ceaf14b3ec5ce6b630b293022cbd02961e48aa4',2,0,'MyApp','[]',0,'2024-01-12 13:41:33','2024-01-12 13:41:33','2025-01-12 19:11:33'),('3076437b6b004d06d7eb8bcf2fa4d3ffa19f4833b572dc307e509892e4ff047d480dcaa8c22b7a64',2,0,'MyApp','[]',0,'2024-01-12 13:44:32','2024-01-12 13:44:32','2025-01-12 19:14:32'),('ad125da54188b37628537d28df8e343b49e2ab34dca7fe2ac7e63eb2e2bfc2adeb64017970da8821',14,0,'MyApp','[]',0,'2024-01-12 13:53:03','2024-01-12 13:53:03','2025-01-12 19:23:03'),('568cbb660151273dd6aeef0633ac5f50807e53df6f84a7b95b1a6068f61d5d08e37f9898928064d1',2,0,'MyApp','[]',0,'2024-01-12 13:57:02','2024-01-12 13:57:02','2025-01-12 19:27:02'),('a3f5aef440cad1522f8f45a25413688ade162ff4dcf29581793942ae448dc6d742518e3d5916d72a',14,0,'MyApp','[]',0,'2024-01-12 14:03:28','2024-01-12 14:03:28','2025-01-12 19:33:28'),('850ba4dd75541a25434416974f6208062eb492e28a5b4a87920460dc6efa2bd0a328688c234e6067',14,0,'MyApp','[]',0,'2024-01-12 14:04:10','2024-01-12 14:04:10','2025-01-12 19:34:10'),('fc472897ed42d5e271f3fff1ef5802a548d202f340c865561c88265493056f349cb8c975f80dd393',14,0,'MyApp','[]',0,'2024-01-12 14:05:28','2024-01-12 14:05:28','2025-01-12 19:35:28'),('1eee22cb3c8d6900f50b2d4eb496b89cc162dc4968d4d83876024169c17deee95d9112ae8a2aaa36',14,0,'MyApp','[]',0,'2024-01-12 14:05:55','2024-01-12 14:05:55','2025-01-12 19:35:55'),('4dd21f01e559ae49d2441df08857da7774d0ff8b70a6d266910a1ff26ed1606bd03117f536ac87f9',14,0,'MyApp','[]',0,'2024-01-12 14:07:13','2024-01-12 14:07:13','2025-01-12 19:37:13'),('17e7bbc07312783a7cc5466b2ee56e94634d079c265e673edec1b29fdeaacef953c7d692c4f7ba40',2,0,'MyApp','[]',0,'2024-01-12 14:11:40','2024-01-12 14:11:40','2025-01-12 19:41:40'),('3c3c251057d12320b30487875811eb901d0d8493355a265f22a65a57325def1dee7cab1a073740f1',14,0,'MyApp','[]',0,'2024-01-15 05:38:47','2024-01-15 05:38:47','2025-01-15 11:08:47'),('a74571941b7523b24e96eeac2b9a9857eb9f6696a62c4564dd4ee149edfa73286414e1acdaa577dc',2,0,'MyApp','[]',0,'2024-01-15 05:44:58','2024-01-15 05:44:58','2025-01-15 11:14:58'),('1440e2cdda4ca1ea233f40965308cc64cbe16818bb1279aaa8c691e70aee05290aa6dabac816ab9e',2,0,'MyApp','[]',0,'2024-01-15 05:48:34','2024-01-15 05:48:34','2025-01-15 11:18:34'),('dfddcfda9e30dcd7f5b61beda3d2540731d45e80afb718e0ef605ab703b6d9d8d45fd366840cb34a',14,0,'MyApp','[]',0,'2024-01-15 06:11:59','2024-01-15 06:11:59','2025-01-15 11:41:59'),('4ad35428cb01923d9256bd66f323088b5e4eb1792dd51278c51e1677e532b3dc6817b80c5d686714',2,0,'MyApp','[]',0,'2024-01-15 06:30:41','2024-01-15 06:30:41','2025-01-15 12:00:41'),('71b8b2f145cd3856e75400c411f302ddf8bf67faf2e9a1f17ce237f06cf69eed1888aa60ae9a966a',2,0,'MyApp','[]',0,'2024-01-15 06:33:57','2024-01-15 06:33:57','2025-01-15 12:03:57'),('ae4728091b551b2528b4375f39a0e1c228d8f5ad868141009b0763f98089eae73cdfc951367bdfc9',2,0,'MyApp','[]',0,'2024-01-16 06:15:08','2024-01-16 06:15:08','2025-01-16 11:45:08'),('a9017172c194bdfdabd938119be39488d89124ed69b25f6c30a02e21ec383130af6a6f77a3073a79',19,0,'MyApp','[]',0,'2024-01-16 06:22:14','2024-01-16 06:22:14','2025-01-16 11:52:14'),('50a8008d8f9468a8823be18a1b465f878cf9b5c22f6131ab68b8252e7ce6265cba28bcb252cf7a2c',19,0,'MyApp','[]',0,'2024-02-01 06:32:11','2024-02-01 06:32:11','2025-02-01 12:02:11'),('9dad52d8ef0ebf49834479db855b58a99288dc39d57466ab0210c27ae752b0e9b6b95c2a3a499805',7,0,'MyApp','[]',0,'2024-02-01 06:49:56','2024-02-01 06:49:56','2025-02-01 12:19:56'),('f78b712abd6e84a09c3f7701a0f63ea9f67f26861389643147f39156e3fa945db2ed78624eb3bead',11,0,'MyApp','[]',0,'2024-02-01 06:58:52','2024-02-01 06:58:52','2025-02-01 12:28:52'),('e0aebbc24232644e702024cf194fa7b9c1c7949e834a87ec9e7dec2ac46855c06f493d96bc618e39',17,0,'MyApp','[]',0,'2024-02-01 06:59:40','2024-02-01 06:59:40','2025-02-01 12:29:40'),('3a6eed5f329dce4b81053439f9e76d877598d7e42f2bc338b3facbb6b10ddbb852c88e515d75f42e',19,0,'MyApp','[]',0,'2024-02-01 07:00:19','2024-02-01 07:00:19','2025-02-01 12:30:19'),('34c44e6f345a742be4bb9d740bf5dc040e4dfc17ab37651ab21eb0963a98c68b189f39f4846d18bb',14,0,'MyApp','[]',0,'2024-02-06 07:29:40','2024-02-06 07:29:40','2025-02-06 12:59:40'),('b704098b4f38a3513ff4e676a26f6edbc8f88d6ea132162ab29071077f70954e0f1bc8dd06e88a64',14,0,'MyApp','[]',1,'2024-02-06 07:31:11','2024-02-06 07:31:11','2025-02-06 13:01:11'),('673fb5ad593f086cfc839ad3e16c6953df0766f413f38e9439d422669043150086d8d9e0ebc31cef',14,0,'MyApp','[]',0,'2024-02-06 07:32:46','2024-02-06 07:32:46','2025-02-06 13:02:46'),('5154f3e634802cbbf23b3bbe5c35db1a401f25355f6e324d37ff41e90fd06bada913adea39d74c79',14,0,'MyApp','[]',0,'2024-02-06 08:41:43','2024-02-06 08:41:43','2025-02-06 14:11:43'),('fdd9f3781ae5b498e8db667b7fb3a05b9d0868f0629a3482c068e37af3dba99f87b2bce63c75a925',14,0,'MyApp','[]',1,'2024-02-06 08:42:30','2024-02-06 08:42:30','2025-02-06 14:12:30'),('f26581e68e46afc1aca8f3f579f78cfd8b1a6878956a80b786c0d9d343a5d4e0fe82f9ca756a8e14',2,0,'MyApp','[]',0,'2024-02-10 14:49:49','2024-02-10 14:49:49','2025-02-10 20:19:49');
/*!40000 ALTER TABLE `oauth_access_tokens` ENABLE KEYS */;
UNLOCK TABLES;

--
-- Table structure for table `oauth_auth_codes`
--

DROP TABLE IF EXISTS `oauth_auth_codes`;
/*!40101 SET @saved_cs_client     = @@character_set_client */;
/*!50503 SET character_set_client = utf8mb4 */;
CREATE TABLE `oauth_auth_codes` (
  `id` varchar(100) COLLATE utf8mb4_unicode_ci NOT NULL,
  `user_id` bigint(20) unsigned NOT NULL,
  `client_id` bigint(20) unsigned NOT NULL,
  `scopes` text COLLATE utf8mb4_unicode_ci,
  `revoked` tinyint(1) NOT NULL,
  `expires_at` datetime DEFAULT NULL
) ENGINE=InnoDB DEFAULT CHARSET=utf8mb4 COLLATE=utf8mb4_unicode_ci;
/*!40101 SET character_set_client = @saved_cs_client */;

--
-- Dumping data for table `oauth_auth_codes`
--

LOCK TABLES `oauth_auth_codes` WRITE;
/*!40000 ALTER TABLE `oauth_auth_codes` DISABLE KEYS */;
/*!40000 ALTER TABLE `oauth_auth_codes` ENABLE KEYS */;
UNLOCK TABLES;

--
-- Table structure for table `oauth_clients`
--

DROP TABLE IF EXISTS `oauth_clients`;
/*!40101 SET @saved_cs_client     = @@character_set_client */;
/*!50503 SET character_set_client = utf8mb4 */;
CREATE TABLE `oauth_clients` (
  `id` bigint(20) unsigned NOT NULL,
  `user_id` bigint(20) unsigned DEFAULT NULL,
  `name` varchar(255) COLLATE utf8mb4_unicode_ci NOT NULL,
  `secret` varchar(100) COLLATE utf8mb4_unicode_ci DEFAULT NULL,
  `provider` varchar(255) COLLATE utf8mb4_unicode_ci DEFAULT NULL,
  `redirect` text COLLATE utf8mb4_unicode_ci NOT NULL,
  `personal_access_client` tinyint(1) NOT NULL,
  `password_client` tinyint(1) NOT NULL,
  `revoked` tinyint(1) NOT NULL,
  `created_at` timestamp NULL DEFAULT NULL,
  `updated_at` timestamp NULL DEFAULT NULL
) ENGINE=InnoDB DEFAULT CHARSET=utf8mb4 COLLATE=utf8mb4_unicode_ci;
/*!40101 SET character_set_client = @saved_cs_client */;

--
-- Dumping data for table `oauth_clients`
--

LOCK TABLES `oauth_clients` WRITE;
/*!40000 ALTER TABLE `oauth_clients` DISABLE KEYS */;
INSERT INTO `oauth_clients` VALUES (0,NULL,'Laravel Personal Access Client','snWfVoquhDS8McyCvzy6jHlc8LNgJvImiA8a4iGg',NULL,'http://localhost',1,0,0,'2023-12-11 09:12:08','2023-12-11 09:12:08'),(0,NULL,'Laravel Password Grant Client','If3k7jKLI7C2DZcA5Ssf81oEyXgBG5OUz8O7DiDQ','users','http://localhost',0,1,0,'2023-12-11 09:12:08','2023-12-11 09:12:08');
/*!40000 ALTER TABLE `oauth_clients` ENABLE KEYS */;
UNLOCK TABLES;

--
-- Table structure for table `oauth_personal_access_clients`
--

DROP TABLE IF EXISTS `oauth_personal_access_clients`;
/*!40101 SET @saved_cs_client     = @@character_set_client */;
/*!50503 SET character_set_client = utf8mb4 */;
CREATE TABLE `oauth_personal_access_clients` (
  `id` bigint(20) unsigned NOT NULL,
  `client_id` bigint(20) unsigned NOT NULL,
  `created_at` timestamp NULL DEFAULT NULL,
  `updated_at` timestamp NULL DEFAULT NULL
) ENGINE=InnoDB DEFAULT CHARSET=utf8mb4 COLLATE=utf8mb4_unicode_ci;
/*!40101 SET character_set_client = @saved_cs_client */;

--
-- Dumping data for table `oauth_personal_access_clients`
--

LOCK TABLES `oauth_personal_access_clients` WRITE;
/*!40000 ALTER TABLE `oauth_personal_access_clients` DISABLE KEYS */;
INSERT INTO `oauth_personal_access_clients` VALUES (0,0,'2023-12-11 09:12:08','2023-12-11 09:12:08');
/*!40000 ALTER TABLE `oauth_personal_access_clients` ENABLE KEYS */;
UNLOCK TABLES;

--
-- Table structure for table `password_resets`
--

DROP TABLE IF EXISTS `password_resets`;
/*!40101 SET @saved_cs_client     = @@character_set_client */;
/*!50503 SET character_set_client = utf8mb4 */;
CREATE TABLE `password_resets` (
  `id` int(10) unsigned NOT NULL AUTO_INCREMENT,
  `email` varchar(191) COLLATE utf8mb4_unicode_ci NOT NULL,
  `token` varchar(191) COLLATE utf8mb4_unicode_ci NOT NULL,
  `created_at` timestamp NULL DEFAULT NULL,
  `updated_at` timestamp NULL DEFAULT NULL,
  PRIMARY KEY (`id`),
  KEY `password_resets_email_index` (`email`),
  KEY `password_resets_token_index` (`token`)
) ENGINE=InnoDB AUTO_INCREMENT=3 DEFAULT CHARSET=utf8mb4 COLLATE=utf8mb4_unicode_ci;
/*!40101 SET character_set_client = @saved_cs_client */;

--
-- Dumping data for table `password_resets`
--

LOCK TABLES `password_resets` WRITE;
/*!40000 ALTER TABLE `password_resets` DISABLE KEYS */;
/*!40000 ALTER TABLE `password_resets` ENABLE KEYS */;
UNLOCK TABLES;

--
-- Table structure for table `patient_registrations`
--

DROP TABLE IF EXISTS `patient_registrations`;
/*!40101 SET @saved_cs_client     = @@character_set_client */;
/*!50503 SET character_set_client = utf8mb4 */;
CREATE TABLE `patient_registrations` (
  `id` bigint(20) unsigned NOT NULL AUTO_INCREMENT,
  `user_id` bigint(20) unsigned DEFAULT NULL,
  `ambulance_id` bigint(20) unsigned DEFAULT NULL,
  `request_id` varchar(255) COLLATE utf8mb4_unicode_ci DEFAULT NULL,
  `service_area_id` bigint(20) unsigned DEFAULT NULL,
  `requester_name` varchar(255) COLLATE utf8mb4_unicode_ci NOT NULL,
  `pickup_address` varchar(255) COLLATE utf8mb4_unicode_ci NOT NULL,
  `pickup_latitude` double DEFAULT '0',
  `mobile_number` varchar(255) COLLATE utf8mb4_unicode_ci NOT NULL,
  `relation` varchar(255) COLLATE utf8mb4_unicode_ci DEFAULT NULL,
  `patient_name` varchar(255) COLLATE utf8mb4_unicode_ci DEFAULT NULL,
  `age` int(11) DEFAULT NULL,
  `gender` enum('Male','Female','Others') COLLATE utf8mb4_unicode_ci DEFAULT NULL,
  `reason` text COLLATE utf8mb4_unicode_ci,
  `drop_address` varchar(255) COLLATE utf8mb4_unicode_ci DEFAULT NULL,
  `drop_latitude` double DEFAULT '0',
  `start_address` varchar(255) COLLATE utf8mb4_unicode_ci DEFAULT NULL,
  `start_latitude` double DEFAULT '0',
  `start_meter_reading` double(8,2) DEFAULT NULL,
  `pickup_meter_reading` double(8,2) DEFAULT NULL,
  `drop_meter_reading` double(8,2) DEFAULT NULL,
  `distance_covered` double(8,2) DEFAULT NULL,
  `service_duration` varchar(255) COLLATE utf8mb4_unicode_ci DEFAULT NULL,
  `reject_reason` text COLLATE utf8mb4_unicode_ci,
  `patient_status` varchar(255) COLLATE utf8mb4_unicode_ci DEFAULT NULL,
  `cancel_reason` text COLLATE utf8mb4_unicode_ci,
  `district_id` bigint(20) unsigned DEFAULT NULL,
  `case_status` enum('cancelled','pending','ongoing','completed') COLLATE utf8mb4_unicode_ci DEFAULT 'pending',
  `request_status` enum('accepted','rejected','pending') COLLATE utf8mb4_unicode_ci DEFAULT 'pending',
  `pickup_longitude` double DEFAULT '0',
  `drop_longitude` double DEFAULT '0',
  `start_longitude` double DEFAULT '0',
  `created_by` bigint(20) unsigned DEFAULT NULL,
  `updated_by` bigint(20) unsigned DEFAULT NULL,
  `created_at` timestamp NULL DEFAULT NULL,
  `updated_at` timestamp NULL DEFAULT NULL,
  `deleted_at` timestamp NULL DEFAULT NULL,
  PRIMARY KEY (`id`),
  KEY `patient_registrations_user_id_foreign` (`user_id`),
  KEY `patient_registrations_ambulance_id_foreign` (`ambulance_id`),
  KEY `patient_registrations_district_id_foreign` (`district_id`),
  CONSTRAINT `patient_registrations_ambulance_id_foreign` FOREIGN KEY (`ambulance_id`) REFERENCES `ambulances` (`id`) ON DELETE CASCADE,
  CONSTRAINT `patient_registrations_district_id_foreign` FOREIGN KEY (`district_id`) REFERENCES `districts` (`id`) ON DELETE CASCADE,
  CONSTRAINT `patient_registrations_user_id_foreign` FOREIGN KEY (`user_id`) REFERENCES `users` (`id`) ON DELETE CASCADE
) ENGINE=InnoDB AUTO_INCREMENT=11 DEFAULT CHARSET=utf8mb4 COLLATE=utf8mb4_unicode_ci;
/*!40101 SET character_set_client = @saved_cs_client */;

--
-- Dumping data for table `patient_registrations`
--

LOCK TABLES `patient_registrations` WRITE;
/*!40000 ALTER TABLE `patient_registrations` DISABLE KEYS */;
INSERT INTO `patient_registrations` VALUES (2,19,3,'12345',7,'Rakesh Jain','Near Ram Mandir',131.044,'9876543234','Unknown','Shaili Sharma',60,'Female','Not known','',NULL,NULL,NULL,NULL,NULL,NULL,NULL,NULL,NULL,NULL,NULL,2,'ongoing','accepted',-25.363,NULL,NULL,NULL,NULL,'2024-01-16 06:56:34','2024-01-25 12:42:20',NULL),(4,1,8,NULL,2,'Akhilesh','near croma',22.7533,'9887654321','','',40,'Male','','',NULL,NULL,NULL,NULL,NULL,NULL,NULL,NULL,NULL,NULL,NULL,1,'ongoing','accepted',75.8937,NULL,NULL,NULL,NULL,'2024-01-23 11:37:36','2024-01-25 12:42:59',NULL),(5,1,1,NULL,1,'Sumit','Vijay Nagar',22.7533,'9878634012','','',0,'Male','','Bhawarkua',22.6845,NULL,NULL,NULL,NULL,NULL,NULL,NULL,NULL,NULL,NULL,1,'completed','accepted',75.8937,75.8645,NULL,NULL,NULL,'2024-01-23 14:29:54','2024-01-25 12:41:49',NULL),(6,1,6,NULL,5,'Mohan','Bus Stand',0,'9876543210',NULL,NULL,NULL,NULL,NULL,NULL,0,NULL,0,NULL,NULL,NULL,NULL,NULL,NULL,NULL,NULL,3,'ongoing','accepted',0,0,0,NULL,NULL,'2024-01-25 12:55:03','2024-01-25 12:55:13',NULL),(7,1,2,NULL,2,'Ankit Jadhav','medanta hospital',0,'9876543210',NULL,NULL,NULL,NULL,NULL,NULL,0,NULL,0,NULL,NULL,NULL,NULL,NULL,NULL,NULL,NULL,1,'ongoing','accepted',0,0,0,NULL,NULL,'2024-01-25 13:01:12','2024-01-25 13:01:45',NULL),(8,1,NULL,NULL,5,'pavan','Birla Hospital',0,'9878634012',NULL,NULL,NULL,NULL,NULL,NULL,0,NULL,0,NULL,NULL,NULL,NULL,NULL,NULL,NULL,NULL,3,'pending','pending',0,0,0,NULL,NULL,'2024-01-31 06:12:22','2024-01-31 06:12:22',NULL),(9,1,NULL,NULL,1,'akhilesh','Near Mc Donald',0,'9876543210',NULL,NULL,NULL,NULL,NULL,NULL,0,NULL,0,NULL,NULL,NULL,NULL,NULL,NULL,NULL,NULL,1,'pending','pending',0,0,0,NULL,NULL,'2024-02-01 06:52:26','2024-02-01 06:52:26',NULL),(10,1,6,NULL,6,'yash','JK Hospital',0,'9876555222',NULL,NULL,NULL,NULL,NULL,NULL,0,NULL,0,NULL,NULL,NULL,NULL,NULL,NULL,NULL,NULL,3,'ongoing','accepted',0,0,0,NULL,NULL,'2024-02-01 07:17:31','2024-02-09 09:12:29',NULL);
/*!40000 ALTER TABLE `patient_registrations` ENABLE KEYS */;
UNLOCK TABLES;

--
-- Table structure for table `permission_categories`
--

DROP TABLE IF EXISTS `permission_categories`;
/*!40101 SET @saved_cs_client     = @@character_set_client */;
/*!50503 SET character_set_client = utf8mb4 */;
CREATE TABLE `permission_categories` (
  `id` bigint(20) unsigned NOT NULL AUTO_INCREMENT,
  `category_name` varchar(50) COLLATE utf8mb4_unicode_ci NOT NULL,
  `created_by` int(11) NOT NULL,
  `updated_by` int(11) DEFAULT NULL,
  `created_at` timestamp NOT NULL DEFAULT CURRENT_TIMESTAMP,
  `updated_at` timestamp NOT NULL DEFAULT CURRENT_TIMESTAMP,
  PRIMARY KEY (`id`)
) ENGINE=InnoDB AUTO_INCREMENT=19 DEFAULT CHARSET=utf8mb4 COLLATE=utf8mb4_unicode_ci;
/*!40101 SET character_set_client = @saved_cs_client */;

--
-- Dumping data for table `permission_categories`
--

LOCK TABLES `permission_categories` WRITE;
/*!40000 ALTER TABLE `permission_categories` DISABLE KEYS */;
INSERT INTO `permission_categories` VALUES (1,'User Dashboard',1,1,'2023-09-28 04:52:26','2023-09-28 04:52:26'),(2,'User Roles',1,1,'2023-09-28 04:52:26','2023-09-28 04:52:26'),(3,'Human Resource',1,1,'2023-09-28 04:53:12','2023-09-28 04:53:12'),(4,'Master',1,1,'2023-09-28 04:53:12','2023-09-28 04:53:12'),(5,'Center',1,1,'2023-09-28 04:54:59','2023-09-28 04:54:59'),(6,'Call Center',1,1,'2023-09-28 04:54:59','2023-09-28 04:54:59'),(7,'Ambulance',1,1,'2023-09-28 04:54:59','2023-09-28 04:54:59'),(8,'Tickets',1,1,'2023-09-28 04:54:59','2023-09-28 04:54:59'),(9,'Settings',1,1,'2023-09-28 05:03:16','2023-09-28 05:35:47'),(10,'Attendance',1,1,'2023-09-28 06:59:45','2023-09-28 07:00:28'),(11,'Tasks',1,1,'2023-09-28 06:59:45','2023-09-28 06:59:45'),(12,'Employees',1,1,'2023-09-28 07:00:09','2023-09-28 07:00:09'),(13,'Students',1,1,'2023-09-28 07:00:09','2023-09-28 07:00:09'),(14,'Patient',1,1,'2023-09-28 23:59:41','2023-09-28 23:59:41'),(15,'Expenses',1,1,'2023-09-28 23:59:41','2023-09-28 23:59:41'),(16,'Documents',1,1,'2024-02-14 07:24:43','2024-02-14 07:24:43'),(17,'Leaves',1,1,'2024-02-14 07:24:43','2024-02-14 07:24:43'),(18,'Resignations',1,1,'2024-02-14 07:24:43','2024-02-14 07:24:43');
/*!40000 ALTER TABLE `permission_categories` ENABLE KEYS */;
UNLOCK TABLES;

--
-- Table structure for table `permissions`
--

DROP TABLE IF EXISTS `permissions`;
/*!40101 SET @saved_cs_client     = @@character_set_client */;
/*!50503 SET character_set_client = utf8mb4 */;
CREATE TABLE `permissions` (
  `id` bigint(20) unsigned NOT NULL AUTO_INCREMENT,
  `permission_category_id` bigint(20) unsigned NOT NULL,
  `permission_name` varchar(50) COLLATE utf8mb4_unicode_ci NOT NULL,
  `created_by` int(11) NOT NULL,
  `updated_by` int(11) DEFAULT NULL,
  `created_at` timestamp NOT NULL DEFAULT CURRENT_TIMESTAMP,
  `updated_at` timestamp NOT NULL DEFAULT CURRENT_TIMESTAMP,
  PRIMARY KEY (`id`),
  KEY `permission_category_id` (`permission_category_id`),
  CONSTRAINT `permissions_permission_category_id_foreign` FOREIGN KEY (`permission_category_id`) REFERENCES `permission_categories` (`id`)
) ENGINE=InnoDB AUTO_INCREMENT=89 DEFAULT CHARSET=utf8mb4 COLLATE=utf8mb4_unicode_ci;
/*!40101 SET character_set_client = @saved_cs_client */;

--
-- Dumping data for table `permissions`
--

LOCK TABLES `permissions` WRITE;
/*!40000 ALTER TABLE `permissions` DISABLE KEYS */;
INSERT INTO `permissions` VALUES (1,1,'View',1,1,'2023-09-28 07:23:30','2023-09-28 07:23:30'),(2,1,'Add',1,1,'2023-09-28 07:23:30','2023-09-28 07:23:30'),(3,1,'Update',1,1,'2023-09-28 07:23:30','2023-09-28 07:23:30'),(4,1,'Delete',1,1,'2023-09-28 07:23:30','2023-09-28 07:23:30'),(5,2,'View',1,1,'2023-09-28 07:23:30','2023-09-28 07:23:30'),(6,2,'Add',1,1,'2023-09-28 07:23:30','2023-09-28 07:23:30'),(7,2,'Update',1,1,'2023-09-28 07:23:30','2023-09-28 07:23:30'),(8,2,'Delete',1,1,'2023-09-28 07:23:30','2023-09-28 07:23:30'),(9,3,'View',1,1,'2023-09-28 07:23:30','2023-09-28 07:23:30'),(10,3,'Add',1,1,'2023-09-28 07:23:30','2023-09-28 07:23:30'),(11,3,'Update',1,1,'2023-09-28 07:23:30','2023-09-28 07:23:30'),(12,3,'Delete',1,1,'2023-09-28 07:23:30','2023-09-28 07:23:30'),(13,4,'View',1,1,'2023-09-28 07:23:30','2023-09-28 07:23:30'),(14,4,'Add',1,1,'2023-09-28 07:23:30','2023-09-28 07:23:30'),(15,4,'Update',1,1,'2023-09-28 07:23:30','2023-09-28 07:23:30'),(16,4,'Delete',1,1,'2023-09-28 07:23:30','2023-09-28 07:23:30'),(17,5,'View',1,1,'2023-09-28 07:23:30','2023-09-28 07:23:30'),(18,5,'Add',1,1,'2023-09-28 07:23:30','2023-09-28 07:23:30'),(19,5,'Update',1,1,'2023-09-28 07:23:30','2023-09-28 07:23:30'),(20,5,'Delete',1,1,'2023-09-28 07:23:30','2023-09-28 07:23:30'),(21,6,'View',1,1,'2023-09-28 07:23:30','2023-09-28 07:23:30'),(22,6,'Add',1,1,'2023-09-28 07:23:30','2023-09-28 07:23:30'),(23,6,'Update',1,1,'2023-09-28 07:23:30','2023-09-28 07:23:30'),(24,6,'Delete',1,1,'2023-09-28 07:23:30','2023-09-28 07:23:30'),(25,7,'View',1,1,'2023-09-28 07:23:30','2023-09-28 07:23:30'),(26,7,'Add',1,1,'2023-09-28 07:23:30','2023-09-28 07:23:30'),(27,7,'Update',1,1,'2023-09-28 07:23:30','2023-09-28 07:23:30'),(28,7,'Delete',1,1,'2023-09-28 07:23:30','2023-09-28 07:23:30'),(29,8,'View',1,1,'2023-09-28 07:23:30','2023-09-28 07:23:30'),(30,8,'Add',1,1,'2023-09-28 07:23:30','2023-09-28 07:23:30'),(31,8,'Update',1,1,'2023-09-28 07:23:30','2023-09-28 07:23:30'),(32,8,'Delete',1,1,'2023-09-28 07:23:30','2023-09-28 07:23:30'),(33,9,'View',1,1,'2023-09-28 07:23:30','2023-09-28 07:23:30'),(34,9,'Add',1,1,'2023-09-28 07:23:30','2023-09-28 07:23:30'),(35,9,'Update',1,1,'2023-09-28 07:23:30','2023-09-28 07:23:30'),(36,9,'Delete',1,1,'2023-09-28 07:23:30','2023-09-28 07:23:30'),(37,10,'View',1,1,'2023-09-28 07:25:02','2023-09-28 07:25:02'),(38,10,'Add',1,1,'2023-09-28 07:25:02','2023-09-28 07:25:02'),(39,10,'Update',1,1,'2023-09-28 07:25:02','2023-09-28 07:25:02'),(40,10,'Delete',1,1,'2023-09-28 07:25:02','2023-09-28 07:25:02'),(41,11,'View',1,1,'2023-09-28 07:25:02','2023-09-28 07:25:02'),(42,11,'Add',1,1,'2023-09-28 07:25:02','2023-09-28 07:25:02'),(43,11,'Update',1,1,'2023-09-28 07:25:02','2023-09-28 07:25:02'),(44,11,'Delete',1,1,'2023-09-28 07:25:02','2023-09-28 07:25:02'),(45,12,'View',1,1,'2023-09-28 07:25:02','2023-09-28 07:25:02'),(46,12,'Add',1,1,'2023-09-28 07:25:02','2023-09-28 07:25:02'),(47,12,'Update',1,1,'2023-09-28 07:25:02','2023-09-28 07:25:02'),(48,12,'Delete',1,1,'2023-09-28 07:25:02','2023-09-28 07:25:02'),(49,13,'View',1,1,'2023-09-28 07:25:02','2023-09-28 07:25:02'),(50,13,'Add',1,1,'2023-09-28 07:25:02','2023-09-28 07:25:02'),(51,13,'Update',1,1,'2023-09-28 07:25:02','2023-09-28 07:25:02'),(52,13,'Delete',1,1,'2023-09-28 07:25:02','2023-09-28 07:25:02'),(69,14,'View',1,1,'2024-01-18 14:19:48','2024-01-18 14:19:48'),(70,14,'Update',1,1,'2024-01-18 14:19:48','2024-01-18 14:19:48'),(71,14,'Add',1,1,'2024-01-18 14:19:48','2024-01-18 14:19:48'),(72,14,'Delete',1,1,'2024-01-18 14:19:48','2024-01-18 14:19:48'),(73,15,'View',1,1,'2024-01-18 14:19:48','2024-01-18 14:19:48'),(74,15,'Delete',1,1,'2024-01-18 14:19:48','2024-01-18 14:19:48'),(75,15,'Update',1,1,'2024-01-18 14:19:48','2024-01-18 14:19:48'),(76,15,'Add',1,1,'2024-01-18 14:19:48','2024-01-18 14:19:48'),(77,16,'Add',1,NULL,'2024-02-14 07:29:34','2024-02-14 07:29:34'),(78,16,'View',1,NULL,'2024-02-14 07:29:34','2024-02-14 07:29:34'),(79,16,'Update',1,NULL,'2024-02-14 07:29:34','2024-02-14 07:29:34'),(80,16,'Delete',1,NULL,'2024-02-14 07:29:34','2024-02-14 07:29:34'),(81,17,'Add',1,NULL,'2024-02-14 07:29:34','2024-02-14 07:29:34'),(82,17,'View',1,NULL,'2024-02-14 07:29:35','2024-02-14 07:29:35'),(83,17,'Update',1,NULL,'2024-02-14 07:29:35','2024-02-14 07:29:35'),(84,17,'Delete',1,NULL,'2024-02-14 07:29:35','2024-02-14 07:29:35'),(85,18,'Add',1,NULL,'2024-02-14 07:29:35','2024-02-14 07:29:35'),(86,18,'View',1,NULL,'2024-02-14 07:29:35','2024-02-14 07:29:35'),(87,18,'Update',1,NULL,'2024-02-14 07:29:35','2024-02-14 07:29:35'),(88,18,'Delete',1,NULL,'2024-02-14 07:29:35','2024-02-14 07:29:35');
/*!40000 ALTER TABLE `permissions` ENABLE KEYS */;
UNLOCK TABLES;

--
-- Table structure for table `resignation_reasons`
--

DROP TABLE IF EXISTS `resignation_reasons`;
/*!40101 SET @saved_cs_client     = @@character_set_client */;
/*!50503 SET character_set_client = utf8mb4 */;
CREATE TABLE `resignation_reasons` (
  `id` bigint(20) unsigned NOT NULL AUTO_INCREMENT,
  `reason` varchar(255) COLLATE utf8mb4_unicode_ci NOT NULL,
  `description` text COLLATE utf8mb4_unicode_ci,
  `created_by` bigint(20) unsigned DEFAULT NULL,
  `updated_by` bigint(20) unsigned DEFAULT NULL,
  `created_at` timestamp NULL DEFAULT NULL,
  `updated_at` timestamp NULL DEFAULT NULL,
  `deleted_at` timestamp NULL DEFAULT NULL,
  PRIMARY KEY (`id`)
) ENGINE=InnoDB AUTO_INCREMENT=2 DEFAULT CHARSET=utf8mb4 COLLATE=utf8mb4_unicode_ci;
/*!40101 SET character_set_client = @saved_cs_client */;

--
-- Dumping data for table `resignation_reasons`
--

LOCK TABLES `resignation_reasons` WRITE;
/*!40000 ALTER TABLE `resignation_reasons` DISABLE KEYS */;
INSERT INTO `resignation_reasons` VALUES (1,'Better Opportunity',NULL,1,NULL,NULL,NULL,NULL);
/*!40000 ALTER TABLE `resignation_reasons` ENABLE KEYS */;
UNLOCK TABLES;

--
-- Table structure for table `resignations`
--

DROP TABLE IF EXISTS `resignations`;
/*!40101 SET @saved_cs_client     = @@character_set_client */;
/*!50503 SET character_set_client = utf8mb4 */;
CREATE TABLE `resignations` (
  `id` bigint(20) unsigned NOT NULL AUTO_INCREMENT,
  `user_id` bigint(20) unsigned NOT NULL,
  `resignation_date` date NOT NULL,
  `last_working_day` date NOT NULL,
  `resignation_reasons_id` bigint(20) unsigned NOT NULL,
  `applying_to` bigint(20) unsigned NOT NULL,
  `remark` text COLLATE utf8mb4_unicode_ci NOT NULL,
  `attachment` varchar(255) COLLATE utf8mb4_unicode_ci DEFAULT NULL,
  `approved_by` bigint(20) unsigned DEFAULT NULL,
  `rejection_reason` text COLLATE utf8mb4_unicode_ci,
  `status` enum('pending','approved','rejected','withdrawn') COLLATE utf8mb4_unicode_ci NOT NULL DEFAULT 'pending',
  `created_at` timestamp NULL DEFAULT NULL,
  `updated_at` timestamp NULL DEFAULT NULL,
  `deleted_at` timestamp NULL DEFAULT NULL,
  PRIMARY KEY (`id`),
  KEY `resignations_user_id_foreign` (`user_id`),
  KEY `resignations_resignation_reasons_id_foreign` (`resignation_reasons_id`),
  KEY `resignations_approved_by_foreign` (`approved_by`),
  CONSTRAINT `resignations_approved_by_foreign` FOREIGN KEY (`approved_by`) REFERENCES `users` (`id`) ON DELETE CASCADE,
  CONSTRAINT `resignations_resignation_reasons_id_foreign` FOREIGN KEY (`resignation_reasons_id`) REFERENCES `resignation_reasons` (`id`),
  CONSTRAINT `resignations_user_id_foreign` FOREIGN KEY (`user_id`) REFERENCES `users` (`id`)
) ENGINE=InnoDB AUTO_INCREMENT=3 DEFAULT CHARSET=utf8mb4 COLLATE=utf8mb4_unicode_ci;
/*!40101 SET character_set_client = @saved_cs_client */;

--
-- Dumping data for table `resignations`
--

LOCK TABLES `resignations` WRITE;
/*!40000 ALTER TABLE `resignations` DISABLE KEYS */;
INSERT INTO `resignations` VALUES (1,2,'2023-12-14','2024-01-13',1,1,'I got new opportunity','https://parivaar.s3.ap-south-1.amazonaws.com/resignation_attachments/1/657a8a9a39deb.PNG',NULL,NULL,'withdrawn','2023-12-14 04:54:50','2023-12-14 05:12:35',NULL),(2,2,'2023-12-26','2024-01-12',1,1,'I got new opportunity',NULL,1,NULL,'approved','2023-12-26 11:23:48','2024-01-10 05:41:30',NULL);
/*!40000 ALTER TABLE `resignations` ENABLE KEYS */;
UNLOCK TABLES;

--
-- Table structure for table `role_permissions`
--

DROP TABLE IF EXISTS `role_permissions`;
/*!40101 SET @saved_cs_client     = @@character_set_client */;
/*!50503 SET character_set_client = utf8mb4 */;
CREATE TABLE `role_permissions` (
  `id` bigint(20) unsigned NOT NULL AUTO_INCREMENT,
  `role_id` int(11) NOT NULL,
  `permission_id` int(11) NOT NULL,
  `created_by` int(11) NOT NULL,
  `updated_by` int(11) DEFAULT NULL,
  `created_at` timestamp NOT NULL DEFAULT CURRENT_TIMESTAMP,
  `updated_at` timestamp NOT NULL DEFAULT CURRENT_TIMESTAMP,
  PRIMARY KEY (`id`),
  KEY `role_id` (`role_id`),
  KEY `permission_id` (`permission_id`)
) ENGINE=InnoDB AUTO_INCREMENT=265 DEFAULT CHARSET=utf8mb4 COLLATE=utf8mb4_unicode_ci;
/*!40101 SET character_set_client = @saved_cs_client */;

--
-- Dumping data for table `role_permissions`
--

LOCK TABLES `role_permissions` WRITE;
/*!40000 ALTER TABLE `role_permissions` DISABLE KEYS */;
INSERT INTO `role_permissions` VALUES (101,1,1,1,1,'2023-12-08 12:59:24','2023-12-08 12:59:24'),(102,1,2,1,1,'2023-12-08 12:59:24','2023-12-08 12:59:24'),(103,1,3,1,1,'2023-12-08 12:59:24','2023-12-08 12:59:24'),(104,1,4,1,1,'2023-12-08 12:59:24','2023-12-08 12:59:24'),(105,1,5,1,1,'2023-12-08 12:59:24','2023-12-08 12:59:24'),(106,1,6,1,1,'2023-12-08 12:59:24','2023-12-08 12:59:24'),(107,1,7,1,1,'2023-12-08 12:59:24','2023-12-08 12:59:24'),(108,1,8,1,1,'2023-12-08 12:59:24','2023-12-08 12:59:24'),(109,1,9,1,1,'2023-12-08 12:59:24','2023-12-08 12:59:24'),(110,1,10,1,1,'2023-12-08 12:59:24','2023-12-08 12:59:24'),(111,1,11,1,1,'2023-12-08 12:59:24','2023-12-08 12:59:24'),(112,1,12,1,1,'2023-12-08 12:59:24','2023-12-08 12:59:24'),(113,1,13,1,1,'2023-12-08 12:59:24','2023-12-08 12:59:24'),(114,1,14,1,1,'2023-12-08 12:59:24','2023-12-08 12:59:24'),(115,1,15,1,1,'2023-12-08 12:59:24','2023-12-08 12:59:24'),(116,1,16,1,1,'2023-12-08 12:59:24','2023-12-08 12:59:24'),(117,1,17,1,1,'2023-12-08 12:59:24','2023-12-08 12:59:24'),(118,1,18,1,1,'2023-12-08 12:59:24','2023-12-08 12:59:24'),(119,1,19,1,1,'2023-12-08 12:59:24','2023-12-08 12:59:24'),(120,1,20,1,1,'2023-12-08 12:59:24','2023-12-08 12:59:24'),(121,1,21,1,1,'2023-12-08 12:59:24','2023-12-08 12:59:24'),(122,1,22,1,1,'2023-12-08 12:59:24','2023-12-08 12:59:24'),(123,1,23,1,1,'2023-12-08 12:59:24','2023-12-08 12:59:24'),(124,1,24,1,1,'2023-12-08 12:59:24','2023-12-08 12:59:24'),(125,1,25,1,1,'2023-12-08 12:59:24','2023-12-08 12:59:24'),(126,1,26,1,1,'2023-12-08 12:59:24','2023-12-08 12:59:24'),(127,1,27,1,1,'2023-12-08 12:59:24','2023-12-08 12:59:24'),(128,1,28,1,1,'2023-12-08 12:59:24','2023-12-08 12:59:24'),(129,1,29,1,1,'2023-12-08 12:59:24','2023-12-08 12:59:24'),(130,1,30,1,1,'2023-12-08 12:59:24','2023-12-08 12:59:24'),(131,1,31,1,1,'2023-12-08 12:59:24','2023-12-08 12:59:24'),(132,1,32,1,1,'2023-12-08 12:59:24','2023-12-08 12:59:24'),(133,1,33,1,1,'2023-12-08 12:59:24','2023-12-08 12:59:24'),(134,1,34,1,1,'2023-12-08 12:59:24','2023-12-08 12:59:24'),(135,1,35,1,1,'2023-12-08 12:59:24','2023-12-08 12:59:24'),(136,1,36,1,1,'2023-12-08 12:59:24','2023-12-08 12:59:24'),(137,1,37,1,1,'2023-12-08 12:59:24','2023-12-08 12:59:24'),(138,1,38,1,1,'2023-12-08 12:59:24','2023-12-08 12:59:24'),(139,1,39,1,1,'2023-12-08 12:59:24','2023-12-08 12:59:24'),(140,1,40,1,1,'2023-12-08 12:59:24','2023-12-08 12:59:24'),(141,4,49,1,1,'2023-12-08 13:00:00','2023-12-08 13:00:00'),(142,4,50,1,1,'2023-12-08 13:00:00','2023-12-08 13:00:00'),(143,4,51,1,1,'2023-12-08 13:00:00','2023-12-08 13:00:00'),(144,4,52,1,1,'2023-12-08 13:00:00','2023-12-08 13:00:00'),(145,10,1,1,1,'2024-01-18 14:06:52','2024-01-18 14:06:52'),(146,10,2,1,1,'2024-01-18 14:06:52','2024-01-18 14:06:52'),(147,10,3,1,1,'2024-01-18 14:06:52','2024-01-18 14:06:52'),(148,10,4,1,1,'2024-01-18 14:06:52','2024-01-18 14:06:52'),(153,2,69,1,1,'2024-01-19 05:30:55','2024-01-19 05:30:55'),(154,2,70,1,1,'2024-01-19 05:30:55','2024-01-19 05:30:55'),(155,2,71,1,1,'2024-01-19 05:30:55','2024-01-19 05:30:55'),(156,2,72,1,1,'2024-01-19 05:30:55','2024-01-19 05:30:55'),(157,2,73,1,1,'2024-01-19 05:30:55','2024-01-19 05:30:55'),(158,2,74,1,1,'2024-01-19 05:30:55','2024-01-19 05:30:55'),(159,2,75,1,1,'2024-01-19 05:30:55','2024-01-19 05:30:55'),(160,2,76,1,1,'2024-01-19 05:30:55','2024-01-19 05:30:55'),(161,6,77,1,1,'2024-02-14 07:30:13','2024-02-14 07:30:13'),(162,6,78,1,1,'2024-02-14 07:30:13','2024-02-14 07:30:13'),(163,6,79,1,1,'2024-02-14 07:30:13','2024-02-14 07:30:13'),(164,6,80,1,1,'2024-02-14 07:30:13','2024-02-14 07:30:13'),(165,6,81,1,1,'2024-02-14 07:30:13','2024-02-14 07:30:13'),(166,6,82,1,1,'2024-02-14 07:30:13','2024-02-14 07:30:13'),(167,6,83,1,1,'2024-02-14 07:30:13','2024-02-14 07:30:13'),(168,6,84,1,1,'2024-02-14 07:30:13','2024-02-14 07:30:13'),(249,12,25,1,1,'2024-02-15 11:56:25','2024-02-15 11:56:25'),(250,12,26,1,1,'2024-02-15 11:56:25','2024-02-15 11:56:25'),(251,12,27,1,1,'2024-02-15 11:56:25','2024-02-15 11:56:25'),(252,12,28,1,1,'2024-02-15 11:56:25','2024-02-15 11:56:25'),(253,12,29,1,1,'2024-02-15 11:56:25','2024-02-15 11:56:25'),(254,12,30,1,1,'2024-02-15 11:56:25','2024-02-15 11:56:25'),(255,12,31,1,1,'2024-02-15 11:56:25','2024-02-15 11:56:25'),(256,12,32,1,1,'2024-02-15 11:56:25','2024-02-15 11:56:25'),(257,12,33,1,1,'2024-02-15 11:56:25','2024-02-15 11:56:25'),(258,12,34,1,1,'2024-02-15 11:56:25','2024-02-15 11:56:25'),(259,12,35,1,1,'2024-02-15 11:56:25','2024-02-15 11:56:25'),(260,12,36,1,1,'2024-02-15 11:56:25','2024-02-15 11:56:25'),(261,12,37,1,1,'2024-02-15 11:56:25','2024-02-15 11:56:25'),(262,12,38,1,1,'2024-02-15 11:56:25','2024-02-15 11:56:25'),(263,12,39,1,1,'2024-02-15 11:56:25','2024-02-15 11:56:25'),(264,12,40,1,1,'2024-02-15 11:56:25','2024-02-15 11:56:25');
/*!40000 ALTER TABLE `role_permissions` ENABLE KEYS */;
UNLOCK TABLES;

--
-- Table structure for table `roles`
--

DROP TABLE IF EXISTS `roles`;
/*!40101 SET @saved_cs_client     = @@character_set_client */;
/*!50503 SET character_set_client = utf8mb4 */;
CREATE TABLE `roles` (
  `id` bigint(20) unsigned NOT NULL AUTO_INCREMENT,
  `parent_id` bigint(20) NOT NULL DEFAULT '0',
  `role_slug` varchar(50) COLLATE utf8mb4_unicode_ci NOT NULL,
  `role_name` varchar(50) COLLATE utf8mb4_unicode_ci DEFAULT NULL,
  `role_description` text COLLATE utf8mb4_unicode_ci,
  `is_self_registration` tinyint(4) DEFAULT NULL,
  `approved_by_role_id` int(11) DEFAULT NULL,
  `created_by` int(11) DEFAULT NULL,
  `updated_by` int(11) DEFAULT NULL,
  `created_at` datetime DEFAULT CURRENT_TIMESTAMP,
  `updated_at` datetime DEFAULT CURRENT_TIMESTAMP,
  `deleted_at` timestamp NULL DEFAULT NULL,
  `is_active` tinyint(4) DEFAULT NULL,
  `department_id` int(11) DEFAULT NULL,
  PRIMARY KEY (`id`)
) ENGINE=InnoDB AUTO_INCREMENT=13 DEFAULT CHARSET=utf8mb4 COLLATE=utf8mb4_unicode_ci;
/*!40101 SET character_set_client = @saved_cs_client */;

--
-- Dumping data for table `roles`
--

LOCK TABLES `roles` WRITE;
/*!40000 ALTER TABLE `roles` DISABLE KEYS */;
INSERT INTO `roles` VALUES (1,0,'super-admin','Super Admin','Super Admin Role',NULL,NULL,NULL,NULL,'2023-10-04 13:53:30','2023-10-06 16:42:44',NULL,NULL,1),(2,0,'district-anchor','District Anchor','District Anchor Role',NULL,1,NULL,NULL,'2023-10-04 13:53:42','2023-10-04 13:56:11',NULL,NULL,NULL),(3,8,'cluster-coordinator','Cluster Coordinator','Cluster Coordinator Role',NULL,2,NULL,NULL,'2023-10-04 13:53:55','2023-10-04 13:56:15',NULL,NULL,NULL),(4,8,'teacher','Teacher','Teacher Role',NULL,2,NULL,NULL,'2023-10-04 13:54:09','2023-10-04 13:56:17',NULL,NULL,NULL),(5,0,'driver','Driver','Driver Role',NULL,2,NULL,NULL,'2023-10-04 13:54:23','2023-10-06 16:42:55',NULL,NULL,2),(6,0,'attendant','Attendant','Attendant Role',NULL,2,NULL,NULL,'2023-10-04 13:54:35','2023-10-06 16:42:52',NULL,NULL,2),(7,8,'human-resource','Human Resource','HR Role',NULL,1,NULL,NULL,'2023-10-04 13:54:48','2023-10-11 05:46:14',NULL,NULL,1),(8,0,'sub-admin','Sub Admin','Sub Admin Role',NULL,1,NULL,NULL,'2023-10-04 13:54:48','2023-10-11 05:46:14',NULL,NULL,NULL);
/*!40000 ALTER TABLE `roles` ENABLE KEYS */;
UNLOCK TABLES;

--
-- Table structure for table `route_points`
--

DROP TABLE IF EXISTS `route_points`;
/*!40101 SET @saved_cs_client     = @@character_set_client */;
/*!50503 SET character_set_client = utf8mb4 */;
CREATE TABLE `route_points` (
  `id` bigint(20) unsigned NOT NULL,
  `case_id` bigint(20) unsigned DEFAULT NULL,
  `driver_id` bigint(20) unsigned DEFAULT NULL,
  `latitude` double DEFAULT NULL,
  `longitude` double DEFAULT NULL,
  `created_at` timestamp NOT NULL DEFAULT CURRENT_TIMESTAMP,
  `updated_at` timestamp NOT NULL DEFAULT CURRENT_TIMESTAMP ON UPDATE CURRENT_TIMESTAMP,
  PRIMARY KEY (`id`),
  KEY `case_id` (`case_id`),
  KEY `driver_id` (`driver_id`),
  CONSTRAINT `route_points_ibfk_1` FOREIGN KEY (`case_id`) REFERENCES `patient_registrations` (`id`),
  CONSTRAINT `route_points_ibfk_2` FOREIGN KEY (`driver_id`) REFERENCES `users` (`id`)
) ENGINE=InnoDB DEFAULT CHARSET=latin1;
/*!40101 SET character_set_client = @saved_cs_client */;

--
-- Dumping data for table `route_points`
--

LOCK TABLES `route_points` WRITE;
/*!40000 ALTER TABLE `route_points` DISABLE KEYS */;
/*!40000 ALTER TABLE `route_points` ENABLE KEYS */;
UNLOCK TABLES;

--
-- Table structure for table `salary_slips`
--

DROP TABLE IF EXISTS `salary_slips`;
/*!40101 SET @saved_cs_client     = @@character_set_client */;
/*!50503 SET character_set_client = utf8mb4 */;
CREATE TABLE `salary_slips` (
  `id` bigint(20) unsigned NOT NULL AUTO_INCREMENT,
  `user_id` bigint(20) unsigned NOT NULL,
  `salary_date` date NOT NULL,
  `month` tinyint(4) NOT NULL,
  `year` int(11) NOT NULL,
  `basic_salary` decimal(8,2) NOT NULL,
  `house_rent_allowance` decimal(8,2) NOT NULL,
  `conveyance_allowance` decimal(8,2) NOT NULL,
  `special_allowances` decimal(8,2) NOT NULL,
  `professional_tax` decimal(8,2) NOT NULL,
  `gross_salary` decimal(8,2) NOT NULL,
  `net_payable_amount` decimal(8,2) NOT NULL,
  `pf_contribution` decimal(8,2) NOT NULL,
  `created_at` timestamp NULL DEFAULT NULL,
  `updated_at` timestamp NULL DEFAULT NULL,
  `deleted_at` timestamp NULL DEFAULT NULL,
  PRIMARY KEY (`id`),
  KEY `salary_slips_user_id_foreign` (`user_id`),
  CONSTRAINT `salary_slips_user_id_foreign` FOREIGN KEY (`user_id`) REFERENCES `users` (`id`) ON DELETE CASCADE
) ENGINE=InnoDB AUTO_INCREMENT=5 DEFAULT CHARSET=utf8mb4 COLLATE=utf8mb4_unicode_ci;
/*!40101 SET character_set_client = @saved_cs_client */;

--
-- Dumping data for table `salary_slips`
--

LOCK TABLES `salary_slips` WRITE;
/*!40000 ALTER TABLE `salary_slips` DISABLE KEYS */;
INSERT INTO `salary_slips` VALUES (1,2,'2023-12-01',12,2023,32300.00,21533.00,4167.00,1800.00,208.00,58000.00,54192.00,1800.00,NULL,NULL,NULL),(2,2,'2023-11-01',11,2023,25000.00,5000.00,2000.00,1000.00,100.00,33000.00,30400.00,2500.00,'2023-12-26 12:59:04','2023-12-26 12:59:04',NULL),(4,11,'2024-01-01',1,2024,25000.00,5000.00,2000.00,1500.00,100.00,33500.00,30900.00,2500.00,'2024-02-14 10:20:07','2024-02-14 10:21:28',NULL);
/*!40000 ALTER TABLE `salary_slips` ENABLE KEYS */;
UNLOCK TABLES;

--
-- Table structure for table `service_areas`
--

DROP TABLE IF EXISTS `service_areas`;
/*!40101 SET @saved_cs_client     = @@character_set_client */;
/*!50503 SET character_set_client = utf8mb4 */;
CREATE TABLE `service_areas` (
  `id` bigint(20) unsigned NOT NULL AUTO_INCREMENT,
  `service_area` varchar(255) NOT NULL,
  `district_id` bigint(20) unsigned NOT NULL,
  `created_at` timestamp NOT NULL DEFAULT CURRENT_TIMESTAMP,
  `updated_at` timestamp NOT NULL DEFAULT CURRENT_TIMESTAMP ON UPDATE CURRENT_TIMESTAMP,
  PRIMARY KEY (`id`),
  KEY `service_areas_district_id_foreign` (`district_id`),
  CONSTRAINT `service_areas_district_id_foreign` FOREIGN KEY (`district_id`) REFERENCES `districts` (`id`)
) ENGINE=InnoDB AUTO_INCREMENT=9 DEFAULT CHARSET=utf8mb4;
/*!40101 SET character_set_client = @saved_cs_client */;

--
-- Dumping data for table `service_areas`
--

LOCK TABLES `service_areas` WRITE;
/*!40000 ALTER TABLE `service_areas` DISABLE KEYS */;
INSERT INTO `service_areas` VALUES (1,'Vijay Nagar',1,'2024-01-23 09:14:20','2024-01-23 09:14:20'),(2,'Satya Sai',1,'2024-01-23 09:14:20','2024-01-23 09:14:20'),(3,'Indirasagar Dam',4,'2024-01-23 11:41:06','2024-01-23 11:41:06'),(4,'Ranmukteshwar Temple',4,'2024-01-23 11:41:07','2024-01-23 11:41:07'),(5,'Nanakheda',3,'2024-01-23 11:42:41','2024-01-23 11:42:41'),(6,'Basant Vihar',3,'2024-01-23 11:42:41','2024-01-23 11:42:41'),(7,'Saru-Maru Caves',2,'2024-01-23 11:44:24','2024-01-23 11:44:24'),(8,' Chintaman Siddha Ganesh Mandir',2,'2024-01-23 11:44:24','2024-01-23 11:44:24');
/*!40000 ALTER TABLE `service_areas` ENABLE KEYS */;
UNLOCK TABLES;

--
-- Table structure for table `shift_types`
--

DROP TABLE IF EXISTS `shift_types`;
/*!40101 SET @saved_cs_client     = @@character_set_client */;
/*!50503 SET character_set_client = utf8mb4 */;
CREATE TABLE `shift_types` (
  `id` bigint(20) unsigned NOT NULL AUTO_INCREMENT,
  `shift_name` varchar(250) COLLATE utf8mb4_unicode_ci NOT NULL,
  `created_at` timestamp NOT NULL DEFAULT CURRENT_TIMESTAMP,
  `updated_at` timestamp NOT NULL DEFAULT CURRENT_TIMESTAMP,
  PRIMARY KEY (`id`)
) ENGINE=InnoDB AUTO_INCREMENT=3 DEFAULT CHARSET=utf8mb4 COLLATE=utf8mb4_unicode_ci;
/*!40101 SET character_set_client = @saved_cs_client */;

--
-- Dumping data for table `shift_types`
--

LOCK TABLES `shift_types` WRITE;
/*!40000 ALTER TABLE `shift_types` DISABLE KEYS */;
INSERT INTO `shift_types` VALUES (1,'Morning Shift','2023-12-11 07:16:51','2023-12-11 07:16:51'),(2,'Night Shift','2023-12-11 07:16:51','2023-12-11 07:16:51');
/*!40000 ALTER TABLE `shift_types` ENABLE KEYS */;
UNLOCK TABLES;

--
-- Table structure for table `states`
--

DROP TABLE IF EXISTS `states`;
/*!40101 SET @saved_cs_client     = @@character_set_client */;
/*!50503 SET character_set_client = utf8mb4 */;
CREATE TABLE `states` (
  `id` bigint(20) unsigned NOT NULL AUTO_INCREMENT,
  `state_name` varchar(255) COLLATE utf8mb4_unicode_ci NOT NULL,
  `created_by` int(11) NOT NULL,
  `updated_by` int(11) DEFAULT NULL,
  `created_at` timestamp NOT NULL DEFAULT CURRENT_TIMESTAMP,
  `updated_at` timestamp NOT NULL DEFAULT CURRENT_TIMESTAMP,
  `deleted_at` timestamp NULL DEFAULT NULL,
  PRIMARY KEY (`id`)
) ENGINE=InnoDB AUTO_INCREMENT=4 DEFAULT CHARSET=utf8mb4 COLLATE=utf8mb4_unicode_ci;
/*!40101 SET character_set_client = @saved_cs_client */;

--
-- Dumping data for table `states`
--

LOCK TABLES `states` WRITE;
/*!40000 ALTER TABLE `states` DISABLE KEYS */;
INSERT INTO `states` VALUES (1,'Madhya Pradesh',1,1,'2023-12-07 08:44:20','2023-12-07 08:44:20',NULL),(2,'Rajasthan',1,1,'2024-01-05 05:46:49','2024-01-05 05:46:49',NULL),(3,'karnataka',1,1,'2024-02-20 06:16:37','2024-02-20 06:16:37',NULL);
/*!40000 ALTER TABLE `states` ENABLE KEYS */;
UNLOCK TABLES;

--
-- Table structure for table `students`
--

DROP TABLE IF EXISTS `students`;
/*!40101 SET @saved_cs_client     = @@character_set_client */;
/*!50503 SET character_set_client = utf8mb4 */;
CREATE TABLE `students` (
  `id` bigint(20) unsigned NOT NULL AUTO_INCREMENT,
  `name` varchar(255) COLLATE utf8mb4_unicode_ci NOT NULL,
  `gender` varchar(255) COLLATE utf8mb4_unicode_ci NOT NULL,
  `dob` date NOT NULL,
  `class` varchar(255) COLLATE utf8mb4_unicode_ci NOT NULL,
  `nationality` varchar(255) COLLATE utf8mb4_unicode_ci DEFAULT NULL,
  `category` varchar(255) COLLATE utf8mb4_unicode_ci DEFAULT NULL,
  `center` varchar(255) COLLATE utf8mb4_unicode_ci DEFAULT NULL,
  `medium_of_examination` varchar(255) COLLATE utf8mb4_unicode_ci DEFAULT NULL,
  `identification_mark` varchar(255) COLLATE utf8mb4_unicode_ci DEFAULT NULL,
  `disability` varchar(255) COLLATE utf8mb4_unicode_ci DEFAULT NULL,
  `marital_status` varchar(255) COLLATE utf8mb4_unicode_ci DEFAULT NULL,
  `address` varchar(255) COLLATE utf8mb4_unicode_ci DEFAULT NULL,
  `father_name` varchar(255) COLLATE utf8mb4_unicode_ci DEFAULT NULL,
  `mother_name` varchar(255) COLLATE utf8mb4_unicode_ci DEFAULT NULL,
  `mobile_number` varchar(255) COLLATE utf8mb4_unicode_ci DEFAULT NULL,
  `previous_class_document_path` varchar(255) COLLATE utf8mb4_unicode_ci DEFAULT NULL,
  `birth_certificate_path` varchar(255) COLLATE utf8mb4_unicode_ci DEFAULT NULL,
  `address_proof_path` varchar(255) COLLATE utf8mb4_unicode_ci DEFAULT NULL,
  `id_proof_path` varchar(255) COLLATE utf8mb4_unicode_ci DEFAULT NULL,
  `application_form_path` varchar(255) COLLATE utf8mb4_unicode_ci DEFAULT NULL,
  `created_at` timestamp NULL DEFAULT NULL,
  `updated_at` timestamp NULL DEFAULT NULL,
  `deleted_at` timestamp NULL DEFAULT NULL,
  PRIMARY KEY (`id`)
) ENGINE=InnoDB DEFAULT CHARSET=utf8mb4 COLLATE=utf8mb4_unicode_ci;
/*!40101 SET character_set_client = @saved_cs_client */;

--
-- Dumping data for table `students`
--

LOCK TABLES `students` WRITE;
/*!40000 ALTER TABLE `students` DISABLE KEYS */;
/*!40000 ALTER TABLE `students` ENABLE KEYS */;
UNLOCK TABLES;

--
-- Table structure for table `task_attachments`
--

DROP TABLE IF EXISTS `task_attachments`;
/*!40101 SET @saved_cs_client     = @@character_set_client */;
/*!50503 SET character_set_client = utf8mb4 */;
CREATE TABLE `task_attachments` (
  `id` bigint(20) NOT NULL AUTO_INCREMENT,
  `task_id` bigint(20) NOT NULL,
  `file_name` text,
  `attachment_path` text,
  `created_at` timestamp NOT NULL DEFAULT CURRENT_TIMESTAMP,
  `updated_at` timestamp NOT NULL DEFAULT CURRENT_TIMESTAMP ON UPDATE CURRENT_TIMESTAMP,
  PRIMARY KEY (`id`)
) ENGINE=InnoDB AUTO_INCREMENT=7 DEFAULT CHARSET=utf8mb4;
/*!40101 SET character_set_client = @saved_cs_client */;

--
-- Dumping data for table `task_attachments`
--

LOCK TABLES `task_attachments` WRITE;
/*!40000 ALTER TABLE `task_attachments` DISABLE KEYS */;
INSERT INTO `task_attachments` VALUES (1,28,'Time-Tracking-Workshots (2).png','https://parivaar.s3.ap-south-1.amazonaws.com/Task/28/65afb755495ce.png','2024-01-23 12:55:49','2024-01-23 12:55:49'),(2,28,'image.png','https://parivaar.s3.ap-south-1.amazonaws.com/Task/28/65afb755687cd.png','2024-01-23 12:55:49','2024-01-23 12:55:49'),(3,28,'Time-Tracking-Workshots (1).png','https://parivaar.s3.ap-south-1.amazonaws.com/Task/28/65afb7558172f.png','2024-01-23 12:55:49','2024-01-23 12:55:49'),(4,29,'holiday_list_2025 - Sheet1.csv','https://parivaar.s3.ap-south-1.amazonaws.com/Task/29/65afb76eb36db.csv','2024-01-23 12:56:14','2024-01-23 12:56:14'),(5,29,'658a97ad4a63c.doc','https://parivaar.s3.ap-south-1.amazonaws.com/Task/29/65afb76ec274b.doc','2024-01-23 12:56:14','2024-01-23 12:56:14'),(6,29,'expense_attachments.sql','https://parivaar.s3.ap-south-1.amazonaws.com/Task/29/65afb76ecb501.sql','2024-01-23 12:56:14','2024-01-23 12:56:14');
/*!40000 ALTER TABLE `task_attachments` ENABLE KEYS */;
UNLOCK TABLES;

--
-- Table structure for table `tasks`
--

DROP TABLE IF EXISTS `tasks`;
/*!40101 SET @saved_cs_client     = @@character_set_client */;
/*!50503 SET character_set_client = utf8mb4 */;
CREATE TABLE `tasks` (
  `id` bigint(20) unsigned NOT NULL AUTO_INCREMENT,
  `title` varchar(255) COLLATE utf8mb4_unicode_ci NOT NULL,
  `description` text COLLATE utf8mb4_unicode_ci NOT NULL,
  `priority` varchar(255) COLLATE utf8mb4_unicode_ci NOT NULL,
  `attached_file` varchar(255) COLLATE utf8mb4_unicode_ci DEFAULT NULL,
  `assigned_to` bigint(20) unsigned NOT NULL,
  `status` enum('Created','Assigned','In Progress','Completed','Cancelled') COLLATE utf8mb4_unicode_ci NOT NULL DEFAULT 'Created',
  `remark` text COLLATE utf8mb4_unicode_ci,
  `created_by` bigint(20) unsigned DEFAULT NULL,
  `updated_by` bigint(20) unsigned DEFAULT NULL,
  `created_at` timestamp NULL DEFAULT NULL,
  `updated_at` timestamp NULL DEFAULT NULL,
  `deleted_at` timestamp NULL DEFAULT NULL,
  PRIMARY KEY (`id`)
) ENGINE=InnoDB AUTO_INCREMENT=32 DEFAULT CHARSET=utf8mb4 COLLATE=utf8mb4_unicode_ci;
/*!40101 SET character_set_client = @saved_cs_client */;

--
-- Dumping data for table `tasks`
--

LOCK TABLES `tasks` WRITE;
/*!40000 ALTER TABLE `tasks` DISABLE KEYS */;
INSERT INTO `tasks` VALUES (1,'Edit Profile','Insert profile photo.','medium',NULL,1,'In Progress','Testing remark',1,2,'2023-12-09 15:46:48','2023-12-26 14:11:44',NULL),(2,'Purchase Oxyzen','Purchase Oxyzen Cylander','High',NULL,1,'In Progress','Testing remark',2,NULL,'2023-12-14 09:17:32','2023-12-14 11:53:39',NULL),(5,'Purchase Oxyzen','Purchase Oxyzen Cylander','High',NULL,1,'Assigned',NULL,2,NULL,'2023-12-14 09:46:27','2023-12-14 09:46:27',NULL),(6,'Purchase Oxyzen','Purchase Oxyzen Cylander','High','https://parivaar.s3.ap-south-1.amazonaws.com/task_attachments/6/657ad0928dc78.PNG',1,'In Progress','Started task for tesing',2,2,'2023-12-14 09:53:22','2023-12-26 06:19:10',NULL),(7,'Purchase Oxyzen','Purchase Oxyzen Cylander','High',NULL,1,'Assigned',NULL,1,NULL,'2023-12-19 04:59:06','2023-12-19 04:59:06',NULL),(8,'Check for SMTP details','The ip is pointed to server please check and confirm.','high',NULL,6,'In Progress','Checking',1,NULL,'2023-12-21 05:28:06','2023-12-21 05:29:30',NULL),(9,'Purchase Bed','Purchase Bed','High',NULL,1,'Assigned',NULL,1,NULL,'2023-12-25 11:14:04','2023-12-25 11:14:04',NULL),(10,'Purchase Bed','Purchase Bed','High','https://parivaar.s3.ap-south-1.amazonaws.com/task_attachments/10/658a93b2162a7.png',1,'Assigned',NULL,1,NULL,'2023-12-26 08:49:54','2023-12-26 08:49:54',NULL),(11,'Purchase Bed','Purchase Bed','High','https://parivaar.s3.ap-south-1.amazonaws.com/task_attachments/11/658a97554d4a7.pdf',1,'Assigned',NULL,1,NULL,'2023-12-26 09:05:25','2023-12-26 09:05:25',NULL),(12,'Purchase Bed','Purchase Bed','High','https://parivaar.s3.ap-south-1.amazonaws.com/task_attachments/12/658a97ad4a63c.doc',1,'Assigned',NULL,1,NULL,'2023-12-26 09:06:53','2023-12-26 09:06:53',NULL),(13,'Purchase Bed','Purchase Bed','High',NULL,1,'Assigned',NULL,1,NULL,'2023-12-26 09:29:26','2023-12-26 09:29:26',NULL),(14,'Purchase Oxyzen','Purchase Oxyzen Cylander','High',NULL,1,'Assigned',NULL,1,NULL,'2023-12-26 09:43:40','2023-12-26 09:43:40',NULL),(15,'Purchase Oxyzen','Purchase Oxyzen Cylander','High',NULL,1,'Assigned',NULL,1,NULL,'2023-12-26 14:10:31','2023-12-26 14:10:31',NULL),(16,'Purchase Oxyzen','Purchase Oxyzen Cylander','High',NULL,1,'Assigned',NULL,1,NULL,'2023-12-26 14:10:48','2023-12-26 14:10:48',NULL),(17,'Ambulance Insurance Renew','Renew Insurance policy of Ambulance no.MP09 NH 9999, Cope of last insurance is attached below for reference.','High',NULL,6,'Assigned',NULL,2,1,'2023-12-26 14:23:28','2024-01-10 11:15:10',NULL),(18,'Ambulance Insurance Renew','Renew Insurance policy of Ambulance no.MP09 NH 9999, Cope of last insurance is attached below for reference.','High',NULL,1,'Assigned',NULL,1,NULL,'2023-12-26 14:25:46','2023-12-26 14:25:46',NULL),(19,'Test','Test','High','https://parivaar.s3.ap-south-1.amazonaws.com/task_attachments/19/658aec93e5a92.JPEG',1,'Assigned',NULL,1,NULL,'2023-12-26 15:09:07','2023-12-26 15:09:08',NULL),(20,'testAndroid','testAndroid','High','https://parivaar.s3.ap-south-1.amazonaws.com/task_attachments/20/658aed5f04c7a.jpg',1,'Assigned',NULL,1,NULL,'2023-12-26 15:12:31','2023-12-26 15:12:31',NULL),(21,'test one','test pme','High',NULL,1,'Assigned',NULL,1,NULL,'2023-12-26 15:21:31','2023-12-26 15:21:31',NULL),(22,'test one','test pme','High',NULL,1,'Assigned',NULL,1,NULL,'2023-12-26 15:21:31','2023-12-26 15:21:31',NULL),(23,'testing','test','High',NULL,1,'Assigned',NULL,1,NULL,'2023-12-26 15:24:03','2023-12-26 15:24:03',NULL),(24,'test','test','High','https://parivaar.s3.ap-south-1.amazonaws.com/task_attachments/24/658af30703047.jpg',1,'Assigned',NULL,1,NULL,'2023-12-26 15:36:39','2023-12-26 15:36:39',NULL),(25,'testing multiple file upload','sdgfh','high',NULL,1,'Assigned',NULL,1,NULL,'2024-01-23 12:52:48','2024-01-23 12:52:48',NULL),(26,'testing multiple file upload','sdgfh','high',NULL,1,'Assigned',NULL,1,NULL,'2024-01-23 12:53:11','2024-01-23 12:53:11',NULL),(27,'ddfgh','asdgbn','high',NULL,1,'Assigned',NULL,1,NULL,'2024-01-23 12:54:44','2024-01-23 12:54:44',NULL),(28,'sdfbnf','fhghgk','high',NULL,1,'Assigned',NULL,1,NULL,'2024-01-23 12:55:49','2024-01-23 12:55:49',NULL),(29,'SADF','FHGJKGHK','high',NULL,2,'Assigned',NULL,1,NULL,'2024-01-23 12:56:14','2024-01-23 12:56:14',NULL),(30,'Update case details','update asap','high',NULL,12,'Cancelled','test',1,1,'2024-02-05 21:00:00','2024-02-15 05:33:52',NULL),(31,'update address','update asap.','high',NULL,20,'Cancelled','test',1,1,'2024-02-06 06:15:34','2024-02-06 06:17:45',NULL);
/*!40000 ALTER TABLE `tasks` ENABLE KEYS */;
UNLOCK TABLES;

--
-- Table structure for table `user_academic_details`
--

DROP TABLE IF EXISTS `user_academic_details`;
/*!40101 SET @saved_cs_client     = @@character_set_client */;
/*!50503 SET character_set_client = utf8mb4 */;
CREATE TABLE `user_academic_details` (
  `id` bigint(20) unsigned NOT NULL AUTO_INCREMENT,
  `user_id` bigint(20) unsigned NOT NULL,
  `highest_qualification_id` bigint(255) DEFAULT NULL,
  `year_of_completion` int(11) DEFAULT NULL,
  `field_of_study_id` bigint(255) DEFAULT NULL,
  `marksheet_file_path` varchar(255) COLLATE utf8mb4_unicode_ci DEFAULT NULL,
  `other_qualification` varchar(255) COLLATE utf8mb4_unicode_ci DEFAULT NULL,
  `created_at` timestamp NULL DEFAULT NULL,
  `updated_at` timestamp NULL DEFAULT NULL,
  `deleted_at` timestamp NULL DEFAULT NULL,
  PRIMARY KEY (`id`),
  KEY `user_academic_details_user_id_foreign` (`user_id`),
  CONSTRAINT `user_academic_details_user_id_foreign` FOREIGN KEY (`user_id`) REFERENCES `users` (`id`) ON DELETE CASCADE
) ENGINE=InnoDB AUTO_INCREMENT=33 DEFAULT CHARSET=utf8mb4 COLLATE=utf8mb4_unicode_ci;
/*!40101 SET character_set_client = @saved_cs_client */;

--
-- Dumping data for table `user_academic_details`
--

LOCK TABLES `user_academic_details` WRITE;
/*!40000 ALTER TABLE `user_academic_details` DISABLE KEYS */;
INSERT INTO `user_academic_details` VALUES (3,6,3,NULL,3,'https://parivaar.s3.ap-south-1.amazonaws.com/marksheets/170262314596195/657bf7a907a36.png',NULL,'2023-12-15 06:52:25','2023-12-15 06:52:25',NULL),(4,7,1,NULL,NULL,NULL,NULL,'2023-12-17 15:41:14','2023-12-17 15:41:14',NULL),(5,10,1,NULL,NULL,NULL,NULL,'2023-12-19 10:20:25','2023-12-19 10:20:25',NULL),(6,11,1,NULL,2,'https://parivaar.s3.ap-south-1.amazonaws.com/marksheets/170307936092375/6582edc051c0f.webp',NULL,'2023-12-20 13:36:00','2023-12-20 13:36:00',NULL),(7,12,2,NULL,NULL,'https://parivaar.s3.ap-south-1.amazonaws.com/marksheets/170309226626600/6583202a04e99.webp',NULL,'2023-12-20 17:11:06','2023-12-20 17:11:06',NULL),(8,13,3,2024,2,NULL,NULL,'2023-12-21 06:34:14','2024-01-10 16:17:05',NULL),(9,14,3,2023,3,NULL,NULL,'2023-12-29 07:08:00','2024-02-14 08:51:22',NULL),(10,16,3,2016,2,'https://parivaar.s3.ap-south-1.amazonaws.com/marksheets/170443405750376/659799893e0e7.pdf',NULL,'2024-01-05 05:54:17','2024-01-05 05:54:17',NULL),(11,17,3,2023,2,'https://parivaar.s3.ap-south-1.amazonaws.com/marksheets/170443462978750/65979bc5b6916.pdf',NULL,'2024-01-05 06:03:49','2024-01-05 06:03:49',NULL),(12,18,1,2018,1,NULL,NULL,'2024-01-12 05:55:24','2024-01-12 05:55:24',NULL),(13,19,2,2022,NULL,NULL,NULL,'2024-01-16 06:21:26','2024-01-16 06:21:26',NULL),(14,20,3,2024,3,NULL,NULL,'2024-02-01 09:38:07','2024-02-01 09:38:07',NULL),(15,21,3,2020,4,'https://parivaar.s3.ap-south-1.amazonaws.com/marksheets/170790021625423/65cc7d38e5f18.gif',NULL,'2024-02-14 08:43:36','2024-02-14 08:43:36',NULL),(27,33,2,NULL,NULL,NULL,NULL,'2024-02-15 17:15:57','2024-02-15 17:15:57',NULL),(28,34,1,2023,2,'https://parivaar.s3.ap-south-1.amazonaws.com/marksheets/170801954150132/65ce4f5538b36.png',NULL,'2024-02-15 17:52:21','2024-02-15 17:52:21',NULL),(29,35,1,NULL,NULL,NULL,NULL,'2024-02-16 05:43:14','2024-02-16 05:43:14',NULL),(30,36,2,NULL,NULL,NULL,NULL,'2024-02-16 06:05:24','2024-02-16 06:05:24',NULL),(31,38,3,2024,4,NULL,NULL,'2024-02-20 06:21:04','2024-02-20 06:21:04',NULL),(32,39,1,2010,NULL,NULL,NULL,'2024-02-20 06:24:00','2024-02-20 06:24:00',NULL);
/*!40000 ALTER TABLE `user_academic_details` ENABLE KEYS */;
UNLOCK TABLES;

--
-- Table structure for table `user_bank_details`
--

DROP TABLE IF EXISTS `user_bank_details`;
/*!40101 SET @saved_cs_client     = @@character_set_client */;
/*!50503 SET character_set_client = utf8mb4 */;
CREATE TABLE `user_bank_details` (
  `id` bigint(20) unsigned NOT NULL AUTO_INCREMENT,
  `user_id` bigint(20) unsigned NOT NULL,
  `bank_id` bigint(20) unsigned NOT NULL,
  `account_number` varchar(255) COLLATE utf8mb4_unicode_ci NOT NULL,
  `ifsc_code` varchar(255) COLLATE utf8mb4_unicode_ci NOT NULL,
  `bank_proof_image_path` varchar(255) COLLATE utf8mb4_unicode_ci NOT NULL,
  `created_at` timestamp NULL DEFAULT NULL,
  `updated_at` timestamp NULL DEFAULT NULL,
  `deleted_at` timestamp NULL DEFAULT NULL,
  PRIMARY KEY (`id`),
  KEY `user_bank_details_user_id_foreign` (`user_id`),
  CONSTRAINT `user_bank_details_user_id_foreign` FOREIGN KEY (`user_id`) REFERENCES `users` (`id`) ON DELETE CASCADE
) ENGINE=InnoDB AUTO_INCREMENT=31 DEFAULT CHARSET=utf8mb4 COLLATE=utf8mb4_unicode_ci;
/*!40101 SET character_set_client = @saved_cs_client */;

--
-- Dumping data for table `user_bank_details`
--

LOCK TABLES `user_bank_details` WRITE;
/*!40000 ALTER TABLE `user_bank_details` DISABLE KEYS */;
INSERT INTO `user_bank_details` VALUES (1,6,2,'98798798987456','SBIN0003777','https://parivaar.s3.ap-south-1.amazonaws.com/bank_doc/170262314544493/657bf7a91a3d1.png','2023-12-15 06:52:25','2023-12-15 06:52:25',NULL),(2,7,1,'9645694444','SBIN1309000','https://parivaar.s3.ap-south-1.amazonaws.com/bank_doc/170282767453640/657f169a93b42.webp','2023-12-17 15:41:14','2023-12-17 15:41:14',NULL),(3,10,3,'9876543210','SBIN1309000','https://parivaar.s3.ap-south-1.amazonaws.com/bank_doc/170298122534684/65816e695ec9d.webp','2023-12-19 10:20:25','2023-12-19 10:20:25',NULL),(4,11,1,'9876543210','SBIN1309000','https://parivaar.s3.ap-south-1.amazonaws.com/bank_doc/170307936064053/6582edc060035.webp','2023-12-20 13:36:00','2023-12-20 13:36:00',NULL),(5,12,3,'9876543210','SBIN1309000','https://parivaar.s3.ap-south-1.amazonaws.com/bank_doc/170309226644426/6583202a0f4e6.webp','2023-12-20 17:11:06','2023-12-20 17:11:06',NULL),(6,13,3,'6563454656','ABCD0123456','https://parivaar.s3.ap-south-1.amazonaws.com/bank_doc/170314045485662/6583dc66c194c.PNG','2023-12-21 06:34:14','2023-12-21 06:34:14',NULL),(7,14,1,'999999999999','CBIN0001','https://parivaar.s3.ap-south-1.amazonaws.com/bank_doc/170383368034153/658e7050a1071.png','2023-12-29 07:08:00','2024-02-14 08:51:22',NULL),(8,16,4,'835646566','SBIN1309000','https://parivaar.s3.ap-south-1.amazonaws.com/bank_doc/170443405792353/659799894871b.pdf','2024-01-05 05:54:17','2024-01-05 05:54:17',NULL),(9,17,3,'9876543210','SBIN1309000','','2024-01-05 06:03:49','2024-01-05 06:03:49',NULL),(10,18,1,'78654343434','AJR545464','https://parivaar.s3.ap-south-1.amazonaws.com/bank_doc/170503892442953/65a0d44c86718.doc','2024-01-12 05:55:24','2024-01-12 05:55:24',NULL),(11,19,3,'674555656','56345564555','https://parivaar.s3.ap-south-1.amazonaws.com/bank_doc/170538608625317/65a62066a5b88.jpg','2024-01-16 06:21:26','2024-01-16 06:21:26',NULL),(12,20,3,'465356656','HDFC0001305','https://parivaar.s3.ap-south-1.amazonaws.com/bank_doc/170678028768959/65bb667fe3b09.jpg','2024-02-01 09:38:07','2024-02-01 09:38:07',NULL),(13,21,3,'658568676','67856876888','https://parivaar.s3.ap-south-1.amazonaws.com/bank_doc/170790021674964/65cc7d38ecf49.png','2024-02-14 08:43:36','2024-02-14 08:43:36',NULL),(25,33,2,'6546469456','FSSFG564656','https://parivaar.s3.ap-south-1.amazonaws.com/bank_doc/170801735780190/65ce46cd93795.png','2024-02-15 17:15:57','2024-02-15 17:15:57',NULL),(26,34,1,'34567890','FGHJKL56662','https://parivaar.s3.ap-south-1.amazonaws.com/bank_doc/170801954170898/65ce4f553ed1b.png','2024-02-15 17:52:21','2024-02-15 17:52:21',NULL),(27,35,2,'213424367','DFGHJK56789','https://parivaar.s3.ap-south-1.amazonaws.com/bank_doc/17080621941252/65cef5f201e89.png','2024-02-16 05:43:14','2024-02-16 05:43:14',NULL),(28,36,2,'43256788888888','DFGHJKL8898','https://parivaar.s3.ap-south-1.amazonaws.com/bank_doc/170806352435637/65cefb243c95b.png','2024-02-16 06:05:24','2024-02-16 06:05:24',NULL),(29,38,2,'7689698999','GFJGt678899','https://parivaar.s3.ap-south-1.amazonaws.com/bank_doc/170841006478854/65d444d06ec1d.png','2024-02-20 06:21:04','2024-02-20 06:21:04',NULL),(30,39,2,'243789067','GHJGHJK6788','https://parivaar.s3.ap-south-1.amazonaws.com/bank_doc/170841024037279/65d44580d5229.gif','2024-02-20 06:24:00','2024-02-20 06:24:00',NULL);
/*!40000 ALTER TABLE `user_bank_details` ENABLE KEYS */;
UNLOCK TABLES;

--
-- Table structure for table `user_license_details`
--

DROP TABLE IF EXISTS `user_license_details`;
/*!40101 SET @saved_cs_client     = @@character_set_client */;
/*!50503 SET character_set_client = utf8mb4 */;
CREATE TABLE `user_license_details` (
  `id` bigint(20) unsigned NOT NULL AUTO_INCREMENT,
  `user_id` bigint(20) unsigned NOT NULL,
  `license_number` varchar(255) COLLATE utf8mb4_unicode_ci NOT NULL,
  `dl_type_id` bigint(20) unsigned NOT NULL,
  `expiry_date` date DEFAULT NULL,
  `license_image_path` varchar(255) COLLATE utf8mb4_unicode_ci NOT NULL,
  `created_at` timestamp NULL DEFAULT NULL,
  `updated_at` timestamp NULL DEFAULT NULL,
  `deleted_at` timestamp NULL DEFAULT NULL,
  PRIMARY KEY (`id`),
  KEY `user_license_details_dl_type_id_foreign` (`dl_type_id`),
  KEY `user_license_details_user_id_foreign` (`user_id`),
  CONSTRAINT `user_license_details_dl_type_id_foreign` FOREIGN KEY (`dl_type_id`) REFERENCES `dl_types` (`id`) ON DELETE CASCADE,
  CONSTRAINT `user_license_details_user_id_foreign` FOREIGN KEY (`user_id`) REFERENCES `users` (`id`) ON DELETE CASCADE
) ENGINE=InnoDB AUTO_INCREMENT=24 DEFAULT CHARSET=utf8mb4 COLLATE=utf8mb4_unicode_ci;
/*!40101 SET character_set_client = @saved_cs_client */;

--
-- Dumping data for table `user_license_details`
--

LOCK TABLES `user_license_details` WRITE;
/*!40000 ALTER TABLE `user_license_details` DISABLE KEYS */;
INSERT INTO `user_license_details` VALUES (1,7,'987654223200000',1,'0000-00-00','https://parivaar.s3.ap-south-1.amazonaws.com/dl_doc/170282767448085/657f169aa8d3f.webp','2023-12-17 15:41:14','2023-12-17 15:41:14',NULL),(2,11,'7894561233545775',1,'0000-00-00','https://parivaar.s3.ap-south-1.amazonaws.com/dl_doc/170307936072280/6582edc06f06a.webp','2023-12-20 13:36:00','2023-12-20 13:36:00',NULL),(3,12,'5436656245325656',3,'0000-00-00','https://parivaar.s3.ap-south-1.amazonaws.com/dl_doc/170309226674944/6583202a1e843.webp','2023-12-20 17:11:06','2023-12-20 17:11:06',NULL),(4,17,'987654223200000',3,'0000-00-00','https://parivaar.s3.ap-south-1.amazonaws.com/dl_doc/170443462929159/65979bc5c2956.pdf','2024-01-05 06:03:49','2024-01-05 06:15:07',NULL),(5,18,'8765544545',1,'2021-04-19','','2024-01-12 05:55:24','2024-01-12 05:55:24',NULL),(6,19,'564556456656555',2,'2024-01-31','https://parivaar.s3.ap-south-1.amazonaws.com/dl_doc/170538608637895/65a62066adbcb.jpg','2024-01-16 06:21:26','2024-01-16 06:21:26',NULL),(7,20,'421231321312222',1,'2024-02-27','https://parivaar.s3.ap-south-1.amazonaws.com/dl_doc/170678028750244/65bb667ff38e2.png','2024-02-01 09:38:08','2024-02-01 09:38:08',NULL),(19,33,'CD4648848888888',1,'2024-02-26','https://parivaar.s3.ap-south-1.amazonaws.com/dl_doc/170801735750109/65ce46cda6ba5.png','2024-02-15 17:15:57','2024-02-15 17:15:57',NULL),(20,34,'3456TYUIOPJGHL2',2,'2024-02-20','https://parivaar.s3.ap-south-1.amazonaws.com/dl_doc/1708019541430/65ce4f555a66b.gif','2024-02-15 17:52:21','2024-02-15 17:52:21',NULL),(21,35,'34567890FGHJKLh',1,'2024-02-21','https://parivaar.s3.ap-south-1.amazonaws.com/dl_doc/170806219446437/65cef5f20b405.png','2024-02-16 05:43:14','2024-02-16 05:43:14',NULL),(22,36,'DFGHJKL12346789',2,'2024-02-29','https://parivaar.s3.ap-south-1.amazonaws.com/dl_doc/170806352432137/65cefb24449ef.gif','2024-02-16 06:05:24','2024-02-16 06:05:24',NULL),(23,39,'DG5678908907777',1,'2024-02-28','https://parivaar.s3.ap-south-1.amazonaws.com/dl_doc/170841024063137/65d44580e236f.gif','2024-02-20 06:24:00','2024-02-20 06:24:00',NULL);
/*!40000 ALTER TABLE `user_license_details` ENABLE KEYS */;
UNLOCK TABLES;

--
-- Table structure for table `user_locations`
--

DROP TABLE IF EXISTS `user_locations`;
/*!40101 SET @saved_cs_client     = @@character_set_client */;
/*!50503 SET character_set_client = utf8mb4 */;
CREATE TABLE `user_locations` (
  `id` bigint(20) unsigned NOT NULL,
  `user_id` bigint(20) unsigned DEFAULT NULL,
  `latitude` double DEFAULT NULL,
  `longitude` double DEFAULT NULL,
  `created_at` timestamp NOT NULL DEFAULT CURRENT_TIMESTAMP,
  `updated_at` timestamp NOT NULL DEFAULT CURRENT_TIMESTAMP ON UPDATE CURRENT_TIMESTAMP,
  PRIMARY KEY (`id`),
  KEY `user_id` (`user_id`),
  CONSTRAINT `user_locations_ibfk_1` FOREIGN KEY (`user_id`) REFERENCES `users` (`id`)
) ENGINE=InnoDB DEFAULT CHARSET=latin1;
/*!40101 SET character_set_client = @saved_cs_client */;

--
-- Dumping data for table `user_locations`
--

LOCK TABLES `user_locations` WRITE;
/*!40000 ALTER TABLE `user_locations` DISABLE KEYS */;
/*!40000 ALTER TABLE `user_locations` ENABLE KEYS */;
UNLOCK TABLES;

--
-- Table structure for table `user_notifications`
--

DROP TABLE IF EXISTS `user_notifications`;
/*!40101 SET @saved_cs_client     = @@character_set_client */;
/*!50503 SET character_set_client = utf8mb4 */;
CREATE TABLE `user_notifications` (
  `id` bigint(20) unsigned NOT NULL AUTO_INCREMENT,
  `user_id` int(11) NOT NULL,
  `notification_id` int(11) NOT NULL,
  `is_read` tinyint(4) DEFAULT '0',
  `read_date` datetime DEFAULT NULL,
  `created_at` datetime NOT NULL DEFAULT CURRENT_TIMESTAMP,
  `created_by` int(11) DEFAULT NULL,
  `updated_at` datetime NOT NULL DEFAULT CURRENT_TIMESTAMP,
  `updated_by` int(11) DEFAULT NULL,
  PRIMARY KEY (`id`)
) ENGINE=InnoDB DEFAULT CHARSET=utf8mb4 COLLATE=utf8mb4_unicode_ci;
/*!40101 SET character_set_client = @saved_cs_client */;

--
-- Dumping data for table `user_notifications`
--

LOCK TABLES `user_notifications` WRITE;
/*!40000 ALTER TABLE `user_notifications` DISABLE KEYS */;
/*!40000 ALTER TABLE `user_notifications` ENABLE KEYS */;
UNLOCK TABLES;

--
-- Table structure for table `user_work_experiences`
--

DROP TABLE IF EXISTS `user_work_experiences`;
/*!40101 SET @saved_cs_client     = @@character_set_client */;
/*!50503 SET character_set_client = utf8mb4 */;
CREATE TABLE `user_work_experiences` (
  `id` bigint(20) unsigned NOT NULL AUTO_INCREMENT,
  `user_id` bigint(20) unsigned DEFAULT NULL,
  `company_name` varchar(255) COLLATE utf8mb4_unicode_ci DEFAULT NULL,
  `designation` varchar(255) COLLATE utf8mb4_unicode_ci DEFAULT NULL,
  `location` varchar(255) COLLATE utf8mb4_unicode_ci DEFAULT NULL,
  `start_date` date DEFAULT NULL,
  `end_date` date DEFAULT NULL,
  `document_image_path` varchar(255) COLLATE utf8mb4_unicode_ci DEFAULT NULL,
  `created_at` timestamp NULL DEFAULT NULL,
  `updated_at` timestamp NULL DEFAULT NULL,
  `deleted_at` timestamp NULL DEFAULT NULL,
  PRIMARY KEY (`id`),
  KEY `user_work_experiences_user_id_foreign` (`user_id`),
  CONSTRAINT `user_work_experiences_user_id_foreign` FOREIGN KEY (`user_id`) REFERENCES `users` (`id`) ON DELETE CASCADE
) ENGINE=InnoDB AUTO_INCREMENT=20 DEFAULT CHARSET=utf8mb4 COLLATE=utf8mb4_unicode_ci;
/*!40101 SET character_set_client = @saved_cs_client */;

--
-- Dumping data for table `user_work_experiences`
--

LOCK TABLES `user_work_experiences` WRITE;
/*!40000 ALTER TABLE `user_work_experiences` DISABLE KEYS */;
INSERT INTO `user_work_experiences` VALUES (1,6,'Softude','Software Engineer','Indore','0000-00-00','0000-00-00','https://parivaar.s3.ap-south-1.amazonaws.com/past_experience_document/170262314544310/657bf7a921869.png','2023-12-15 06:52:25','2023-12-15 06:52:25',NULL),(2,11,'Infobeans','Software Engineer','Indore','2023-01-01','2024-06-12','https://parivaar.s3.ap-south-1.amazonaws.com/past_experience_document/170307936056434/6582edc066aac.webp','2023-12-20 13:36:00','2023-12-20 13:36:00',NULL),(3,16,'Taskus','Software Engineer','Indore','2022-01-01','2023-01-01','https://parivaar.s3.ap-south-1.amazonaws.com/past_experience_document/170443405751206/659799894f0da.pdf','2024-01-05 05:54:17','2024-01-05 05:54:17',NULL),(4,18,'Softude','Software Engineer','Rajwada',NULL,'2021-04-19',NULL,'2024-01-12 05:55:24','2024-01-12 05:55:24',NULL),(5,21,'CIVICA','Sales Manager','Indore','2024-02-01','2024-02-01','https://parivaar.s3.ap-south-1.amazonaws.com/past_experience_document/170790021652385/65cc7d38f3821.pdf','2024-02-14 08:43:37','2024-02-14 08:43:37',NULL),(17,33,'CIVICA','Driver','Indore','2024-02-12','2024-02-12','https://parivaar.s3.ap-south-1.amazonaws.com/past_experience_document/170801735759185/65ce46cda0479.gif','2024-02-15 17:15:57','2024-02-15 17:15:57',NULL),(18,34,'ADDRESS','DRIVER','INDORE','2024-02-14','2024-02-14','https://parivaar.s3.ap-south-1.amazonaws.com/past_experience_document/170801954171887/65ce4f555326e.gif','2024-02-15 17:52:21','2024-02-15 17:52:21',NULL),(19,39,'Amazon','driver','bengaluru','2024-02-12','2024-02-29','https://parivaar.s3.ap-south-1.amazonaws.com/past_experience_document/170841024033677/65d44580daec5.png','2024-02-20 06:24:00','2024-02-20 06:24:00',NULL);
/*!40000 ALTER TABLE `user_work_experiences` ENABLE KEYS */;
UNLOCK TABLES;

--
-- Table structure for table `users`
--

DROP TABLE IF EXISTS `users`;
/*!40101 SET @saved_cs_client     = @@character_set_client */;
/*!50503 SET character_set_client = utf8mb4 */;
CREATE TABLE `users` (
  `id` bigint(20) unsigned NOT NULL AUTO_INCREMENT,
  `email` varchar(255) COLLATE utf8mb4_unicode_ci DEFAULT NULL,
  `phone_no` varchar(15) COLLATE utf8mb4_unicode_ci DEFAULT NULL,
  `password` varchar(255) COLLATE utf8mb4_unicode_ci DEFAULT NULL,
  `password_updated_at` datetime DEFAULT NULL,
  `first_name` varchar(50) COLLATE utf8mb4_unicode_ci DEFAULT NULL,
  `last_name` varchar(50) COLLATE utf8mb4_unicode_ci DEFAULT NULL,
  `created_at` timestamp NULL DEFAULT NULL,
  `updated_at` timestamp NULL DEFAULT NULL,
  `deleted_at` timestamp NULL DEFAULT NULL,
  `created_by` int(11) DEFAULT NULL,
  `updated_by` int(11) DEFAULT NULL,
  `is_verified` tinyint(4) DEFAULT NULL,
  `otp` varchar(10) COLLATE utf8mb4_unicode_ci DEFAULT NULL,
  `otp_expiry` datetime DEFAULT NULL,
  `is_active` tinyint(4) DEFAULT '1',
  `role_id` int(11) DEFAULT NULL,
  `token` varchar(250) COLLATE utf8mb4_unicode_ci DEFAULT NULL,
  `reject_remark` varchar(255) COLLATE utf8mb4_unicode_ci DEFAULT NULL,
  `reporting_manager_id` int(11) DEFAULT NULL,
  `middle_name` varchar(250) COLLATE utf8mb4_unicode_ci DEFAULT NULL,
  `gender` varchar(255) COLLATE utf8mb4_unicode_ci NOT NULL,
  `dob` date DEFAULT NULL,
  `joining_date` date DEFAULT NULL,
  `adhar_number` varchar(255) COLLATE utf8mb4_unicode_ci DEFAULT NULL,
  `aadhar_image_path` varchar(255) COLLATE utf8mb4_unicode_ci DEFAULT NULL,
  `pan_card_number` varchar(255) COLLATE utf8mb4_unicode_ci DEFAULT NULL,
  `pan_image_path` varchar(255) COLLATE utf8mb4_unicode_ci DEFAULT NULL,
  `address` text COLLATE utf8mb4_unicode_ci,
  `state_id` bigint(20) unsigned NOT NULL,
  `district_id` bigint(20) unsigned NOT NULL,
  `approved_by` bigint(20) unsigned DEFAULT NULL,
  `login_pin` int(10) unsigned DEFAULT NULL,
  `profile_path` varchar(255) COLLATE utf8mb4_unicode_ci DEFAULT NULL,
  `device_type` varchar(50) COLLATE utf8mb4_unicode_ci DEFAULT NULL,
  `device_token` varchar(255) COLLATE utf8mb4_unicode_ci DEFAULT NULL,
  `employee_id` varchar(255) COLLATE utf8mb4_unicode_ci NOT NULL,
  PRIMARY KEY (`id`),
  KEY `role_id` (`role_id`),
  KEY `users_state_id_foreign` (`state_id`),
  KEY `users_district_id_foreign` (`district_id`),
  CONSTRAINT `users_district_id_foreign` FOREIGN KEY (`district_id`) REFERENCES `districts` (`id`),
  CONSTRAINT `users_state_id_foreign` FOREIGN KEY (`state_id`) REFERENCES `states` (`id`)
) ENGINE=InnoDB AUTO_INCREMENT=40 DEFAULT CHARSET=utf8mb4 COLLATE=utf8mb4_unicode_ci;
/*!40101 SET character_set_client = @saved_cs_client */;

--
-- Dumping data for table `users`
--

LOCK TABLES `users` WRITE;
/*!40000 ALTER TABLE `users` DISABLE KEYS */;
INSERT INTO `users` VALUES (1,'parivaar@yopmail.com','1234567890','$2y$10$H3sqnZtJT4bwW7xRSMtSM.W36I9xXbClkr1OZ4Oa52qZG.u2Wm9ca','2024-02-14 00:47:44','Harry','Tector','2023-12-08 05:48:20','2024-02-14 08:36:05',NULL,1,1,1,NULL,NULL,1,1,NULL,NULL,NULL,'','male',NULL,NULL,NULL,NULL,NULL,NULL,'Skye Indore, Madhya Pradesh',1,1,NULL,NULL,'https://parivaar.s3.ap-south-1.amazonaws.com/profile_pic/1/6578718ef10a2.webp',NULL,'5646u54t5gr11r341','EMP1'),(2,'rupali@yopmail.com','7748844755',NULL,NULL,'Rupali','Aadtiya','2023-12-08 05:48:20','2024-02-10 14:49:49',NULL,1,1,1,'6351','2024-01-08 14:20:47',1,2,NULL,NULL,NULL,'','male','1996-04-11','2021-04-19','887545456564',NULL,'',NULL,'',1,1,NULL,1234,NULL,'android','5646u54t5gr11r341','EMP2'),(5,'','8535656655',NULL,NULL,'Rohan','Mehra','2023-12-15 04:18:57','2023-12-15 04:18:57',NULL,1,NULL,NULL,NULL,NULL,1,2,NULL,NULL,1,'','male',NULL,NULL,NULL,NULL,NULL,NULL,NULL,1,1,NULL,NULL,'https://parivaar.s3.ap-south-1.amazonaws.com/profile_pic/170261393781855/657bd3b12217b.png',NULL,NULL,'EMP5'),(6,'manish.vishwakarma@softude.com','7024408985',NULL,NULL,'Manish','Vishwakarma','2023-12-15 06:52:25','2024-01-05 04:40:25',NULL,1,NULL,1,'6233','2024-01-04 18:39:18',1,2,NULL,NULL,1,'','male','1996-12-20',NULL,'987456321456','https://parivaar.s3.ap-south-1.amazonaws.com/aadhar_doc/170262314418326/657bf7a8eb9f2.png','1234567891','https://parivaar.s3.ap-south-1.amazonaws.com/pan_doc/170262314429203/657bf7a8f406d.png','G-33, Shankheshwar city, Indore, M.P.',1,2,NULL,1234,'https://parivaar.s3.ap-south-1.amazonaws.com/profile_pic/170262314494264/657bf7a8bc6cc.png',NULL,'5646u54t5gr11r341','EMP6'),(7,'','9876555222',NULL,NULL,'jitendra','balwani','2023-12-17 15:41:14','2024-02-01 06:49:56',NULL,1,NULL,1,NULL,NULL,1,5,NULL,NULL,2,'','male',NULL,NULL,'565711794215','https://parivaar.s3.ap-south-1.amazonaws.com/aadhar_doc/170282767437854/657f169a75e8b.webp','CWEG27625D','https://parivaar.s3.ap-south-1.amazonaws.com/pan_doc/170282767465616/657f169a8249d.webp','',1,1,NULL,NULL,'https://parivaar.s3.ap-south-1.amazonaws.com/profile_pic/170282767480455/657f169a47e9b.webp',NULL,'5646u54t5gr11r341','EMP7'),(8,'','9876555222',NULL,NULL,'shashikant','patidar','2023-12-18 12:58:41','2024-02-01 06:49:56',NULL,1,NULL,1,NULL,NULL,1,4,NULL,NULL,2,'','male','2023-01-12',NULL,NULL,NULL,NULL,NULL,NULL,1,1,NULL,NULL,'https://parivaar.s3.ap-south-1.amazonaws.com/profile_pic/170290432066643/658042009d488.webp',NULL,'5646u54t5gr11r341',''),(9,'','9888754666',NULL,NULL,'vaibhav','gupta','2023-12-18 13:44:44','2023-12-19 09:25:01',NULL,1,NULL,1,NULL,NULL,1,3,NULL,NULL,2,'','male','2023-07-12',NULL,NULL,NULL,NULL,NULL,NULL,1,1,NULL,NULL,'https://parivaar.s3.ap-south-1.amazonaws.com/profile_pic/17029070847343/65804ccca1fb4.webp',NULL,'5646u54t5gr11r341',''),(10,'','9876555222',NULL,NULL,'Raj','Mishra','2023-12-19 10:20:25','2024-02-01 06:49:56',NULL,1,NULL,1,NULL,NULL,1,2,NULL,NULL,1,'','male','2023-12-11','2023-12-12','565711794215','https://parivaar.s3.ap-south-1.amazonaws.com/aadhar_doc/170298122521750/65816e69349e2.webp','CWEG27625D','https://parivaar.s3.ap-south-1.amazonaws.com/pan_doc/17029812253596/65816e694c301.webp','',1,1,NULL,NULL,'https://parivaar.s3.ap-south-1.amazonaws.com/profile_pic/170298122433871/65816e68f336a.webp',NULL,'5646u54t5gr11r341','EMP10'),(11,'','9878634012',NULL,NULL,'Tarun','Solanki','2023-12-20 13:36:00','2024-02-01 08:30:30',NULL,1,NULL,1,NULL,NULL,1,5,NULL,NULL,2,'','male','2023-12-19','2023-12-18','565711794215','https://parivaar.s3.ap-south-1.amazonaws.com/aadhar_doc/170307936071973/6582edc03ff0a.webp','CWEG27625D','https://parivaar.s3.ap-south-1.amazonaws.com/pan_doc/170307936063825/6582edc0488e6.webp','',1,1,NULL,NULL,'https://parivaar.s3.ap-south-1.amazonaws.com/profile_pic/170307936046732/6582edc017001.webp',NULL,'5646u54t5gr11r341','EMP11'),(12,'','6543210213',NULL,NULL,'ankit','jadhav','2023-12-20 17:11:06','2023-12-20 17:11:06',NULL,1,NULL,1,NULL,NULL,1,6,NULL,NULL,2,'','male','2023-12-17','2023-12-19','565711794215','https://parivaar.s3.ap-south-1.amazonaws.com/aadhar_doc/170309226527741/65832029e2cbf.webp','CWEG27625D','https://parivaar.s3.ap-south-1.amazonaws.com/pan_doc/170309226563749/65832029eb109.webp','',1,1,NULL,NULL,'https://parivaar.s3.ap-south-1.amazonaws.com/profile_pic/170309226578517/65832029d3464.webp',NULL,NULL,'EMP12'),(13,'john@yopmail.com','8871396530',NULL,NULL,'John','Wick','2023-12-21 06:34:14','2024-01-10 16:17:05',NULL,1,1,1,'7683','2024-01-04 11:49:23',1,2,NULL,NULL,NULL,'','male','1985-12-27','2023-12-06','214748364746','https://parivaar.s3.ap-south-1.amazonaws.com/aadhar_doc/170314045479825/6583dc66a95d4.pdf','ABCDE1234F','https://parivaar.s3.ap-south-1.amazonaws.com/pan_doc/170314045422681/6583dc66b8957.pdf','New York',1,1,NULL,1234,'https://parivaar.s3.ap-south-1.amazonaws.com/profile_pic/17031404548307/6583dc666cca6.jpg',NULL,'5646u54t5gr11r341','EMP13'),(14,'adb@gmail.com','8959517038',NULL,NULL,'Mahendra','Bhide','2023-12-29 07:08:00','2024-02-14 08:51:22',NULL,1,1,1,'5830','2024-02-06 14:15:53',1,2,NULL,NULL,NULL,'Singh','male','1996-04-28','2023-12-01','987654321654','https://parivaar.s3.ap-south-1.amazonaws.com/aadhar_doc/170383368046163/658e70508c9c4.png','aaaaaaaaaa','https://parivaar.s3.ap-south-1.amazonaws.com/pan_doc/170383368062454/658e70509759d.png','indore',1,1,NULL,1234,'https://parivaar.s3.ap-south-1.amazonaws.com/profile_pic/170383368018037/658e70507bbcd.png',NULL,'5646u54t5gr11r341','EMP14'),(15,'ankit@yopmail.com','9872220123',NULL,NULL,'Ankit','Tekam','2024-01-05 05:48:45','2024-01-05 05:48:45',NULL,1,NULL,1,NULL,NULL,1,7,NULL,NULL,NULL,'','male','2000-01-06',NULL,NULL,NULL,NULL,NULL,NULL,1,1,NULL,NULL,'https://parivaar.s3.ap-south-1.amazonaws.com/profile_pic/17044337247781/6597983ce2472.png',NULL,NULL,'EMP15'),(16,'','8979454455',NULL,NULL,'Mohan','More','2024-01-05 05:54:17','2024-01-05 05:54:17',NULL,1,NULL,1,NULL,NULL,1,2,NULL,NULL,NULL,'','male','1990-01-09','2023-01-01','565711794918','https://parivaar.s3.ap-south-1.amazonaws.com/aadhar_doc/170443405754745/6597998923c53.pdf','CQUPG6574D','https://parivaar.s3.ap-south-1.amazonaws.com/pan_doc/170443405796497/6597998934c53.pdf','shastri nagar, sanwer road, Ujjain, 456001',1,3,NULL,NULL,'https://parivaar.s3.ap-south-1.amazonaws.com/profile_pic/170443405667063/65979988f164c.png',NULL,NULL,'EMP16'),(17,'','5463112222',NULL,NULL,'Sandeep','Nagar','2024-01-05 06:03:49','2024-02-01 06:59:40',NULL,1,1,1,NULL,NULL,1,5,NULL,NULL,NULL,'','male','2001-02-01','2023-01-10','567871794215','https://parivaar.s3.ap-south-1.amazonaws.com/aadhar_doc/170443462927001/65979bc5a2dae.pdf','CQUFG6574D','https://parivaar.s3.ap-south-1.amazonaws.com/pan_doc/1704434629408/65979bc5ae61e.pdf','Sethi Nagar, Dewas Road, Ujjain',1,3,NULL,NULL,'https://parivaar.s3.ap-south-1.amazonaws.com/profile_pic/170443462936518/65979bc580989.png',NULL,'5646u54t5gr11r341','EMP17'),(18,'aadtiya@yopmail.com','7024408985',NULL,NULL,'Rupali','Aadtiya','2024-01-12 05:55:24','2024-02-14 08:49:10',NULL,NULL,NULL,NULL,NULL,NULL,1,2,NULL,NULL,2,'Chandra','Female','1996-04-11','2021-04-19','564434343434','https://parivaar.s3.ap-south-1.amazonaws.com/aadhar_doc/170503892489542/65a0d44c79a58.doc','ADR56643544','https://parivaar.s3.ap-south-1.amazonaws.com/pan_doc/170503892422076/65a0d44c4b08c.doc','Rajwada',2,2,NULL,NULL,NULL,NULL,NULL,'EMP18'),(19,'carl@yopmail.com','9856756165',NULL,NULL,'Carl','Zimmerman','2024-01-16 06:21:26','2024-02-01 07:00:19',NULL,1,NULL,1,NULL,NULL,1,5,NULL,NULL,2,'','male','2006-01-04','2024-01-10','455463454656','https://parivaar.s3.ap-south-1.amazonaws.com/aadhar_doc/170538608615271/65a620669351f.jpg','AD56466555','https://parivaar.s3.ap-south-1.amazonaws.com/pan_doc/170538608688860/65a620669b4c1.jpg','New York',1,1,NULL,NULL,'https://parivaar.s3.ap-south-1.amazonaws.com/profile_pic/170538608659321/65a6206662d7a.jpg',NULL,'5646u54t5gr11r341','EMP19'),(20,'','8751423560',NULL,NULL,'Abhishek','Gupta','2024-02-01 09:38:07','2024-02-01 09:38:07',NULL,1,NULL,1,NULL,NULL,1,6,NULL,NULL,16,'','male','2006-01-01','2024-01-23','565711794210','https://parivaar.s3.ap-south-1.amazonaws.com/aadhar_doc/170678028743249/65bb667fb39b0.png','CQUPG2456E','https://parivaar.s3.ap-south-1.amazonaws.com/pan_doc/170678028748770/65bb667fcc367.png','C-17, Basant Vihar, Nanakheda, Madhya Pradesh',1,3,NULL,NULL,'https://parivaar.s3.ap-south-1.amazonaws.com/profile_pic/170678028739611/65bb667f8da5e.png',NULL,NULL,'EMP20'),(21,'','6563435412',NULL,NULL,'Rishabh','Meena','2024-02-14 08:43:36','2024-02-14 08:43:36',NULL,1,NULL,1,NULL,NULL,1,2,NULL,NULL,1,'','male','2006-02-01','2024-02-04','243464343213','https://parivaar.s3.ap-south-1.amazonaws.com/aadhar_doc/170790021644140/65cc7d38d398e.png','VDJKHD3822','https://parivaar.s3.ap-south-1.amazonaws.com/pan_doc/170790021644797/65cc7d38de164.png','khandwa Madhya pradesh, India',1,4,NULL,NULL,'https://parivaar.s3.ap-south-1.amazonaws.com/profile_pic/170790021615400/65cc7d38539d5.png',NULL,NULL,'EMP21'),(33,'','9876543200',NULL,NULL,'Mayank','Soni','2024-02-15 17:15:57','2024-02-16 05:44:12',NULL,1,NULL,1,NULL,NULL,0,5,NULL,NULL,NULL,'','male','2006-01-01','2024-02-13','314654654654','https://parivaar.s3.ap-south-1.amazonaws.com/aadhar_doc/170801735721320/65ce46cd7e85b.png','CQUPG97987','https://parivaar.s3.ap-south-1.amazonaws.com/pan_doc/17080173576665/65ce46cd8af10.png','',1,2,NULL,NULL,'https://parivaar.s3.ap-south-1.amazonaws.com/profile_pic/170801735760149/65ce46cd6b3b0.png',NULL,NULL,'EMP33'),(34,'','8765453455',NULL,NULL,'Adesh','chandel','2024-02-15 17:52:21','2024-02-16 05:45:26',NULL,1,NULL,NULL,NULL,NULL,0,5,NULL,NULL,NULL,'singh','male','2006-02-15','2024-02-13','324567890666','https://parivaar.s3.ap-south-1.amazonaws.com/aadhar_doc/170801954168611/65ce4f551c7be.jpg','SFGHJK4567','https://parivaar.s3.ap-south-1.amazonaws.com/pan_doc/17080195417984/65ce4f5530fbe.png','',1,2,NULL,NULL,'https://parivaar.s3.ap-south-1.amazonaws.com/profile_pic/170801954194915/65ce4f5504ca9.png',NULL,NULL,'EMP34'),(35,'','7566499966',NULL,NULL,'Sumit','Bhawsar','2024-02-16 05:43:13','2024-02-16 05:43:14',NULL,1,NULL,NULL,NULL,NULL,0,5,NULL,NULL,NULL,'','male','2005-09-07','2024-02-14','123478905555','https://parivaar.s3.ap-south-1.amazonaws.com/aadhar_doc/170806219363744/65cef5f1e29fa.png','FGLJ873584','https://parivaar.s3.ap-south-1.amazonaws.com/pan_doc/170806219331292/65cef5f1ebe32.png','',1,4,NULL,NULL,'https://parivaar.s3.ap-south-1.amazonaws.com/profile_pic/170806219310039/65cef5f1d0b5c.png',NULL,NULL,'EMP35'),(36,'raj@yopmail.com','8567678788',NULL,NULL,'Raj','Mishra','2024-02-16 06:05:24','2024-02-16 06:05:24',NULL,1,NULL,NULL,NULL,NULL,1,6,NULL,NULL,NULL,'','male','2006-02-01','2024-02-12','456789045656','https://parivaar.s3.ap-south-1.amazonaws.com/aadhar_doc/170806352461173/65cefb2424999.pdf','DFGHJKL788','https://parivaar.s3.ap-south-1.amazonaws.com/pan_doc/170806352473327/65cefb2431325.png','',1,4,NULL,NULL,'https://parivaar.s3.ap-south-1.amazonaws.com/profile_pic/170806352462329/65cefb2413a52.png',NULL,NULL,'EMP36'),(37,'aakash@yopmail.com','8547535655',NULL,NULL,'Aakash','Bansal','2024-02-20 06:16:04','2024-02-20 06:16:04',NULL,1,NULL,1,NULL,NULL,1,4,NULL,NULL,NULL,'','male','2006-02-14',NULL,NULL,NULL,NULL,NULL,NULL,1,1,NULL,NULL,'https://parivaar.s3.ap-south-1.amazonaws.com/profile_pic/170840976440953/65d443a474e5a.png',NULL,NULL,'EMP37'),(38,'','6674878888',NULL,NULL,'Prakhar','Patidar','2024-02-20 06:21:04','2024-02-20 06:21:04',NULL,1,NULL,1,NULL,NULL,1,2,NULL,NULL,1,'','male','2006-02-13','2024-02-14','243657898989','https://parivaar.s3.ap-south-1.amazonaws.com/aadhar_doc/170841006471985/65d444d055ec3.gif','YNHKEQ4567','https://parivaar.s3.ap-south-1.amazonaws.com/pan_doc/170841006454632/65d444d065161.gif','',3,5,NULL,NULL,'https://parivaar.s3.ap-south-1.amazonaws.com/profile_pic/170841006451257/65d444d0449d7.png',NULL,NULL,'EMP38'),(39,'','7635498999',NULL,NULL,'Utkarsh','sharma','2024-02-20 06:24:00','2024-02-20 06:24:00',NULL,1,NULL,1,NULL,NULL,1,5,NULL,NULL,38,'','male','2006-02-13','2024-02-08','786879935466','https://parivaar.s3.ap-south-1.amazonaws.com/aadhar_doc/170841024061102/65d44580b680b.png','HGGHFJK676','https://parivaar.s3.ap-south-1.amazonaws.com/pan_doc/170841024077626/65d44580c8c44.jpg','',3,5,NULL,NULL,'https://parivaar.s3.ap-south-1.amazonaws.com/profile_pic/170841024078628/65d44580a14ca.jpg',NULL,NULL,'EMP39');
/*!40000 ALTER TABLE `users` ENABLE KEYS */;
UNLOCK TABLES;

--
-- Table structure for table `vendors`
--

DROP TABLE IF EXISTS `vendors`;
/*!40101 SET @saved_cs_client     = @@character_set_client */;
/*!50503 SET character_set_client = utf8mb4 */;
CREATE TABLE `vendors` (
  `id` bigint(20) unsigned NOT NULL AUTO_INCREMENT,
  `name` varchar(255) COLLATE utf8mb4_unicode_ci NOT NULL,
  `created_by` bigint(20) unsigned DEFAULT NULL,
  `updated_by` bigint(20) unsigned DEFAULT NULL,
  `created_at` timestamp NULL DEFAULT NULL,
  `updated_at` timestamp NULL DEFAULT NULL,
  `deleted_at` timestamp NULL DEFAULT NULL,
  PRIMARY KEY (`id`)
) ENGINE=InnoDB AUTO_INCREMENT=5 DEFAULT CHARSET=utf8mb4 COLLATE=utf8mb4_unicode_ci;
/*!40101 SET character_set_client = @saved_cs_client */;

--
-- Dumping data for table `vendors`
--

LOCK TABLES `vendors` WRITE;
/*!40000 ALTER TABLE `vendors` DISABLE KEYS */;
INSERT INTO `vendors` VALUES (1,'EmergencyFuel Solutions',1,1,NULL,NULL,NULL),(2,'RescueRefuel Specialists',1,1,NULL,NULL,NULL),(3,'FirstGear Ambulance Parts',1,1,NULL,NULL,NULL),(4,'MediCare Auto Accessories',1,1,NULL,NULL,NULL);
/*!40000 ALTER TABLE `vendors` ENABLE KEYS */;
UNLOCK TABLES;

--
-- Table structure for table `villages`
--

DROP TABLE IF EXISTS `villages`;
/*!40101 SET @saved_cs_client     = @@character_set_client */;
/*!50503 SET character_set_client = utf8mb4 */;
CREATE TABLE `villages` (
  `id` bigint(20) unsigned NOT NULL AUTO_INCREMENT,
  `name` varchar(255) COLLATE utf8mb4_unicode_ci NOT NULL,
  `district_id` bigint(20) unsigned NOT NULL,
  `created_at` timestamp NULL DEFAULT NULL,
  `updated_at` timestamp NULL DEFAULT NULL,
  `deleted_at` timestamp NULL DEFAULT NULL,
  PRIMARY KEY (`id`),
  KEY `villages_district_id_foreign` (`district_id`),
  CONSTRAINT `villages_district_id_foreign` FOREIGN KEY (`district_id`) REFERENCES `districts` (`id`) ON DELETE CASCADE
) ENGINE=InnoDB AUTO_INCREMENT=2 DEFAULT CHARSET=utf8mb4 COLLATE=utf8mb4_unicode_ci;
/*!40101 SET character_set_client = @saved_cs_client */;

--
-- Dumping data for table `villages`
--

LOCK TABLES `villages` WRITE;
/*!40000 ALTER TABLE `villages` DISABLE KEYS */;
INSERT INTO `villages` VALUES (1,'Khatri Khedi',1,NULL,NULL,NULL);
/*!40000 ALTER TABLE `villages` ENABLE KEYS */;
UNLOCK TABLES;
/*!40103 SET TIME_ZONE=@OLD_TIME_ZONE */;

/*!40101 SET SQL_MODE=@OLD_SQL_MODE */;
/*!40014 SET FOREIGN_KEY_CHECKS=@OLD_FOREIGN_KEY_CHECKS */;
/*!40014 SET UNIQUE_CHECKS=@OLD_UNIQUE_CHECKS */;
/*!40101 SET CHARACTER_SET_CLIENT=@OLD_CHARACTER_SET_CLIENT */;
/*!40101 SET CHARACTER_SET_RESULTS=@OLD_CHARACTER_SET_RESULTS */;
/*!40101 SET COLLATION_CONNECTION=@OLD_COLLATION_CONNECTION */;
/*!40111 SET SQL_NOTES=@OLD_SQL_NOTES */;

-- Dump completed on 2024-02-22 15:03:49
